
Smart_Home.elf:     file format elf32-avr

Sections:
Idx Name          Size      VMA       LMA       File off  Algn
  0 .text         000027a8  00000000  00000000  00000094  2**1
                  CONTENTS, ALLOC, LOAD, READONLY, CODE
  1 .data         00000154  00800060  000027a8  0000283c  2**0
                  CONTENTS, ALLOC, LOAD, DATA
  2 .bss          00000001  008001b4  008001b4  00002990  2**0
                  ALLOC
  3 .stab         000029f4  00000000  00000000  00002990  2**2
                  CONTENTS, READONLY, DEBUGGING
  4 .stabstr      000014f6  00000000  00000000  00005384  2**0
                  CONTENTS, READONLY, DEBUGGING
  5 .debug_aranges 000001c0  00000000  00000000  0000687a  2**0
                  CONTENTS, READONLY, DEBUGGING
  6 .debug_pubnames 00000214  00000000  00000000  00006a3a  2**0
                  CONTENTS, READONLY, DEBUGGING
  7 .debug_info   00002612  00000000  00000000  00006c4e  2**0
                  CONTENTS, READONLY, DEBUGGING
  8 .debug_abbrev 000014ce  00000000  00000000  00009260  2**0
                  CONTENTS, READONLY, DEBUGGING
  9 .debug_line   0000130b  00000000  00000000  0000a72e  2**0
                  CONTENTS, READONLY, DEBUGGING
 10 .debug_frame  000001e0  00000000  00000000  0000ba3c  2**2
                  CONTENTS, READONLY, DEBUGGING
 11 .debug_str    00000307  00000000  00000000  0000bc1c  2**0
                  CONTENTS, READONLY, DEBUGGING
 12 .debug_loc    00000a1a  00000000  00000000  0000bf23  2**0
                  CONTENTS, READONLY, DEBUGGING
 13 .debug_ranges 00000050  00000000  00000000  0000c93d  2**0
                  CONTENTS, READONLY, DEBUGGING

Disassembly of section .text:

00000000 <__vectors>:
       0:	0c 94 2a 00 	jmp	0x54	; 0x54 <__ctors_end>
       4:	0c 94 47 00 	jmp	0x8e	; 0x8e <__bad_interrupt>
       8:	0c 94 47 00 	jmp	0x8e	; 0x8e <__bad_interrupt>
       c:	0c 94 47 00 	jmp	0x8e	; 0x8e <__bad_interrupt>
      10:	0c 94 47 00 	jmp	0x8e	; 0x8e <__bad_interrupt>
      14:	0c 94 47 00 	jmp	0x8e	; 0x8e <__bad_interrupt>
      18:	0c 94 47 00 	jmp	0x8e	; 0x8e <__bad_interrupt>
      1c:	0c 94 47 00 	jmp	0x8e	; 0x8e <__bad_interrupt>
      20:	0c 94 47 00 	jmp	0x8e	; 0x8e <__bad_interrupt>
      24:	0c 94 47 00 	jmp	0x8e	; 0x8e <__bad_interrupt>
      28:	0c 94 47 00 	jmp	0x8e	; 0x8e <__bad_interrupt>
      2c:	0c 94 47 00 	jmp	0x8e	; 0x8e <__bad_interrupt>
      30:	0c 94 47 00 	jmp	0x8e	; 0x8e <__bad_interrupt>
      34:	0c 94 47 00 	jmp	0x8e	; 0x8e <__bad_interrupt>
      38:	0c 94 47 00 	jmp	0x8e	; 0x8e <__bad_interrupt>
      3c:	0c 94 47 00 	jmp	0x8e	; 0x8e <__bad_interrupt>
      40:	0c 94 47 00 	jmp	0x8e	; 0x8e <__bad_interrupt>
      44:	0c 94 47 00 	jmp	0x8e	; 0x8e <__bad_interrupt>
      48:	0c 94 47 00 	jmp	0x8e	; 0x8e <__bad_interrupt>
      4c:	0c 94 47 00 	jmp	0x8e	; 0x8e <__bad_interrupt>
      50:	0c 94 47 00 	jmp	0x8e	; 0x8e <__bad_interrupt>

00000054 <__ctors_end>:
      54:	11 24       	eor	r1, r1
      56:	1f be       	out	0x3f, r1	; 63
      58:	cf e5       	ldi	r28, 0x5F	; 95
      5a:	d8 e0       	ldi	r29, 0x08	; 8
      5c:	de bf       	out	0x3e, r29	; 62
      5e:	cd bf       	out	0x3d, r28	; 61

00000060 <__do_copy_data>:
      60:	11 e0       	ldi	r17, 0x01	; 1
      62:	a0 e6       	ldi	r26, 0x60	; 96
      64:	b0 e0       	ldi	r27, 0x00	; 0
      66:	e8 ea       	ldi	r30, 0xA8	; 168
      68:	f7 e2       	ldi	r31, 0x27	; 39
      6a:	02 c0       	rjmp	.+4      	; 0x70 <.do_copy_data_start>

0000006c <.do_copy_data_loop>:
      6c:	05 90       	lpm	r0, Z+
      6e:	0d 92       	st	X+, r0

00000070 <.do_copy_data_start>:
      70:	a4 3b       	cpi	r26, 0xB4	; 180
      72:	b1 07       	cpc	r27, r17
      74:	d9 f7       	brne	.-10     	; 0x6c <.do_copy_data_loop>

00000076 <__do_clear_bss>:
      76:	11 e0       	ldi	r17, 0x01	; 1
      78:	a4 eb       	ldi	r26, 0xB4	; 180
      7a:	b1 e0       	ldi	r27, 0x01	; 1
      7c:	01 c0       	rjmp	.+2      	; 0x80 <.do_clear_bss_start>

0000007e <.do_clear_bss_loop>:
      7e:	1d 92       	st	X+, r1

00000080 <.do_clear_bss_start>:
      80:	a5 3b       	cpi	r26, 0xB5	; 181
      82:	b1 07       	cpc	r27, r17
      84:	e1 f7       	brne	.-8      	; 0x7e <.do_clear_bss_loop>
      86:	0e 94 fc 12 	call	0x25f8	; 0x25f8 <main>
      8a:	0c 94 d2 13 	jmp	0x27a4	; 0x27a4 <_exit>

0000008e <__bad_interrupt>:
      8e:	0c 94 00 00 	jmp	0	; 0x0 <__vectors>

00000092 <__fixunssfsi>:
      92:	ef 92       	push	r14
      94:	ff 92       	push	r15
      96:	0f 93       	push	r16
      98:	1f 93       	push	r17
      9a:	7b 01       	movw	r14, r22
      9c:	8c 01       	movw	r16, r24
      9e:	20 e0       	ldi	r18, 0x00	; 0
      a0:	30 e0       	ldi	r19, 0x00	; 0
      a2:	40 e0       	ldi	r20, 0x00	; 0
      a4:	5f e4       	ldi	r21, 0x4F	; 79
      a6:	0e 94 f5 03 	call	0x7ea	; 0x7ea <__gesf2>
      aa:	88 23       	and	r24, r24
      ac:	8c f0       	brlt	.+34     	; 0xd0 <__fixunssfsi+0x3e>
      ae:	c8 01       	movw	r24, r16
      b0:	b7 01       	movw	r22, r14
      b2:	20 e0       	ldi	r18, 0x00	; 0
      b4:	30 e0       	ldi	r19, 0x00	; 0
      b6:	40 e0       	ldi	r20, 0x00	; 0
      b8:	5f e4       	ldi	r21, 0x4F	; 79
      ba:	0e 94 c1 01 	call	0x382	; 0x382 <__subsf3>
      be:	0e 94 b3 04 	call	0x966	; 0x966 <__fixsfsi>
      c2:	9b 01       	movw	r18, r22
      c4:	ac 01       	movw	r20, r24
      c6:	20 50       	subi	r18, 0x00	; 0
      c8:	30 40       	sbci	r19, 0x00	; 0
      ca:	40 40       	sbci	r20, 0x00	; 0
      cc:	50 48       	sbci	r21, 0x80	; 128
      ce:	06 c0       	rjmp	.+12     	; 0xdc <__fixunssfsi+0x4a>
      d0:	c8 01       	movw	r24, r16
      d2:	b7 01       	movw	r22, r14
      d4:	0e 94 b3 04 	call	0x966	; 0x966 <__fixsfsi>
      d8:	9b 01       	movw	r18, r22
      da:	ac 01       	movw	r20, r24
      dc:	b9 01       	movw	r22, r18
      de:	ca 01       	movw	r24, r20
      e0:	1f 91       	pop	r17
      e2:	0f 91       	pop	r16
      e4:	ff 90       	pop	r15
      e6:	ef 90       	pop	r14
      e8:	08 95       	ret

000000ea <_fpadd_parts>:
      ea:	a0 e0       	ldi	r26, 0x00	; 0
      ec:	b0 e0       	ldi	r27, 0x00	; 0
      ee:	eb e7       	ldi	r30, 0x7B	; 123
      f0:	f0 e0       	ldi	r31, 0x00	; 0
      f2:	0c 94 56 13 	jmp	0x26ac	; 0x26ac <__prologue_saves__>
      f6:	dc 01       	movw	r26, r24
      f8:	2b 01       	movw	r4, r22
      fa:	fa 01       	movw	r30, r20
      fc:	9c 91       	ld	r25, X
      fe:	92 30       	cpi	r25, 0x02	; 2
     100:	08 f4       	brcc	.+2      	; 0x104 <_fpadd_parts+0x1a>
     102:	39 c1       	rjmp	.+626    	; 0x376 <_fpadd_parts+0x28c>
     104:	eb 01       	movw	r28, r22
     106:	88 81       	ld	r24, Y
     108:	82 30       	cpi	r24, 0x02	; 2
     10a:	08 f4       	brcc	.+2      	; 0x10e <_fpadd_parts+0x24>
     10c:	33 c1       	rjmp	.+614    	; 0x374 <_fpadd_parts+0x28a>
     10e:	94 30       	cpi	r25, 0x04	; 4
     110:	69 f4       	brne	.+26     	; 0x12c <_fpadd_parts+0x42>
     112:	84 30       	cpi	r24, 0x04	; 4
     114:	09 f0       	breq	.+2      	; 0x118 <_fpadd_parts+0x2e>
     116:	2f c1       	rjmp	.+606    	; 0x376 <_fpadd_parts+0x28c>
     118:	11 96       	adiw	r26, 0x01	; 1
     11a:	9c 91       	ld	r25, X
     11c:	11 97       	sbiw	r26, 0x01	; 1
     11e:	89 81       	ldd	r24, Y+1	; 0x01
     120:	98 17       	cp	r25, r24
     122:	09 f4       	brne	.+2      	; 0x126 <_fpadd_parts+0x3c>
     124:	28 c1       	rjmp	.+592    	; 0x376 <_fpadd_parts+0x28c>
     126:	a5 ea       	ldi	r26, 0xA5	; 165
     128:	b0 e0       	ldi	r27, 0x00	; 0
     12a:	25 c1       	rjmp	.+586    	; 0x376 <_fpadd_parts+0x28c>
     12c:	84 30       	cpi	r24, 0x04	; 4
     12e:	09 f4       	brne	.+2      	; 0x132 <_fpadd_parts+0x48>
     130:	21 c1       	rjmp	.+578    	; 0x374 <_fpadd_parts+0x28a>
     132:	82 30       	cpi	r24, 0x02	; 2
     134:	a9 f4       	brne	.+42     	; 0x160 <_fpadd_parts+0x76>
     136:	92 30       	cpi	r25, 0x02	; 2
     138:	09 f0       	breq	.+2      	; 0x13c <_fpadd_parts+0x52>
     13a:	1d c1       	rjmp	.+570    	; 0x376 <_fpadd_parts+0x28c>
     13c:	9a 01       	movw	r18, r20
     13e:	ad 01       	movw	r20, r26
     140:	88 e0       	ldi	r24, 0x08	; 8
     142:	ea 01       	movw	r28, r20
     144:	09 90       	ld	r0, Y+
     146:	ae 01       	movw	r20, r28
     148:	e9 01       	movw	r28, r18
     14a:	09 92       	st	Y+, r0
     14c:	9e 01       	movw	r18, r28
     14e:	81 50       	subi	r24, 0x01	; 1
     150:	c1 f7       	brne	.-16     	; 0x142 <_fpadd_parts+0x58>
     152:	e2 01       	movw	r28, r4
     154:	89 81       	ldd	r24, Y+1	; 0x01
     156:	11 96       	adiw	r26, 0x01	; 1
     158:	9c 91       	ld	r25, X
     15a:	89 23       	and	r24, r25
     15c:	81 83       	std	Z+1, r24	; 0x01
     15e:	08 c1       	rjmp	.+528    	; 0x370 <_fpadd_parts+0x286>
     160:	92 30       	cpi	r25, 0x02	; 2
     162:	09 f4       	brne	.+2      	; 0x166 <_fpadd_parts+0x7c>
     164:	07 c1       	rjmp	.+526    	; 0x374 <_fpadd_parts+0x28a>
     166:	12 96       	adiw	r26, 0x02	; 2
     168:	2d 90       	ld	r2, X+
     16a:	3c 90       	ld	r3, X
     16c:	13 97       	sbiw	r26, 0x03	; 3
     16e:	eb 01       	movw	r28, r22
     170:	8a 81       	ldd	r24, Y+2	; 0x02
     172:	9b 81       	ldd	r25, Y+3	; 0x03
     174:	14 96       	adiw	r26, 0x04	; 4
     176:	ad 90       	ld	r10, X+
     178:	bd 90       	ld	r11, X+
     17a:	cd 90       	ld	r12, X+
     17c:	dc 90       	ld	r13, X
     17e:	17 97       	sbiw	r26, 0x07	; 7
     180:	ec 80       	ldd	r14, Y+4	; 0x04
     182:	fd 80       	ldd	r15, Y+5	; 0x05
     184:	0e 81       	ldd	r16, Y+6	; 0x06
     186:	1f 81       	ldd	r17, Y+7	; 0x07
     188:	91 01       	movw	r18, r2
     18a:	28 1b       	sub	r18, r24
     18c:	39 0b       	sbc	r19, r25
     18e:	b9 01       	movw	r22, r18
     190:	37 ff       	sbrs	r19, 7
     192:	04 c0       	rjmp	.+8      	; 0x19c <_fpadd_parts+0xb2>
     194:	66 27       	eor	r22, r22
     196:	77 27       	eor	r23, r23
     198:	62 1b       	sub	r22, r18
     19a:	73 0b       	sbc	r23, r19
     19c:	60 32       	cpi	r22, 0x20	; 32
     19e:	71 05       	cpc	r23, r1
     1a0:	0c f0       	brlt	.+2      	; 0x1a4 <_fpadd_parts+0xba>
     1a2:	61 c0       	rjmp	.+194    	; 0x266 <_fpadd_parts+0x17c>
     1a4:	12 16       	cp	r1, r18
     1a6:	13 06       	cpc	r1, r19
     1a8:	6c f5       	brge	.+90     	; 0x204 <_fpadd_parts+0x11a>
     1aa:	37 01       	movw	r6, r14
     1ac:	48 01       	movw	r8, r16
     1ae:	06 2e       	mov	r0, r22
     1b0:	04 c0       	rjmp	.+8      	; 0x1ba <_fpadd_parts+0xd0>
     1b2:	96 94       	lsr	r9
     1b4:	87 94       	ror	r8
     1b6:	77 94       	ror	r7
     1b8:	67 94       	ror	r6
     1ba:	0a 94       	dec	r0
     1bc:	d2 f7       	brpl	.-12     	; 0x1b2 <_fpadd_parts+0xc8>
     1be:	21 e0       	ldi	r18, 0x01	; 1
     1c0:	30 e0       	ldi	r19, 0x00	; 0
     1c2:	40 e0       	ldi	r20, 0x00	; 0
     1c4:	50 e0       	ldi	r21, 0x00	; 0
     1c6:	04 c0       	rjmp	.+8      	; 0x1d0 <_fpadd_parts+0xe6>
     1c8:	22 0f       	add	r18, r18
     1ca:	33 1f       	adc	r19, r19
     1cc:	44 1f       	adc	r20, r20
     1ce:	55 1f       	adc	r21, r21
     1d0:	6a 95       	dec	r22
     1d2:	d2 f7       	brpl	.-12     	; 0x1c8 <_fpadd_parts+0xde>
     1d4:	21 50       	subi	r18, 0x01	; 1
     1d6:	30 40       	sbci	r19, 0x00	; 0
     1d8:	40 40       	sbci	r20, 0x00	; 0
     1da:	50 40       	sbci	r21, 0x00	; 0
     1dc:	2e 21       	and	r18, r14
     1de:	3f 21       	and	r19, r15
     1e0:	40 23       	and	r20, r16
     1e2:	51 23       	and	r21, r17
     1e4:	21 15       	cp	r18, r1
     1e6:	31 05       	cpc	r19, r1
     1e8:	41 05       	cpc	r20, r1
     1ea:	51 05       	cpc	r21, r1
     1ec:	21 f0       	breq	.+8      	; 0x1f6 <_fpadd_parts+0x10c>
     1ee:	21 e0       	ldi	r18, 0x01	; 1
     1f0:	30 e0       	ldi	r19, 0x00	; 0
     1f2:	40 e0       	ldi	r20, 0x00	; 0
     1f4:	50 e0       	ldi	r21, 0x00	; 0
     1f6:	79 01       	movw	r14, r18
     1f8:	8a 01       	movw	r16, r20
     1fa:	e6 28       	or	r14, r6
     1fc:	f7 28       	or	r15, r7
     1fe:	08 29       	or	r16, r8
     200:	19 29       	or	r17, r9
     202:	3c c0       	rjmp	.+120    	; 0x27c <_fpadd_parts+0x192>
     204:	23 2b       	or	r18, r19
     206:	d1 f1       	breq	.+116    	; 0x27c <_fpadd_parts+0x192>
     208:	26 0e       	add	r2, r22
     20a:	37 1e       	adc	r3, r23
     20c:	35 01       	movw	r6, r10
     20e:	46 01       	movw	r8, r12
     210:	06 2e       	mov	r0, r22
     212:	04 c0       	rjmp	.+8      	; 0x21c <_fpadd_parts+0x132>
     214:	96 94       	lsr	r9
     216:	87 94       	ror	r8
     218:	77 94       	ror	r7
     21a:	67 94       	ror	r6
     21c:	0a 94       	dec	r0
     21e:	d2 f7       	brpl	.-12     	; 0x214 <_fpadd_parts+0x12a>
     220:	21 e0       	ldi	r18, 0x01	; 1
     222:	30 e0       	ldi	r19, 0x00	; 0
     224:	40 e0       	ldi	r20, 0x00	; 0
     226:	50 e0       	ldi	r21, 0x00	; 0
     228:	04 c0       	rjmp	.+8      	; 0x232 <_fpadd_parts+0x148>
     22a:	22 0f       	add	r18, r18
     22c:	33 1f       	adc	r19, r19
     22e:	44 1f       	adc	r20, r20
     230:	55 1f       	adc	r21, r21
     232:	6a 95       	dec	r22
     234:	d2 f7       	brpl	.-12     	; 0x22a <_fpadd_parts+0x140>
     236:	21 50       	subi	r18, 0x01	; 1
     238:	30 40       	sbci	r19, 0x00	; 0
     23a:	40 40       	sbci	r20, 0x00	; 0
     23c:	50 40       	sbci	r21, 0x00	; 0
     23e:	2a 21       	and	r18, r10
     240:	3b 21       	and	r19, r11
     242:	4c 21       	and	r20, r12
     244:	5d 21       	and	r21, r13
     246:	21 15       	cp	r18, r1
     248:	31 05       	cpc	r19, r1
     24a:	41 05       	cpc	r20, r1
     24c:	51 05       	cpc	r21, r1
     24e:	21 f0       	breq	.+8      	; 0x258 <_fpadd_parts+0x16e>
     250:	21 e0       	ldi	r18, 0x01	; 1
     252:	30 e0       	ldi	r19, 0x00	; 0
     254:	40 e0       	ldi	r20, 0x00	; 0
     256:	50 e0       	ldi	r21, 0x00	; 0
     258:	59 01       	movw	r10, r18
     25a:	6a 01       	movw	r12, r20
     25c:	a6 28       	or	r10, r6
     25e:	b7 28       	or	r11, r7
     260:	c8 28       	or	r12, r8
     262:	d9 28       	or	r13, r9
     264:	0b c0       	rjmp	.+22     	; 0x27c <_fpadd_parts+0x192>
     266:	82 15       	cp	r24, r2
     268:	93 05       	cpc	r25, r3
     26a:	2c f0       	brlt	.+10     	; 0x276 <_fpadd_parts+0x18c>
     26c:	1c 01       	movw	r2, r24
     26e:	aa 24       	eor	r10, r10
     270:	bb 24       	eor	r11, r11
     272:	65 01       	movw	r12, r10
     274:	03 c0       	rjmp	.+6      	; 0x27c <_fpadd_parts+0x192>
     276:	ee 24       	eor	r14, r14
     278:	ff 24       	eor	r15, r15
     27a:	87 01       	movw	r16, r14
     27c:	11 96       	adiw	r26, 0x01	; 1
     27e:	9c 91       	ld	r25, X
     280:	d2 01       	movw	r26, r4
     282:	11 96       	adiw	r26, 0x01	; 1
     284:	8c 91       	ld	r24, X
     286:	98 17       	cp	r25, r24
     288:	09 f4       	brne	.+2      	; 0x28c <_fpadd_parts+0x1a2>
     28a:	45 c0       	rjmp	.+138    	; 0x316 <_fpadd_parts+0x22c>
     28c:	99 23       	and	r25, r25
     28e:	39 f0       	breq	.+14     	; 0x29e <_fpadd_parts+0x1b4>
     290:	a8 01       	movw	r20, r16
     292:	97 01       	movw	r18, r14
     294:	2a 19       	sub	r18, r10
     296:	3b 09       	sbc	r19, r11
     298:	4c 09       	sbc	r20, r12
     29a:	5d 09       	sbc	r21, r13
     29c:	06 c0       	rjmp	.+12     	; 0x2aa <_fpadd_parts+0x1c0>
     29e:	a6 01       	movw	r20, r12
     2a0:	95 01       	movw	r18, r10
     2a2:	2e 19       	sub	r18, r14
     2a4:	3f 09       	sbc	r19, r15
     2a6:	40 0b       	sbc	r20, r16
     2a8:	51 0b       	sbc	r21, r17
     2aa:	57 fd       	sbrc	r21, 7
     2ac:	08 c0       	rjmp	.+16     	; 0x2be <_fpadd_parts+0x1d4>
     2ae:	11 82       	std	Z+1, r1	; 0x01
     2b0:	33 82       	std	Z+3, r3	; 0x03
     2b2:	22 82       	std	Z+2, r2	; 0x02
     2b4:	24 83       	std	Z+4, r18	; 0x04
     2b6:	35 83       	std	Z+5, r19	; 0x05
     2b8:	46 83       	std	Z+6, r20	; 0x06
     2ba:	57 83       	std	Z+7, r21	; 0x07
     2bc:	1d c0       	rjmp	.+58     	; 0x2f8 <_fpadd_parts+0x20e>
     2be:	81 e0       	ldi	r24, 0x01	; 1
     2c0:	81 83       	std	Z+1, r24	; 0x01
     2c2:	33 82       	std	Z+3, r3	; 0x03
     2c4:	22 82       	std	Z+2, r2	; 0x02
     2c6:	88 27       	eor	r24, r24
     2c8:	99 27       	eor	r25, r25
     2ca:	dc 01       	movw	r26, r24
     2cc:	82 1b       	sub	r24, r18
     2ce:	93 0b       	sbc	r25, r19
     2d0:	a4 0b       	sbc	r26, r20
     2d2:	b5 0b       	sbc	r27, r21
     2d4:	84 83       	std	Z+4, r24	; 0x04
     2d6:	95 83       	std	Z+5, r25	; 0x05
     2d8:	a6 83       	std	Z+6, r26	; 0x06
     2da:	b7 83       	std	Z+7, r27	; 0x07
     2dc:	0d c0       	rjmp	.+26     	; 0x2f8 <_fpadd_parts+0x20e>
     2de:	22 0f       	add	r18, r18
     2e0:	33 1f       	adc	r19, r19
     2e2:	44 1f       	adc	r20, r20
     2e4:	55 1f       	adc	r21, r21
     2e6:	24 83       	std	Z+4, r18	; 0x04
     2e8:	35 83       	std	Z+5, r19	; 0x05
     2ea:	46 83       	std	Z+6, r20	; 0x06
     2ec:	57 83       	std	Z+7, r21	; 0x07
     2ee:	82 81       	ldd	r24, Z+2	; 0x02
     2f0:	93 81       	ldd	r25, Z+3	; 0x03
     2f2:	01 97       	sbiw	r24, 0x01	; 1
     2f4:	93 83       	std	Z+3, r25	; 0x03
     2f6:	82 83       	std	Z+2, r24	; 0x02
     2f8:	24 81       	ldd	r18, Z+4	; 0x04
     2fa:	35 81       	ldd	r19, Z+5	; 0x05
     2fc:	46 81       	ldd	r20, Z+6	; 0x06
     2fe:	57 81       	ldd	r21, Z+7	; 0x07
     300:	da 01       	movw	r26, r20
     302:	c9 01       	movw	r24, r18
     304:	01 97       	sbiw	r24, 0x01	; 1
     306:	a1 09       	sbc	r26, r1
     308:	b1 09       	sbc	r27, r1
     30a:	8f 5f       	subi	r24, 0xFF	; 255
     30c:	9f 4f       	sbci	r25, 0xFF	; 255
     30e:	af 4f       	sbci	r26, 0xFF	; 255
     310:	bf 43       	sbci	r27, 0x3F	; 63
     312:	28 f3       	brcs	.-54     	; 0x2de <_fpadd_parts+0x1f4>
     314:	0b c0       	rjmp	.+22     	; 0x32c <_fpadd_parts+0x242>
     316:	91 83       	std	Z+1, r25	; 0x01
     318:	33 82       	std	Z+3, r3	; 0x03
     31a:	22 82       	std	Z+2, r2	; 0x02
     31c:	ea 0c       	add	r14, r10
     31e:	fb 1c       	adc	r15, r11
     320:	0c 1d       	adc	r16, r12
     322:	1d 1d       	adc	r17, r13
     324:	e4 82       	std	Z+4, r14	; 0x04
     326:	f5 82       	std	Z+5, r15	; 0x05
     328:	06 83       	std	Z+6, r16	; 0x06
     32a:	17 83       	std	Z+7, r17	; 0x07
     32c:	83 e0       	ldi	r24, 0x03	; 3
     32e:	80 83       	st	Z, r24
     330:	24 81       	ldd	r18, Z+4	; 0x04
     332:	35 81       	ldd	r19, Z+5	; 0x05
     334:	46 81       	ldd	r20, Z+6	; 0x06
     336:	57 81       	ldd	r21, Z+7	; 0x07
     338:	57 ff       	sbrs	r21, 7
     33a:	1a c0       	rjmp	.+52     	; 0x370 <_fpadd_parts+0x286>
     33c:	c9 01       	movw	r24, r18
     33e:	aa 27       	eor	r26, r26
     340:	97 fd       	sbrc	r25, 7
     342:	a0 95       	com	r26
     344:	ba 2f       	mov	r27, r26
     346:	81 70       	andi	r24, 0x01	; 1
     348:	90 70       	andi	r25, 0x00	; 0
     34a:	a0 70       	andi	r26, 0x00	; 0
     34c:	b0 70       	andi	r27, 0x00	; 0
     34e:	56 95       	lsr	r21
     350:	47 95       	ror	r20
     352:	37 95       	ror	r19
     354:	27 95       	ror	r18
     356:	82 2b       	or	r24, r18
     358:	93 2b       	or	r25, r19
     35a:	a4 2b       	or	r26, r20
     35c:	b5 2b       	or	r27, r21
     35e:	84 83       	std	Z+4, r24	; 0x04
     360:	95 83       	std	Z+5, r25	; 0x05
     362:	a6 83       	std	Z+6, r26	; 0x06
     364:	b7 83       	std	Z+7, r27	; 0x07
     366:	82 81       	ldd	r24, Z+2	; 0x02
     368:	93 81       	ldd	r25, Z+3	; 0x03
     36a:	01 96       	adiw	r24, 0x01	; 1
     36c:	93 83       	std	Z+3, r25	; 0x03
     36e:	82 83       	std	Z+2, r24	; 0x02
     370:	df 01       	movw	r26, r30
     372:	01 c0       	rjmp	.+2      	; 0x376 <_fpadd_parts+0x28c>
     374:	d2 01       	movw	r26, r4
     376:	cd 01       	movw	r24, r26
     378:	cd b7       	in	r28, 0x3d	; 61
     37a:	de b7       	in	r29, 0x3e	; 62
     37c:	e2 e1       	ldi	r30, 0x12	; 18
     37e:	0c 94 72 13 	jmp	0x26e4	; 0x26e4 <__epilogue_restores__>

00000382 <__subsf3>:
     382:	a0 e2       	ldi	r26, 0x20	; 32
     384:	b0 e0       	ldi	r27, 0x00	; 0
     386:	e7 ec       	ldi	r30, 0xC7	; 199
     388:	f1 e0       	ldi	r31, 0x01	; 1
     38a:	0c 94 62 13 	jmp	0x26c4	; 0x26c4 <__prologue_saves__+0x18>
     38e:	69 83       	std	Y+1, r22	; 0x01
     390:	7a 83       	std	Y+2, r23	; 0x02
     392:	8b 83       	std	Y+3, r24	; 0x03
     394:	9c 83       	std	Y+4, r25	; 0x04
     396:	2d 83       	std	Y+5, r18	; 0x05
     398:	3e 83       	std	Y+6, r19	; 0x06
     39a:	4f 83       	std	Y+7, r20	; 0x07
     39c:	58 87       	std	Y+8, r21	; 0x08
     39e:	e9 e0       	ldi	r30, 0x09	; 9
     3a0:	ee 2e       	mov	r14, r30
     3a2:	f1 2c       	mov	r15, r1
     3a4:	ec 0e       	add	r14, r28
     3a6:	fd 1e       	adc	r15, r29
     3a8:	ce 01       	movw	r24, r28
     3aa:	01 96       	adiw	r24, 0x01	; 1
     3ac:	b7 01       	movw	r22, r14
     3ae:	0e 94 a4 06 	call	0xd48	; 0xd48 <__unpack_f>
     3b2:	8e 01       	movw	r16, r28
     3b4:	0f 5e       	subi	r16, 0xEF	; 239
     3b6:	1f 4f       	sbci	r17, 0xFF	; 255
     3b8:	ce 01       	movw	r24, r28
     3ba:	05 96       	adiw	r24, 0x05	; 5
     3bc:	b8 01       	movw	r22, r16
     3be:	0e 94 a4 06 	call	0xd48	; 0xd48 <__unpack_f>
     3c2:	8a 89       	ldd	r24, Y+18	; 0x12
     3c4:	91 e0       	ldi	r25, 0x01	; 1
     3c6:	89 27       	eor	r24, r25
     3c8:	8a 8b       	std	Y+18, r24	; 0x12
     3ca:	c7 01       	movw	r24, r14
     3cc:	b8 01       	movw	r22, r16
     3ce:	ae 01       	movw	r20, r28
     3d0:	47 5e       	subi	r20, 0xE7	; 231
     3d2:	5f 4f       	sbci	r21, 0xFF	; 255
     3d4:	0e 94 75 00 	call	0xea	; 0xea <_fpadd_parts>
     3d8:	0e 94 cf 05 	call	0xb9e	; 0xb9e <__pack_f>
     3dc:	a0 96       	adiw	r28, 0x20	; 32
     3de:	e6 e0       	ldi	r30, 0x06	; 6
     3e0:	0c 94 7e 13 	jmp	0x26fc	; 0x26fc <__epilogue_restores__+0x18>

000003e4 <__addsf3>:
     3e4:	a0 e2       	ldi	r26, 0x20	; 32
     3e6:	b0 e0       	ldi	r27, 0x00	; 0
     3e8:	e8 ef       	ldi	r30, 0xF8	; 248
     3ea:	f1 e0       	ldi	r31, 0x01	; 1
     3ec:	0c 94 62 13 	jmp	0x26c4	; 0x26c4 <__prologue_saves__+0x18>
     3f0:	69 83       	std	Y+1, r22	; 0x01
     3f2:	7a 83       	std	Y+2, r23	; 0x02
     3f4:	8b 83       	std	Y+3, r24	; 0x03
     3f6:	9c 83       	std	Y+4, r25	; 0x04
     3f8:	2d 83       	std	Y+5, r18	; 0x05
     3fa:	3e 83       	std	Y+6, r19	; 0x06
     3fc:	4f 83       	std	Y+7, r20	; 0x07
     3fe:	58 87       	std	Y+8, r21	; 0x08
     400:	f9 e0       	ldi	r31, 0x09	; 9
     402:	ef 2e       	mov	r14, r31
     404:	f1 2c       	mov	r15, r1
     406:	ec 0e       	add	r14, r28
     408:	fd 1e       	adc	r15, r29
     40a:	ce 01       	movw	r24, r28
     40c:	01 96       	adiw	r24, 0x01	; 1
     40e:	b7 01       	movw	r22, r14
     410:	0e 94 a4 06 	call	0xd48	; 0xd48 <__unpack_f>
     414:	8e 01       	movw	r16, r28
     416:	0f 5e       	subi	r16, 0xEF	; 239
     418:	1f 4f       	sbci	r17, 0xFF	; 255
     41a:	ce 01       	movw	r24, r28
     41c:	05 96       	adiw	r24, 0x05	; 5
     41e:	b8 01       	movw	r22, r16
     420:	0e 94 a4 06 	call	0xd48	; 0xd48 <__unpack_f>
     424:	c7 01       	movw	r24, r14
     426:	b8 01       	movw	r22, r16
     428:	ae 01       	movw	r20, r28
     42a:	47 5e       	subi	r20, 0xE7	; 231
     42c:	5f 4f       	sbci	r21, 0xFF	; 255
     42e:	0e 94 75 00 	call	0xea	; 0xea <_fpadd_parts>
     432:	0e 94 cf 05 	call	0xb9e	; 0xb9e <__pack_f>
     436:	a0 96       	adiw	r28, 0x20	; 32
     438:	e6 e0       	ldi	r30, 0x06	; 6
     43a:	0c 94 7e 13 	jmp	0x26fc	; 0x26fc <__epilogue_restores__+0x18>

0000043e <__mulsf3>:
     43e:	a0 e2       	ldi	r26, 0x20	; 32
     440:	b0 e0       	ldi	r27, 0x00	; 0
     442:	e5 e2       	ldi	r30, 0x25	; 37
     444:	f2 e0       	ldi	r31, 0x02	; 2
     446:	0c 94 56 13 	jmp	0x26ac	; 0x26ac <__prologue_saves__>
     44a:	69 83       	std	Y+1, r22	; 0x01
     44c:	7a 83       	std	Y+2, r23	; 0x02
     44e:	8b 83       	std	Y+3, r24	; 0x03
     450:	9c 83       	std	Y+4, r25	; 0x04
     452:	2d 83       	std	Y+5, r18	; 0x05
     454:	3e 83       	std	Y+6, r19	; 0x06
     456:	4f 83       	std	Y+7, r20	; 0x07
     458:	58 87       	std	Y+8, r21	; 0x08
     45a:	ce 01       	movw	r24, r28
     45c:	01 96       	adiw	r24, 0x01	; 1
     45e:	be 01       	movw	r22, r28
     460:	67 5f       	subi	r22, 0xF7	; 247
     462:	7f 4f       	sbci	r23, 0xFF	; 255
     464:	0e 94 a4 06 	call	0xd48	; 0xd48 <__unpack_f>
     468:	ce 01       	movw	r24, r28
     46a:	05 96       	adiw	r24, 0x05	; 5
     46c:	be 01       	movw	r22, r28
     46e:	6f 5e       	subi	r22, 0xEF	; 239
     470:	7f 4f       	sbci	r23, 0xFF	; 255
     472:	0e 94 a4 06 	call	0xd48	; 0xd48 <__unpack_f>
     476:	99 85       	ldd	r25, Y+9	; 0x09
     478:	92 30       	cpi	r25, 0x02	; 2
     47a:	88 f0       	brcs	.+34     	; 0x49e <__mulsf3+0x60>
     47c:	89 89       	ldd	r24, Y+17	; 0x11
     47e:	82 30       	cpi	r24, 0x02	; 2
     480:	c8 f0       	brcs	.+50     	; 0x4b4 <__mulsf3+0x76>
     482:	94 30       	cpi	r25, 0x04	; 4
     484:	19 f4       	brne	.+6      	; 0x48c <__mulsf3+0x4e>
     486:	82 30       	cpi	r24, 0x02	; 2
     488:	51 f4       	brne	.+20     	; 0x49e <__mulsf3+0x60>
     48a:	04 c0       	rjmp	.+8      	; 0x494 <__mulsf3+0x56>
     48c:	84 30       	cpi	r24, 0x04	; 4
     48e:	29 f4       	brne	.+10     	; 0x49a <__mulsf3+0x5c>
     490:	92 30       	cpi	r25, 0x02	; 2
     492:	81 f4       	brne	.+32     	; 0x4b4 <__mulsf3+0x76>
     494:	85 ea       	ldi	r24, 0xA5	; 165
     496:	90 e0       	ldi	r25, 0x00	; 0
     498:	c6 c0       	rjmp	.+396    	; 0x626 <__mulsf3+0x1e8>
     49a:	92 30       	cpi	r25, 0x02	; 2
     49c:	49 f4       	brne	.+18     	; 0x4b0 <__mulsf3+0x72>
     49e:	20 e0       	ldi	r18, 0x00	; 0
     4a0:	9a 85       	ldd	r25, Y+10	; 0x0a
     4a2:	8a 89       	ldd	r24, Y+18	; 0x12
     4a4:	98 13       	cpse	r25, r24
     4a6:	21 e0       	ldi	r18, 0x01	; 1
     4a8:	2a 87       	std	Y+10, r18	; 0x0a
     4aa:	ce 01       	movw	r24, r28
     4ac:	09 96       	adiw	r24, 0x09	; 9
     4ae:	bb c0       	rjmp	.+374    	; 0x626 <__mulsf3+0x1e8>
     4b0:	82 30       	cpi	r24, 0x02	; 2
     4b2:	49 f4       	brne	.+18     	; 0x4c6 <__mulsf3+0x88>
     4b4:	20 e0       	ldi	r18, 0x00	; 0
     4b6:	9a 85       	ldd	r25, Y+10	; 0x0a
     4b8:	8a 89       	ldd	r24, Y+18	; 0x12
     4ba:	98 13       	cpse	r25, r24
     4bc:	21 e0       	ldi	r18, 0x01	; 1
     4be:	2a 8b       	std	Y+18, r18	; 0x12
     4c0:	ce 01       	movw	r24, r28
     4c2:	41 96       	adiw	r24, 0x11	; 17
     4c4:	b0 c0       	rjmp	.+352    	; 0x626 <__mulsf3+0x1e8>
     4c6:	2d 84       	ldd	r2, Y+13	; 0x0d
     4c8:	3e 84       	ldd	r3, Y+14	; 0x0e
     4ca:	4f 84       	ldd	r4, Y+15	; 0x0f
     4cc:	58 88       	ldd	r5, Y+16	; 0x10
     4ce:	6d 88       	ldd	r6, Y+21	; 0x15
     4d0:	7e 88       	ldd	r7, Y+22	; 0x16
     4d2:	8f 88       	ldd	r8, Y+23	; 0x17
     4d4:	98 8c       	ldd	r9, Y+24	; 0x18
     4d6:	ee 24       	eor	r14, r14
     4d8:	ff 24       	eor	r15, r15
     4da:	87 01       	movw	r16, r14
     4dc:	aa 24       	eor	r10, r10
     4de:	bb 24       	eor	r11, r11
     4e0:	65 01       	movw	r12, r10
     4e2:	40 e0       	ldi	r20, 0x00	; 0
     4e4:	50 e0       	ldi	r21, 0x00	; 0
     4e6:	60 e0       	ldi	r22, 0x00	; 0
     4e8:	70 e0       	ldi	r23, 0x00	; 0
     4ea:	e0 e0       	ldi	r30, 0x00	; 0
     4ec:	f0 e0       	ldi	r31, 0x00	; 0
     4ee:	c1 01       	movw	r24, r2
     4f0:	81 70       	andi	r24, 0x01	; 1
     4f2:	90 70       	andi	r25, 0x00	; 0
     4f4:	89 2b       	or	r24, r25
     4f6:	e9 f0       	breq	.+58     	; 0x532 <__mulsf3+0xf4>
     4f8:	e6 0c       	add	r14, r6
     4fa:	f7 1c       	adc	r15, r7
     4fc:	08 1d       	adc	r16, r8
     4fe:	19 1d       	adc	r17, r9
     500:	9a 01       	movw	r18, r20
     502:	ab 01       	movw	r20, r22
     504:	2a 0d       	add	r18, r10
     506:	3b 1d       	adc	r19, r11
     508:	4c 1d       	adc	r20, r12
     50a:	5d 1d       	adc	r21, r13
     50c:	80 e0       	ldi	r24, 0x00	; 0
     50e:	90 e0       	ldi	r25, 0x00	; 0
     510:	a0 e0       	ldi	r26, 0x00	; 0
     512:	b0 e0       	ldi	r27, 0x00	; 0
     514:	e6 14       	cp	r14, r6
     516:	f7 04       	cpc	r15, r7
     518:	08 05       	cpc	r16, r8
     51a:	19 05       	cpc	r17, r9
     51c:	20 f4       	brcc	.+8      	; 0x526 <__mulsf3+0xe8>
     51e:	81 e0       	ldi	r24, 0x01	; 1
     520:	90 e0       	ldi	r25, 0x00	; 0
     522:	a0 e0       	ldi	r26, 0x00	; 0
     524:	b0 e0       	ldi	r27, 0x00	; 0
     526:	ba 01       	movw	r22, r20
     528:	a9 01       	movw	r20, r18
     52a:	48 0f       	add	r20, r24
     52c:	59 1f       	adc	r21, r25
     52e:	6a 1f       	adc	r22, r26
     530:	7b 1f       	adc	r23, r27
     532:	aa 0c       	add	r10, r10
     534:	bb 1c       	adc	r11, r11
     536:	cc 1c       	adc	r12, r12
     538:	dd 1c       	adc	r13, r13
     53a:	97 fe       	sbrs	r9, 7
     53c:	08 c0       	rjmp	.+16     	; 0x54e <__mulsf3+0x110>
     53e:	81 e0       	ldi	r24, 0x01	; 1
     540:	90 e0       	ldi	r25, 0x00	; 0
     542:	a0 e0       	ldi	r26, 0x00	; 0
     544:	b0 e0       	ldi	r27, 0x00	; 0
     546:	a8 2a       	or	r10, r24
     548:	b9 2a       	or	r11, r25
     54a:	ca 2a       	or	r12, r26
     54c:	db 2a       	or	r13, r27
     54e:	31 96       	adiw	r30, 0x01	; 1
     550:	e0 32       	cpi	r30, 0x20	; 32
     552:	f1 05       	cpc	r31, r1
     554:	49 f0       	breq	.+18     	; 0x568 <__mulsf3+0x12a>
     556:	66 0c       	add	r6, r6
     558:	77 1c       	adc	r7, r7
     55a:	88 1c       	adc	r8, r8
     55c:	99 1c       	adc	r9, r9
     55e:	56 94       	lsr	r5
     560:	47 94       	ror	r4
     562:	37 94       	ror	r3
     564:	27 94       	ror	r2
     566:	c3 cf       	rjmp	.-122    	; 0x4ee <__mulsf3+0xb0>
     568:	fa 85       	ldd	r31, Y+10	; 0x0a
     56a:	ea 89       	ldd	r30, Y+18	; 0x12
     56c:	2b 89       	ldd	r18, Y+19	; 0x13
     56e:	3c 89       	ldd	r19, Y+20	; 0x14
     570:	8b 85       	ldd	r24, Y+11	; 0x0b
     572:	9c 85       	ldd	r25, Y+12	; 0x0c
     574:	28 0f       	add	r18, r24
     576:	39 1f       	adc	r19, r25
     578:	2e 5f       	subi	r18, 0xFE	; 254
     57a:	3f 4f       	sbci	r19, 0xFF	; 255
     57c:	17 c0       	rjmp	.+46     	; 0x5ac <__mulsf3+0x16e>
     57e:	ca 01       	movw	r24, r20
     580:	81 70       	andi	r24, 0x01	; 1
     582:	90 70       	andi	r25, 0x00	; 0
     584:	89 2b       	or	r24, r25
     586:	61 f0       	breq	.+24     	; 0x5a0 <__mulsf3+0x162>
     588:	16 95       	lsr	r17
     58a:	07 95       	ror	r16
     58c:	f7 94       	ror	r15
     58e:	e7 94       	ror	r14
     590:	80 e0       	ldi	r24, 0x00	; 0
     592:	90 e0       	ldi	r25, 0x00	; 0
     594:	a0 e0       	ldi	r26, 0x00	; 0
     596:	b0 e8       	ldi	r27, 0x80	; 128
     598:	e8 2a       	or	r14, r24
     59a:	f9 2a       	or	r15, r25
     59c:	0a 2b       	or	r16, r26
     59e:	1b 2b       	or	r17, r27
     5a0:	76 95       	lsr	r23
     5a2:	67 95       	ror	r22
     5a4:	57 95       	ror	r21
     5a6:	47 95       	ror	r20
     5a8:	2f 5f       	subi	r18, 0xFF	; 255
     5aa:	3f 4f       	sbci	r19, 0xFF	; 255
     5ac:	77 fd       	sbrc	r23, 7
     5ae:	e7 cf       	rjmp	.-50     	; 0x57e <__mulsf3+0x140>
     5b0:	0c c0       	rjmp	.+24     	; 0x5ca <__mulsf3+0x18c>
     5b2:	44 0f       	add	r20, r20
     5b4:	55 1f       	adc	r21, r21
     5b6:	66 1f       	adc	r22, r22
     5b8:	77 1f       	adc	r23, r23
     5ba:	17 fd       	sbrc	r17, 7
     5bc:	41 60       	ori	r20, 0x01	; 1
     5be:	ee 0c       	add	r14, r14
     5c0:	ff 1c       	adc	r15, r15
     5c2:	00 1f       	adc	r16, r16
     5c4:	11 1f       	adc	r17, r17
     5c6:	21 50       	subi	r18, 0x01	; 1
     5c8:	30 40       	sbci	r19, 0x00	; 0
     5ca:	40 30       	cpi	r20, 0x00	; 0
     5cc:	90 e0       	ldi	r25, 0x00	; 0
     5ce:	59 07       	cpc	r21, r25
     5d0:	90 e0       	ldi	r25, 0x00	; 0
     5d2:	69 07       	cpc	r22, r25
     5d4:	90 e4       	ldi	r25, 0x40	; 64
     5d6:	79 07       	cpc	r23, r25
     5d8:	60 f3       	brcs	.-40     	; 0x5b2 <__mulsf3+0x174>
     5da:	2b 8f       	std	Y+27, r18	; 0x1b
     5dc:	3c 8f       	std	Y+28, r19	; 0x1c
     5de:	db 01       	movw	r26, r22
     5e0:	ca 01       	movw	r24, r20
     5e2:	8f 77       	andi	r24, 0x7F	; 127
     5e4:	90 70       	andi	r25, 0x00	; 0
     5e6:	a0 70       	andi	r26, 0x00	; 0
     5e8:	b0 70       	andi	r27, 0x00	; 0
     5ea:	80 34       	cpi	r24, 0x40	; 64
     5ec:	91 05       	cpc	r25, r1
     5ee:	a1 05       	cpc	r26, r1
     5f0:	b1 05       	cpc	r27, r1
     5f2:	61 f4       	brne	.+24     	; 0x60c <__mulsf3+0x1ce>
     5f4:	47 fd       	sbrc	r20, 7
     5f6:	0a c0       	rjmp	.+20     	; 0x60c <__mulsf3+0x1ce>
     5f8:	e1 14       	cp	r14, r1
     5fa:	f1 04       	cpc	r15, r1
     5fc:	01 05       	cpc	r16, r1
     5fe:	11 05       	cpc	r17, r1
     600:	29 f0       	breq	.+10     	; 0x60c <__mulsf3+0x1ce>
     602:	40 5c       	subi	r20, 0xC0	; 192
     604:	5f 4f       	sbci	r21, 0xFF	; 255
     606:	6f 4f       	sbci	r22, 0xFF	; 255
     608:	7f 4f       	sbci	r23, 0xFF	; 255
     60a:	40 78       	andi	r20, 0x80	; 128
     60c:	1a 8e       	std	Y+26, r1	; 0x1a
     60e:	fe 17       	cp	r31, r30
     610:	11 f0       	breq	.+4      	; 0x616 <__mulsf3+0x1d8>
     612:	81 e0       	ldi	r24, 0x01	; 1
     614:	8a 8f       	std	Y+26, r24	; 0x1a
     616:	4d 8f       	std	Y+29, r20	; 0x1d
     618:	5e 8f       	std	Y+30, r21	; 0x1e
     61a:	6f 8f       	std	Y+31, r22	; 0x1f
     61c:	78 a3       	std	Y+32, r23	; 0x20
     61e:	83 e0       	ldi	r24, 0x03	; 3
     620:	89 8f       	std	Y+25, r24	; 0x19
     622:	ce 01       	movw	r24, r28
     624:	49 96       	adiw	r24, 0x19	; 25
     626:	0e 94 cf 05 	call	0xb9e	; 0xb9e <__pack_f>
     62a:	a0 96       	adiw	r28, 0x20	; 32
     62c:	e2 e1       	ldi	r30, 0x12	; 18
     62e:	0c 94 72 13 	jmp	0x26e4	; 0x26e4 <__epilogue_restores__>

00000632 <__divsf3>:
     632:	a8 e1       	ldi	r26, 0x18	; 24
     634:	b0 e0       	ldi	r27, 0x00	; 0
     636:	ef e1       	ldi	r30, 0x1F	; 31
     638:	f3 e0       	ldi	r31, 0x03	; 3
     63a:	0c 94 5e 13 	jmp	0x26bc	; 0x26bc <__prologue_saves__+0x10>
     63e:	69 83       	std	Y+1, r22	; 0x01
     640:	7a 83       	std	Y+2, r23	; 0x02
     642:	8b 83       	std	Y+3, r24	; 0x03
     644:	9c 83       	std	Y+4, r25	; 0x04
     646:	2d 83       	std	Y+5, r18	; 0x05
     648:	3e 83       	std	Y+6, r19	; 0x06
     64a:	4f 83       	std	Y+7, r20	; 0x07
     64c:	58 87       	std	Y+8, r21	; 0x08
     64e:	b9 e0       	ldi	r27, 0x09	; 9
     650:	eb 2e       	mov	r14, r27
     652:	f1 2c       	mov	r15, r1
     654:	ec 0e       	add	r14, r28
     656:	fd 1e       	adc	r15, r29
     658:	ce 01       	movw	r24, r28
     65a:	01 96       	adiw	r24, 0x01	; 1
     65c:	b7 01       	movw	r22, r14
     65e:	0e 94 a4 06 	call	0xd48	; 0xd48 <__unpack_f>
     662:	8e 01       	movw	r16, r28
     664:	0f 5e       	subi	r16, 0xEF	; 239
     666:	1f 4f       	sbci	r17, 0xFF	; 255
     668:	ce 01       	movw	r24, r28
     66a:	05 96       	adiw	r24, 0x05	; 5
     66c:	b8 01       	movw	r22, r16
     66e:	0e 94 a4 06 	call	0xd48	; 0xd48 <__unpack_f>
     672:	29 85       	ldd	r18, Y+9	; 0x09
     674:	22 30       	cpi	r18, 0x02	; 2
     676:	08 f4       	brcc	.+2      	; 0x67a <__divsf3+0x48>
     678:	7e c0       	rjmp	.+252    	; 0x776 <__divsf3+0x144>
     67a:	39 89       	ldd	r19, Y+17	; 0x11
     67c:	32 30       	cpi	r19, 0x02	; 2
     67e:	10 f4       	brcc	.+4      	; 0x684 <__divsf3+0x52>
     680:	b8 01       	movw	r22, r16
     682:	7c c0       	rjmp	.+248    	; 0x77c <__divsf3+0x14a>
     684:	8a 85       	ldd	r24, Y+10	; 0x0a
     686:	9a 89       	ldd	r25, Y+18	; 0x12
     688:	89 27       	eor	r24, r25
     68a:	8a 87       	std	Y+10, r24	; 0x0a
     68c:	24 30       	cpi	r18, 0x04	; 4
     68e:	11 f0       	breq	.+4      	; 0x694 <__divsf3+0x62>
     690:	22 30       	cpi	r18, 0x02	; 2
     692:	31 f4       	brne	.+12     	; 0x6a0 <__divsf3+0x6e>
     694:	23 17       	cp	r18, r19
     696:	09 f0       	breq	.+2      	; 0x69a <__divsf3+0x68>
     698:	6e c0       	rjmp	.+220    	; 0x776 <__divsf3+0x144>
     69a:	65 ea       	ldi	r22, 0xA5	; 165
     69c:	70 e0       	ldi	r23, 0x00	; 0
     69e:	6e c0       	rjmp	.+220    	; 0x77c <__divsf3+0x14a>
     6a0:	34 30       	cpi	r19, 0x04	; 4
     6a2:	39 f4       	brne	.+14     	; 0x6b2 <__divsf3+0x80>
     6a4:	1d 86       	std	Y+13, r1	; 0x0d
     6a6:	1e 86       	std	Y+14, r1	; 0x0e
     6a8:	1f 86       	std	Y+15, r1	; 0x0f
     6aa:	18 8a       	std	Y+16, r1	; 0x10
     6ac:	1c 86       	std	Y+12, r1	; 0x0c
     6ae:	1b 86       	std	Y+11, r1	; 0x0b
     6b0:	04 c0       	rjmp	.+8      	; 0x6ba <__divsf3+0x88>
     6b2:	32 30       	cpi	r19, 0x02	; 2
     6b4:	21 f4       	brne	.+8      	; 0x6be <__divsf3+0x8c>
     6b6:	84 e0       	ldi	r24, 0x04	; 4
     6b8:	89 87       	std	Y+9, r24	; 0x09
     6ba:	b7 01       	movw	r22, r14
     6bc:	5f c0       	rjmp	.+190    	; 0x77c <__divsf3+0x14a>
     6be:	2b 85       	ldd	r18, Y+11	; 0x0b
     6c0:	3c 85       	ldd	r19, Y+12	; 0x0c
     6c2:	8b 89       	ldd	r24, Y+19	; 0x13
     6c4:	9c 89       	ldd	r25, Y+20	; 0x14
     6c6:	28 1b       	sub	r18, r24
     6c8:	39 0b       	sbc	r19, r25
     6ca:	3c 87       	std	Y+12, r19	; 0x0c
     6cc:	2b 87       	std	Y+11, r18	; 0x0b
     6ce:	ed 84       	ldd	r14, Y+13	; 0x0d
     6d0:	fe 84       	ldd	r15, Y+14	; 0x0e
     6d2:	0f 85       	ldd	r16, Y+15	; 0x0f
     6d4:	18 89       	ldd	r17, Y+16	; 0x10
     6d6:	ad 88       	ldd	r10, Y+21	; 0x15
     6d8:	be 88       	ldd	r11, Y+22	; 0x16
     6da:	cf 88       	ldd	r12, Y+23	; 0x17
     6dc:	d8 8c       	ldd	r13, Y+24	; 0x18
     6de:	ea 14       	cp	r14, r10
     6e0:	fb 04       	cpc	r15, r11
     6e2:	0c 05       	cpc	r16, r12
     6e4:	1d 05       	cpc	r17, r13
     6e6:	40 f4       	brcc	.+16     	; 0x6f8 <__divsf3+0xc6>
     6e8:	ee 0c       	add	r14, r14
     6ea:	ff 1c       	adc	r15, r15
     6ec:	00 1f       	adc	r16, r16
     6ee:	11 1f       	adc	r17, r17
     6f0:	21 50       	subi	r18, 0x01	; 1
     6f2:	30 40       	sbci	r19, 0x00	; 0
     6f4:	3c 87       	std	Y+12, r19	; 0x0c
     6f6:	2b 87       	std	Y+11, r18	; 0x0b
     6f8:	20 e0       	ldi	r18, 0x00	; 0
     6fa:	30 e0       	ldi	r19, 0x00	; 0
     6fc:	40 e0       	ldi	r20, 0x00	; 0
     6fe:	50 e0       	ldi	r21, 0x00	; 0
     700:	80 e0       	ldi	r24, 0x00	; 0
     702:	90 e0       	ldi	r25, 0x00	; 0
     704:	a0 e0       	ldi	r26, 0x00	; 0
     706:	b0 e4       	ldi	r27, 0x40	; 64
     708:	60 e0       	ldi	r22, 0x00	; 0
     70a:	70 e0       	ldi	r23, 0x00	; 0
     70c:	ea 14       	cp	r14, r10
     70e:	fb 04       	cpc	r15, r11
     710:	0c 05       	cpc	r16, r12
     712:	1d 05       	cpc	r17, r13
     714:	40 f0       	brcs	.+16     	; 0x726 <__divsf3+0xf4>
     716:	28 2b       	or	r18, r24
     718:	39 2b       	or	r19, r25
     71a:	4a 2b       	or	r20, r26
     71c:	5b 2b       	or	r21, r27
     71e:	ea 18       	sub	r14, r10
     720:	fb 08       	sbc	r15, r11
     722:	0c 09       	sbc	r16, r12
     724:	1d 09       	sbc	r17, r13
     726:	b6 95       	lsr	r27
     728:	a7 95       	ror	r26
     72a:	97 95       	ror	r25
     72c:	87 95       	ror	r24
     72e:	ee 0c       	add	r14, r14
     730:	ff 1c       	adc	r15, r15
     732:	00 1f       	adc	r16, r16
     734:	11 1f       	adc	r17, r17
     736:	6f 5f       	subi	r22, 0xFF	; 255
     738:	7f 4f       	sbci	r23, 0xFF	; 255
     73a:	6f 31       	cpi	r22, 0x1F	; 31
     73c:	71 05       	cpc	r23, r1
     73e:	31 f7       	brne	.-52     	; 0x70c <__divsf3+0xda>
     740:	da 01       	movw	r26, r20
     742:	c9 01       	movw	r24, r18
     744:	8f 77       	andi	r24, 0x7F	; 127
     746:	90 70       	andi	r25, 0x00	; 0
     748:	a0 70       	andi	r26, 0x00	; 0
     74a:	b0 70       	andi	r27, 0x00	; 0
     74c:	80 34       	cpi	r24, 0x40	; 64
     74e:	91 05       	cpc	r25, r1
     750:	a1 05       	cpc	r26, r1
     752:	b1 05       	cpc	r27, r1
     754:	61 f4       	brne	.+24     	; 0x76e <__divsf3+0x13c>
     756:	27 fd       	sbrc	r18, 7
     758:	0a c0       	rjmp	.+20     	; 0x76e <__divsf3+0x13c>
     75a:	e1 14       	cp	r14, r1
     75c:	f1 04       	cpc	r15, r1
     75e:	01 05       	cpc	r16, r1
     760:	11 05       	cpc	r17, r1
     762:	29 f0       	breq	.+10     	; 0x76e <__divsf3+0x13c>
     764:	20 5c       	subi	r18, 0xC0	; 192
     766:	3f 4f       	sbci	r19, 0xFF	; 255
     768:	4f 4f       	sbci	r20, 0xFF	; 255
     76a:	5f 4f       	sbci	r21, 0xFF	; 255
     76c:	20 78       	andi	r18, 0x80	; 128
     76e:	2d 87       	std	Y+13, r18	; 0x0d
     770:	3e 87       	std	Y+14, r19	; 0x0e
     772:	4f 87       	std	Y+15, r20	; 0x0f
     774:	58 8b       	std	Y+16, r21	; 0x10
     776:	be 01       	movw	r22, r28
     778:	67 5f       	subi	r22, 0xF7	; 247
     77a:	7f 4f       	sbci	r23, 0xFF	; 255
     77c:	cb 01       	movw	r24, r22
     77e:	0e 94 cf 05 	call	0xb9e	; 0xb9e <__pack_f>
     782:	68 96       	adiw	r28, 0x18	; 24
     784:	ea e0       	ldi	r30, 0x0A	; 10
     786:	0c 94 7a 13 	jmp	0x26f4	; 0x26f4 <__epilogue_restores__+0x10>

0000078a <__gtsf2>:
     78a:	a8 e1       	ldi	r26, 0x18	; 24
     78c:	b0 e0       	ldi	r27, 0x00	; 0
     78e:	eb ec       	ldi	r30, 0xCB	; 203
     790:	f3 e0       	ldi	r31, 0x03	; 3
     792:	0c 94 62 13 	jmp	0x26c4	; 0x26c4 <__prologue_saves__+0x18>
     796:	69 83       	std	Y+1, r22	; 0x01
     798:	7a 83       	std	Y+2, r23	; 0x02
     79a:	8b 83       	std	Y+3, r24	; 0x03
     79c:	9c 83       	std	Y+4, r25	; 0x04
     79e:	2d 83       	std	Y+5, r18	; 0x05
     7a0:	3e 83       	std	Y+6, r19	; 0x06
     7a2:	4f 83       	std	Y+7, r20	; 0x07
     7a4:	58 87       	std	Y+8, r21	; 0x08
     7a6:	89 e0       	ldi	r24, 0x09	; 9
     7a8:	e8 2e       	mov	r14, r24
     7aa:	f1 2c       	mov	r15, r1
     7ac:	ec 0e       	add	r14, r28
     7ae:	fd 1e       	adc	r15, r29
     7b0:	ce 01       	movw	r24, r28
     7b2:	01 96       	adiw	r24, 0x01	; 1
     7b4:	b7 01       	movw	r22, r14
     7b6:	0e 94 a4 06 	call	0xd48	; 0xd48 <__unpack_f>
     7ba:	8e 01       	movw	r16, r28
     7bc:	0f 5e       	subi	r16, 0xEF	; 239
     7be:	1f 4f       	sbci	r17, 0xFF	; 255
     7c0:	ce 01       	movw	r24, r28
     7c2:	05 96       	adiw	r24, 0x05	; 5
     7c4:	b8 01       	movw	r22, r16
     7c6:	0e 94 a4 06 	call	0xd48	; 0xd48 <__unpack_f>
     7ca:	89 85       	ldd	r24, Y+9	; 0x09
     7cc:	82 30       	cpi	r24, 0x02	; 2
     7ce:	40 f0       	brcs	.+16     	; 0x7e0 <__gtsf2+0x56>
     7d0:	89 89       	ldd	r24, Y+17	; 0x11
     7d2:	82 30       	cpi	r24, 0x02	; 2
     7d4:	28 f0       	brcs	.+10     	; 0x7e0 <__gtsf2+0x56>
     7d6:	c7 01       	movw	r24, r14
     7d8:	b8 01       	movw	r22, r16
     7da:	0e 94 1c 07 	call	0xe38	; 0xe38 <__fpcmp_parts_f>
     7de:	01 c0       	rjmp	.+2      	; 0x7e2 <__gtsf2+0x58>
     7e0:	8f ef       	ldi	r24, 0xFF	; 255
     7e2:	68 96       	adiw	r28, 0x18	; 24
     7e4:	e6 e0       	ldi	r30, 0x06	; 6
     7e6:	0c 94 7e 13 	jmp	0x26fc	; 0x26fc <__epilogue_restores__+0x18>

000007ea <__gesf2>:
     7ea:	a8 e1       	ldi	r26, 0x18	; 24
     7ec:	b0 e0       	ldi	r27, 0x00	; 0
     7ee:	eb ef       	ldi	r30, 0xFB	; 251
     7f0:	f3 e0       	ldi	r31, 0x03	; 3
     7f2:	0c 94 62 13 	jmp	0x26c4	; 0x26c4 <__prologue_saves__+0x18>
     7f6:	69 83       	std	Y+1, r22	; 0x01
     7f8:	7a 83       	std	Y+2, r23	; 0x02
     7fa:	8b 83       	std	Y+3, r24	; 0x03
     7fc:	9c 83       	std	Y+4, r25	; 0x04
     7fe:	2d 83       	std	Y+5, r18	; 0x05
     800:	3e 83       	std	Y+6, r19	; 0x06
     802:	4f 83       	std	Y+7, r20	; 0x07
     804:	58 87       	std	Y+8, r21	; 0x08
     806:	89 e0       	ldi	r24, 0x09	; 9
     808:	e8 2e       	mov	r14, r24
     80a:	f1 2c       	mov	r15, r1
     80c:	ec 0e       	add	r14, r28
     80e:	fd 1e       	adc	r15, r29
     810:	ce 01       	movw	r24, r28
     812:	01 96       	adiw	r24, 0x01	; 1
     814:	b7 01       	movw	r22, r14
     816:	0e 94 a4 06 	call	0xd48	; 0xd48 <__unpack_f>
     81a:	8e 01       	movw	r16, r28
     81c:	0f 5e       	subi	r16, 0xEF	; 239
     81e:	1f 4f       	sbci	r17, 0xFF	; 255
     820:	ce 01       	movw	r24, r28
     822:	05 96       	adiw	r24, 0x05	; 5
     824:	b8 01       	movw	r22, r16
     826:	0e 94 a4 06 	call	0xd48	; 0xd48 <__unpack_f>
     82a:	89 85       	ldd	r24, Y+9	; 0x09
     82c:	82 30       	cpi	r24, 0x02	; 2
     82e:	40 f0       	brcs	.+16     	; 0x840 <__gesf2+0x56>
     830:	89 89       	ldd	r24, Y+17	; 0x11
     832:	82 30       	cpi	r24, 0x02	; 2
     834:	28 f0       	brcs	.+10     	; 0x840 <__gesf2+0x56>
     836:	c7 01       	movw	r24, r14
     838:	b8 01       	movw	r22, r16
     83a:	0e 94 1c 07 	call	0xe38	; 0xe38 <__fpcmp_parts_f>
     83e:	01 c0       	rjmp	.+2      	; 0x842 <__gesf2+0x58>
     840:	8f ef       	ldi	r24, 0xFF	; 255
     842:	68 96       	adiw	r28, 0x18	; 24
     844:	e6 e0       	ldi	r30, 0x06	; 6
     846:	0c 94 7e 13 	jmp	0x26fc	; 0x26fc <__epilogue_restores__+0x18>

0000084a <__ltsf2>:
     84a:	a8 e1       	ldi	r26, 0x18	; 24
     84c:	b0 e0       	ldi	r27, 0x00	; 0
     84e:	eb e2       	ldi	r30, 0x2B	; 43
     850:	f4 e0       	ldi	r31, 0x04	; 4
     852:	0c 94 62 13 	jmp	0x26c4	; 0x26c4 <__prologue_saves__+0x18>
     856:	69 83       	std	Y+1, r22	; 0x01
     858:	7a 83       	std	Y+2, r23	; 0x02
     85a:	8b 83       	std	Y+3, r24	; 0x03
     85c:	9c 83       	std	Y+4, r25	; 0x04
     85e:	2d 83       	std	Y+5, r18	; 0x05
     860:	3e 83       	std	Y+6, r19	; 0x06
     862:	4f 83       	std	Y+7, r20	; 0x07
     864:	58 87       	std	Y+8, r21	; 0x08
     866:	89 e0       	ldi	r24, 0x09	; 9
     868:	e8 2e       	mov	r14, r24
     86a:	f1 2c       	mov	r15, r1
     86c:	ec 0e       	add	r14, r28
     86e:	fd 1e       	adc	r15, r29
     870:	ce 01       	movw	r24, r28
     872:	01 96       	adiw	r24, 0x01	; 1
     874:	b7 01       	movw	r22, r14
     876:	0e 94 a4 06 	call	0xd48	; 0xd48 <__unpack_f>
     87a:	8e 01       	movw	r16, r28
     87c:	0f 5e       	subi	r16, 0xEF	; 239
     87e:	1f 4f       	sbci	r17, 0xFF	; 255
     880:	ce 01       	movw	r24, r28
     882:	05 96       	adiw	r24, 0x05	; 5
     884:	b8 01       	movw	r22, r16
     886:	0e 94 a4 06 	call	0xd48	; 0xd48 <__unpack_f>
     88a:	89 85       	ldd	r24, Y+9	; 0x09
     88c:	82 30       	cpi	r24, 0x02	; 2
     88e:	40 f0       	brcs	.+16     	; 0x8a0 <__stack+0x41>
     890:	89 89       	ldd	r24, Y+17	; 0x11
     892:	82 30       	cpi	r24, 0x02	; 2
     894:	28 f0       	brcs	.+10     	; 0x8a0 <__stack+0x41>
     896:	c7 01       	movw	r24, r14
     898:	b8 01       	movw	r22, r16
     89a:	0e 94 1c 07 	call	0xe38	; 0xe38 <__fpcmp_parts_f>
     89e:	01 c0       	rjmp	.+2      	; 0x8a2 <__stack+0x43>
     8a0:	81 e0       	ldi	r24, 0x01	; 1
     8a2:	68 96       	adiw	r28, 0x18	; 24
     8a4:	e6 e0       	ldi	r30, 0x06	; 6
     8a6:	0c 94 7e 13 	jmp	0x26fc	; 0x26fc <__epilogue_restores__+0x18>

000008aa <__floatsisf>:
     8aa:	a8 e0       	ldi	r26, 0x08	; 8
     8ac:	b0 e0       	ldi	r27, 0x00	; 0
     8ae:	eb e5       	ldi	r30, 0x5B	; 91
     8b0:	f4 e0       	ldi	r31, 0x04	; 4
     8b2:	0c 94 5f 13 	jmp	0x26be	; 0x26be <__prologue_saves__+0x12>
     8b6:	9b 01       	movw	r18, r22
     8b8:	ac 01       	movw	r20, r24
     8ba:	83 e0       	ldi	r24, 0x03	; 3
     8bc:	89 83       	std	Y+1, r24	; 0x01
     8be:	da 01       	movw	r26, r20
     8c0:	c9 01       	movw	r24, r18
     8c2:	88 27       	eor	r24, r24
     8c4:	b7 fd       	sbrc	r27, 7
     8c6:	83 95       	inc	r24
     8c8:	99 27       	eor	r25, r25
     8ca:	aa 27       	eor	r26, r26
     8cc:	bb 27       	eor	r27, r27
     8ce:	b8 2e       	mov	r11, r24
     8d0:	21 15       	cp	r18, r1
     8d2:	31 05       	cpc	r19, r1
     8d4:	41 05       	cpc	r20, r1
     8d6:	51 05       	cpc	r21, r1
     8d8:	19 f4       	brne	.+6      	; 0x8e0 <__floatsisf+0x36>
     8da:	82 e0       	ldi	r24, 0x02	; 2
     8dc:	89 83       	std	Y+1, r24	; 0x01
     8de:	3a c0       	rjmp	.+116    	; 0x954 <__floatsisf+0xaa>
     8e0:	88 23       	and	r24, r24
     8e2:	a9 f0       	breq	.+42     	; 0x90e <__floatsisf+0x64>
     8e4:	20 30       	cpi	r18, 0x00	; 0
     8e6:	80 e0       	ldi	r24, 0x00	; 0
     8e8:	38 07       	cpc	r19, r24
     8ea:	80 e0       	ldi	r24, 0x00	; 0
     8ec:	48 07       	cpc	r20, r24
     8ee:	80 e8       	ldi	r24, 0x80	; 128
     8f0:	58 07       	cpc	r21, r24
     8f2:	29 f4       	brne	.+10     	; 0x8fe <__floatsisf+0x54>
     8f4:	60 e0       	ldi	r22, 0x00	; 0
     8f6:	70 e0       	ldi	r23, 0x00	; 0
     8f8:	80 e0       	ldi	r24, 0x00	; 0
     8fa:	9f ec       	ldi	r25, 0xCF	; 207
     8fc:	30 c0       	rjmp	.+96     	; 0x95e <__floatsisf+0xb4>
     8fe:	ee 24       	eor	r14, r14
     900:	ff 24       	eor	r15, r15
     902:	87 01       	movw	r16, r14
     904:	e2 1a       	sub	r14, r18
     906:	f3 0a       	sbc	r15, r19
     908:	04 0b       	sbc	r16, r20
     90a:	15 0b       	sbc	r17, r21
     90c:	02 c0       	rjmp	.+4      	; 0x912 <__floatsisf+0x68>
     90e:	79 01       	movw	r14, r18
     910:	8a 01       	movw	r16, r20
     912:	8e e1       	ldi	r24, 0x1E	; 30
     914:	c8 2e       	mov	r12, r24
     916:	d1 2c       	mov	r13, r1
     918:	dc 82       	std	Y+4, r13	; 0x04
     91a:	cb 82       	std	Y+3, r12	; 0x03
     91c:	ed 82       	std	Y+5, r14	; 0x05
     91e:	fe 82       	std	Y+6, r15	; 0x06
     920:	0f 83       	std	Y+7, r16	; 0x07
     922:	18 87       	std	Y+8, r17	; 0x08
     924:	c8 01       	movw	r24, r16
     926:	b7 01       	movw	r22, r14
     928:	0e 94 80 05 	call	0xb00	; 0xb00 <__clzsi2>
     92c:	01 97       	sbiw	r24, 0x01	; 1
     92e:	18 16       	cp	r1, r24
     930:	19 06       	cpc	r1, r25
     932:	84 f4       	brge	.+32     	; 0x954 <__floatsisf+0xaa>
     934:	08 2e       	mov	r0, r24
     936:	04 c0       	rjmp	.+8      	; 0x940 <__floatsisf+0x96>
     938:	ee 0c       	add	r14, r14
     93a:	ff 1c       	adc	r15, r15
     93c:	00 1f       	adc	r16, r16
     93e:	11 1f       	adc	r17, r17
     940:	0a 94       	dec	r0
     942:	d2 f7       	brpl	.-12     	; 0x938 <__floatsisf+0x8e>
     944:	ed 82       	std	Y+5, r14	; 0x05
     946:	fe 82       	std	Y+6, r15	; 0x06
     948:	0f 83       	std	Y+7, r16	; 0x07
     94a:	18 87       	std	Y+8, r17	; 0x08
     94c:	c8 1a       	sub	r12, r24
     94e:	d9 0a       	sbc	r13, r25
     950:	dc 82       	std	Y+4, r13	; 0x04
     952:	cb 82       	std	Y+3, r12	; 0x03
     954:	ba 82       	std	Y+2, r11	; 0x02
     956:	ce 01       	movw	r24, r28
     958:	01 96       	adiw	r24, 0x01	; 1
     95a:	0e 94 cf 05 	call	0xb9e	; 0xb9e <__pack_f>
     95e:	28 96       	adiw	r28, 0x08	; 8
     960:	e9 e0       	ldi	r30, 0x09	; 9
     962:	0c 94 7b 13 	jmp	0x26f6	; 0x26f6 <__epilogue_restores__+0x12>

00000966 <__fixsfsi>:
     966:	ac e0       	ldi	r26, 0x0C	; 12
     968:	b0 e0       	ldi	r27, 0x00	; 0
     96a:	e9 eb       	ldi	r30, 0xB9	; 185
     96c:	f4 e0       	ldi	r31, 0x04	; 4
     96e:	0c 94 66 13 	jmp	0x26cc	; 0x26cc <__prologue_saves__+0x20>
     972:	69 83       	std	Y+1, r22	; 0x01
     974:	7a 83       	std	Y+2, r23	; 0x02
     976:	8b 83       	std	Y+3, r24	; 0x03
     978:	9c 83       	std	Y+4, r25	; 0x04
     97a:	ce 01       	movw	r24, r28
     97c:	01 96       	adiw	r24, 0x01	; 1
     97e:	be 01       	movw	r22, r28
     980:	6b 5f       	subi	r22, 0xFB	; 251
     982:	7f 4f       	sbci	r23, 0xFF	; 255
     984:	0e 94 a4 06 	call	0xd48	; 0xd48 <__unpack_f>
     988:	8d 81       	ldd	r24, Y+5	; 0x05
     98a:	82 30       	cpi	r24, 0x02	; 2
     98c:	61 f1       	breq	.+88     	; 0x9e6 <__fixsfsi+0x80>
     98e:	82 30       	cpi	r24, 0x02	; 2
     990:	50 f1       	brcs	.+84     	; 0x9e6 <__fixsfsi+0x80>
     992:	84 30       	cpi	r24, 0x04	; 4
     994:	21 f4       	brne	.+8      	; 0x99e <__fixsfsi+0x38>
     996:	8e 81       	ldd	r24, Y+6	; 0x06
     998:	88 23       	and	r24, r24
     99a:	51 f1       	breq	.+84     	; 0x9f0 <__fixsfsi+0x8a>
     99c:	2e c0       	rjmp	.+92     	; 0x9fa <__fixsfsi+0x94>
     99e:	2f 81       	ldd	r18, Y+7	; 0x07
     9a0:	38 85       	ldd	r19, Y+8	; 0x08
     9a2:	37 fd       	sbrc	r19, 7
     9a4:	20 c0       	rjmp	.+64     	; 0x9e6 <__fixsfsi+0x80>
     9a6:	6e 81       	ldd	r22, Y+6	; 0x06
     9a8:	2f 31       	cpi	r18, 0x1F	; 31
     9aa:	31 05       	cpc	r19, r1
     9ac:	1c f0       	brlt	.+6      	; 0x9b4 <__fixsfsi+0x4e>
     9ae:	66 23       	and	r22, r22
     9b0:	f9 f0       	breq	.+62     	; 0x9f0 <__fixsfsi+0x8a>
     9b2:	23 c0       	rjmp	.+70     	; 0x9fa <__fixsfsi+0x94>
     9b4:	8e e1       	ldi	r24, 0x1E	; 30
     9b6:	90 e0       	ldi	r25, 0x00	; 0
     9b8:	82 1b       	sub	r24, r18
     9ba:	93 0b       	sbc	r25, r19
     9bc:	29 85       	ldd	r18, Y+9	; 0x09
     9be:	3a 85       	ldd	r19, Y+10	; 0x0a
     9c0:	4b 85       	ldd	r20, Y+11	; 0x0b
     9c2:	5c 85       	ldd	r21, Y+12	; 0x0c
     9c4:	04 c0       	rjmp	.+8      	; 0x9ce <__fixsfsi+0x68>
     9c6:	56 95       	lsr	r21
     9c8:	47 95       	ror	r20
     9ca:	37 95       	ror	r19
     9cc:	27 95       	ror	r18
     9ce:	8a 95       	dec	r24
     9d0:	d2 f7       	brpl	.-12     	; 0x9c6 <__fixsfsi+0x60>
     9d2:	66 23       	and	r22, r22
     9d4:	b1 f0       	breq	.+44     	; 0xa02 <__fixsfsi+0x9c>
     9d6:	50 95       	com	r21
     9d8:	40 95       	com	r20
     9da:	30 95       	com	r19
     9dc:	21 95       	neg	r18
     9de:	3f 4f       	sbci	r19, 0xFF	; 255
     9e0:	4f 4f       	sbci	r20, 0xFF	; 255
     9e2:	5f 4f       	sbci	r21, 0xFF	; 255
     9e4:	0e c0       	rjmp	.+28     	; 0xa02 <__fixsfsi+0x9c>
     9e6:	20 e0       	ldi	r18, 0x00	; 0
     9e8:	30 e0       	ldi	r19, 0x00	; 0
     9ea:	40 e0       	ldi	r20, 0x00	; 0
     9ec:	50 e0       	ldi	r21, 0x00	; 0
     9ee:	09 c0       	rjmp	.+18     	; 0xa02 <__fixsfsi+0x9c>
     9f0:	2f ef       	ldi	r18, 0xFF	; 255
     9f2:	3f ef       	ldi	r19, 0xFF	; 255
     9f4:	4f ef       	ldi	r20, 0xFF	; 255
     9f6:	5f e7       	ldi	r21, 0x7F	; 127
     9f8:	04 c0       	rjmp	.+8      	; 0xa02 <__fixsfsi+0x9c>
     9fa:	20 e0       	ldi	r18, 0x00	; 0
     9fc:	30 e0       	ldi	r19, 0x00	; 0
     9fe:	40 e0       	ldi	r20, 0x00	; 0
     a00:	50 e8       	ldi	r21, 0x80	; 128
     a02:	b9 01       	movw	r22, r18
     a04:	ca 01       	movw	r24, r20
     a06:	2c 96       	adiw	r28, 0x0c	; 12
     a08:	e2 e0       	ldi	r30, 0x02	; 2
     a0a:	0c 94 82 13 	jmp	0x2704	; 0x2704 <__epilogue_restores__+0x20>

00000a0e <__floatunsisf>:
     a0e:	a8 e0       	ldi	r26, 0x08	; 8
     a10:	b0 e0       	ldi	r27, 0x00	; 0
     a12:	ed e0       	ldi	r30, 0x0D	; 13
     a14:	f5 e0       	ldi	r31, 0x05	; 5
     a16:	0c 94 5e 13 	jmp	0x26bc	; 0x26bc <__prologue_saves__+0x10>
     a1a:	7b 01       	movw	r14, r22
     a1c:	8c 01       	movw	r16, r24
     a1e:	61 15       	cp	r22, r1
     a20:	71 05       	cpc	r23, r1
     a22:	81 05       	cpc	r24, r1
     a24:	91 05       	cpc	r25, r1
     a26:	19 f4       	brne	.+6      	; 0xa2e <__floatunsisf+0x20>
     a28:	82 e0       	ldi	r24, 0x02	; 2
     a2a:	89 83       	std	Y+1, r24	; 0x01
     a2c:	60 c0       	rjmp	.+192    	; 0xaee <__floatunsisf+0xe0>
     a2e:	83 e0       	ldi	r24, 0x03	; 3
     a30:	89 83       	std	Y+1, r24	; 0x01
     a32:	8e e1       	ldi	r24, 0x1E	; 30
     a34:	c8 2e       	mov	r12, r24
     a36:	d1 2c       	mov	r13, r1
     a38:	dc 82       	std	Y+4, r13	; 0x04
     a3a:	cb 82       	std	Y+3, r12	; 0x03
     a3c:	ed 82       	std	Y+5, r14	; 0x05
     a3e:	fe 82       	std	Y+6, r15	; 0x06
     a40:	0f 83       	std	Y+7, r16	; 0x07
     a42:	18 87       	std	Y+8, r17	; 0x08
     a44:	c8 01       	movw	r24, r16
     a46:	b7 01       	movw	r22, r14
     a48:	0e 94 80 05 	call	0xb00	; 0xb00 <__clzsi2>
     a4c:	fc 01       	movw	r30, r24
     a4e:	31 97       	sbiw	r30, 0x01	; 1
     a50:	f7 ff       	sbrs	r31, 7
     a52:	3b c0       	rjmp	.+118    	; 0xaca <__floatunsisf+0xbc>
     a54:	22 27       	eor	r18, r18
     a56:	33 27       	eor	r19, r19
     a58:	2e 1b       	sub	r18, r30
     a5a:	3f 0b       	sbc	r19, r31
     a5c:	57 01       	movw	r10, r14
     a5e:	68 01       	movw	r12, r16
     a60:	02 2e       	mov	r0, r18
     a62:	04 c0       	rjmp	.+8      	; 0xa6c <__floatunsisf+0x5e>
     a64:	d6 94       	lsr	r13
     a66:	c7 94       	ror	r12
     a68:	b7 94       	ror	r11
     a6a:	a7 94       	ror	r10
     a6c:	0a 94       	dec	r0
     a6e:	d2 f7       	brpl	.-12     	; 0xa64 <__floatunsisf+0x56>
     a70:	40 e0       	ldi	r20, 0x00	; 0
     a72:	50 e0       	ldi	r21, 0x00	; 0
     a74:	60 e0       	ldi	r22, 0x00	; 0
     a76:	70 e0       	ldi	r23, 0x00	; 0
     a78:	81 e0       	ldi	r24, 0x01	; 1
     a7a:	90 e0       	ldi	r25, 0x00	; 0
     a7c:	a0 e0       	ldi	r26, 0x00	; 0
     a7e:	b0 e0       	ldi	r27, 0x00	; 0
     a80:	04 c0       	rjmp	.+8      	; 0xa8a <__floatunsisf+0x7c>
     a82:	88 0f       	add	r24, r24
     a84:	99 1f       	adc	r25, r25
     a86:	aa 1f       	adc	r26, r26
     a88:	bb 1f       	adc	r27, r27
     a8a:	2a 95       	dec	r18
     a8c:	d2 f7       	brpl	.-12     	; 0xa82 <__floatunsisf+0x74>
     a8e:	01 97       	sbiw	r24, 0x01	; 1
     a90:	a1 09       	sbc	r26, r1
     a92:	b1 09       	sbc	r27, r1
     a94:	8e 21       	and	r24, r14
     a96:	9f 21       	and	r25, r15
     a98:	a0 23       	and	r26, r16
     a9a:	b1 23       	and	r27, r17
     a9c:	00 97       	sbiw	r24, 0x00	; 0
     a9e:	a1 05       	cpc	r26, r1
     aa0:	b1 05       	cpc	r27, r1
     aa2:	21 f0       	breq	.+8      	; 0xaac <__floatunsisf+0x9e>
     aa4:	41 e0       	ldi	r20, 0x01	; 1
     aa6:	50 e0       	ldi	r21, 0x00	; 0
     aa8:	60 e0       	ldi	r22, 0x00	; 0
     aaa:	70 e0       	ldi	r23, 0x00	; 0
     aac:	4a 29       	or	r20, r10
     aae:	5b 29       	or	r21, r11
     ab0:	6c 29       	or	r22, r12
     ab2:	7d 29       	or	r23, r13
     ab4:	4d 83       	std	Y+5, r20	; 0x05
     ab6:	5e 83       	std	Y+6, r21	; 0x06
     ab8:	6f 83       	std	Y+7, r22	; 0x07
     aba:	78 87       	std	Y+8, r23	; 0x08
     abc:	8e e1       	ldi	r24, 0x1E	; 30
     abe:	90 e0       	ldi	r25, 0x00	; 0
     ac0:	8e 1b       	sub	r24, r30
     ac2:	9f 0b       	sbc	r25, r31
     ac4:	9c 83       	std	Y+4, r25	; 0x04
     ac6:	8b 83       	std	Y+3, r24	; 0x03
     ac8:	12 c0       	rjmp	.+36     	; 0xaee <__floatunsisf+0xe0>
     aca:	30 97       	sbiw	r30, 0x00	; 0
     acc:	81 f0       	breq	.+32     	; 0xaee <__floatunsisf+0xe0>
     ace:	0e 2e       	mov	r0, r30
     ad0:	04 c0       	rjmp	.+8      	; 0xada <__floatunsisf+0xcc>
     ad2:	ee 0c       	add	r14, r14
     ad4:	ff 1c       	adc	r15, r15
     ad6:	00 1f       	adc	r16, r16
     ad8:	11 1f       	adc	r17, r17
     ada:	0a 94       	dec	r0
     adc:	d2 f7       	brpl	.-12     	; 0xad2 <__floatunsisf+0xc4>
     ade:	ed 82       	std	Y+5, r14	; 0x05
     ae0:	fe 82       	std	Y+6, r15	; 0x06
     ae2:	0f 83       	std	Y+7, r16	; 0x07
     ae4:	18 87       	std	Y+8, r17	; 0x08
     ae6:	ce 1a       	sub	r12, r30
     ae8:	df 0a       	sbc	r13, r31
     aea:	dc 82       	std	Y+4, r13	; 0x04
     aec:	cb 82       	std	Y+3, r12	; 0x03
     aee:	1a 82       	std	Y+2, r1	; 0x02
     af0:	ce 01       	movw	r24, r28
     af2:	01 96       	adiw	r24, 0x01	; 1
     af4:	0e 94 cf 05 	call	0xb9e	; 0xb9e <__pack_f>
     af8:	28 96       	adiw	r28, 0x08	; 8
     afa:	ea e0       	ldi	r30, 0x0A	; 10
     afc:	0c 94 7a 13 	jmp	0x26f4	; 0x26f4 <__epilogue_restores__+0x10>

00000b00 <__clzsi2>:
     b00:	ef 92       	push	r14
     b02:	ff 92       	push	r15
     b04:	0f 93       	push	r16
     b06:	1f 93       	push	r17
     b08:	7b 01       	movw	r14, r22
     b0a:	8c 01       	movw	r16, r24
     b0c:	80 e0       	ldi	r24, 0x00	; 0
     b0e:	e8 16       	cp	r14, r24
     b10:	80 e0       	ldi	r24, 0x00	; 0
     b12:	f8 06       	cpc	r15, r24
     b14:	81 e0       	ldi	r24, 0x01	; 1
     b16:	08 07       	cpc	r16, r24
     b18:	80 e0       	ldi	r24, 0x00	; 0
     b1a:	18 07       	cpc	r17, r24
     b1c:	88 f4       	brcc	.+34     	; 0xb40 <__clzsi2+0x40>
     b1e:	8f ef       	ldi	r24, 0xFF	; 255
     b20:	e8 16       	cp	r14, r24
     b22:	f1 04       	cpc	r15, r1
     b24:	01 05       	cpc	r16, r1
     b26:	11 05       	cpc	r17, r1
     b28:	31 f0       	breq	.+12     	; 0xb36 <__clzsi2+0x36>
     b2a:	28 f0       	brcs	.+10     	; 0xb36 <__clzsi2+0x36>
     b2c:	88 e0       	ldi	r24, 0x08	; 8
     b2e:	90 e0       	ldi	r25, 0x00	; 0
     b30:	a0 e0       	ldi	r26, 0x00	; 0
     b32:	b0 e0       	ldi	r27, 0x00	; 0
     b34:	17 c0       	rjmp	.+46     	; 0xb64 <__clzsi2+0x64>
     b36:	80 e0       	ldi	r24, 0x00	; 0
     b38:	90 e0       	ldi	r25, 0x00	; 0
     b3a:	a0 e0       	ldi	r26, 0x00	; 0
     b3c:	b0 e0       	ldi	r27, 0x00	; 0
     b3e:	12 c0       	rjmp	.+36     	; 0xb64 <__clzsi2+0x64>
     b40:	80 e0       	ldi	r24, 0x00	; 0
     b42:	e8 16       	cp	r14, r24
     b44:	80 e0       	ldi	r24, 0x00	; 0
     b46:	f8 06       	cpc	r15, r24
     b48:	80 e0       	ldi	r24, 0x00	; 0
     b4a:	08 07       	cpc	r16, r24
     b4c:	81 e0       	ldi	r24, 0x01	; 1
     b4e:	18 07       	cpc	r17, r24
     b50:	28 f0       	brcs	.+10     	; 0xb5c <__clzsi2+0x5c>
     b52:	88 e1       	ldi	r24, 0x18	; 24
     b54:	90 e0       	ldi	r25, 0x00	; 0
     b56:	a0 e0       	ldi	r26, 0x00	; 0
     b58:	b0 e0       	ldi	r27, 0x00	; 0
     b5a:	04 c0       	rjmp	.+8      	; 0xb64 <__clzsi2+0x64>
     b5c:	80 e1       	ldi	r24, 0x10	; 16
     b5e:	90 e0       	ldi	r25, 0x00	; 0
     b60:	a0 e0       	ldi	r26, 0x00	; 0
     b62:	b0 e0       	ldi	r27, 0x00	; 0
     b64:	20 e2       	ldi	r18, 0x20	; 32
     b66:	30 e0       	ldi	r19, 0x00	; 0
     b68:	40 e0       	ldi	r20, 0x00	; 0
     b6a:	50 e0       	ldi	r21, 0x00	; 0
     b6c:	28 1b       	sub	r18, r24
     b6e:	39 0b       	sbc	r19, r25
     b70:	4a 0b       	sbc	r20, r26
     b72:	5b 0b       	sbc	r21, r27
     b74:	04 c0       	rjmp	.+8      	; 0xb7e <__clzsi2+0x7e>
     b76:	16 95       	lsr	r17
     b78:	07 95       	ror	r16
     b7a:	f7 94       	ror	r15
     b7c:	e7 94       	ror	r14
     b7e:	8a 95       	dec	r24
     b80:	d2 f7       	brpl	.-12     	; 0xb76 <__clzsi2+0x76>
     b82:	f7 01       	movw	r30, r14
     b84:	e3 55       	subi	r30, 0x53	; 83
     b86:	ff 4f       	sbci	r31, 0xFF	; 255
     b88:	80 81       	ld	r24, Z
     b8a:	28 1b       	sub	r18, r24
     b8c:	31 09       	sbc	r19, r1
     b8e:	41 09       	sbc	r20, r1
     b90:	51 09       	sbc	r21, r1
     b92:	c9 01       	movw	r24, r18
     b94:	1f 91       	pop	r17
     b96:	0f 91       	pop	r16
     b98:	ff 90       	pop	r15
     b9a:	ef 90       	pop	r14
     b9c:	08 95       	ret

00000b9e <__pack_f>:
     b9e:	df 92       	push	r13
     ba0:	ef 92       	push	r14
     ba2:	ff 92       	push	r15
     ba4:	0f 93       	push	r16
     ba6:	1f 93       	push	r17
     ba8:	fc 01       	movw	r30, r24
     baa:	e4 80       	ldd	r14, Z+4	; 0x04
     bac:	f5 80       	ldd	r15, Z+5	; 0x05
     bae:	06 81       	ldd	r16, Z+6	; 0x06
     bb0:	17 81       	ldd	r17, Z+7	; 0x07
     bb2:	d1 80       	ldd	r13, Z+1	; 0x01
     bb4:	80 81       	ld	r24, Z
     bb6:	82 30       	cpi	r24, 0x02	; 2
     bb8:	48 f4       	brcc	.+18     	; 0xbcc <__pack_f+0x2e>
     bba:	80 e0       	ldi	r24, 0x00	; 0
     bbc:	90 e0       	ldi	r25, 0x00	; 0
     bbe:	a0 e1       	ldi	r26, 0x10	; 16
     bc0:	b0 e0       	ldi	r27, 0x00	; 0
     bc2:	e8 2a       	or	r14, r24
     bc4:	f9 2a       	or	r15, r25
     bc6:	0a 2b       	or	r16, r26
     bc8:	1b 2b       	or	r17, r27
     bca:	a5 c0       	rjmp	.+330    	; 0xd16 <__pack_f+0x178>
     bcc:	84 30       	cpi	r24, 0x04	; 4
     bce:	09 f4       	brne	.+2      	; 0xbd2 <__pack_f+0x34>
     bd0:	9f c0       	rjmp	.+318    	; 0xd10 <__pack_f+0x172>
     bd2:	82 30       	cpi	r24, 0x02	; 2
     bd4:	21 f4       	brne	.+8      	; 0xbde <__pack_f+0x40>
     bd6:	ee 24       	eor	r14, r14
     bd8:	ff 24       	eor	r15, r15
     bda:	87 01       	movw	r16, r14
     bdc:	05 c0       	rjmp	.+10     	; 0xbe8 <__pack_f+0x4a>
     bde:	e1 14       	cp	r14, r1
     be0:	f1 04       	cpc	r15, r1
     be2:	01 05       	cpc	r16, r1
     be4:	11 05       	cpc	r17, r1
     be6:	19 f4       	brne	.+6      	; 0xbee <__pack_f+0x50>
     be8:	e0 e0       	ldi	r30, 0x00	; 0
     bea:	f0 e0       	ldi	r31, 0x00	; 0
     bec:	96 c0       	rjmp	.+300    	; 0xd1a <__pack_f+0x17c>
     bee:	62 81       	ldd	r22, Z+2	; 0x02
     bf0:	73 81       	ldd	r23, Z+3	; 0x03
     bf2:	9f ef       	ldi	r25, 0xFF	; 255
     bf4:	62 38       	cpi	r22, 0x82	; 130
     bf6:	79 07       	cpc	r23, r25
     bf8:	0c f0       	brlt	.+2      	; 0xbfc <__pack_f+0x5e>
     bfa:	5b c0       	rjmp	.+182    	; 0xcb2 <__pack_f+0x114>
     bfc:	22 e8       	ldi	r18, 0x82	; 130
     bfe:	3f ef       	ldi	r19, 0xFF	; 255
     c00:	26 1b       	sub	r18, r22
     c02:	37 0b       	sbc	r19, r23
     c04:	2a 31       	cpi	r18, 0x1A	; 26
     c06:	31 05       	cpc	r19, r1
     c08:	2c f0       	brlt	.+10     	; 0xc14 <__pack_f+0x76>
     c0a:	20 e0       	ldi	r18, 0x00	; 0
     c0c:	30 e0       	ldi	r19, 0x00	; 0
     c0e:	40 e0       	ldi	r20, 0x00	; 0
     c10:	50 e0       	ldi	r21, 0x00	; 0
     c12:	2a c0       	rjmp	.+84     	; 0xc68 <__pack_f+0xca>
     c14:	b8 01       	movw	r22, r16
     c16:	a7 01       	movw	r20, r14
     c18:	02 2e       	mov	r0, r18
     c1a:	04 c0       	rjmp	.+8      	; 0xc24 <__pack_f+0x86>
     c1c:	76 95       	lsr	r23
     c1e:	67 95       	ror	r22
     c20:	57 95       	ror	r21
     c22:	47 95       	ror	r20
     c24:	0a 94       	dec	r0
     c26:	d2 f7       	brpl	.-12     	; 0xc1c <__pack_f+0x7e>
     c28:	81 e0       	ldi	r24, 0x01	; 1
     c2a:	90 e0       	ldi	r25, 0x00	; 0
     c2c:	a0 e0       	ldi	r26, 0x00	; 0
     c2e:	b0 e0       	ldi	r27, 0x00	; 0
     c30:	04 c0       	rjmp	.+8      	; 0xc3a <__pack_f+0x9c>
     c32:	88 0f       	add	r24, r24
     c34:	99 1f       	adc	r25, r25
     c36:	aa 1f       	adc	r26, r26
     c38:	bb 1f       	adc	r27, r27
     c3a:	2a 95       	dec	r18
     c3c:	d2 f7       	brpl	.-12     	; 0xc32 <__pack_f+0x94>
     c3e:	01 97       	sbiw	r24, 0x01	; 1
     c40:	a1 09       	sbc	r26, r1
     c42:	b1 09       	sbc	r27, r1
     c44:	8e 21       	and	r24, r14
     c46:	9f 21       	and	r25, r15
     c48:	a0 23       	and	r26, r16
     c4a:	b1 23       	and	r27, r17
     c4c:	00 97       	sbiw	r24, 0x00	; 0
     c4e:	a1 05       	cpc	r26, r1
     c50:	b1 05       	cpc	r27, r1
     c52:	21 f0       	breq	.+8      	; 0xc5c <__pack_f+0xbe>
     c54:	81 e0       	ldi	r24, 0x01	; 1
     c56:	90 e0       	ldi	r25, 0x00	; 0
     c58:	a0 e0       	ldi	r26, 0x00	; 0
     c5a:	b0 e0       	ldi	r27, 0x00	; 0
     c5c:	9a 01       	movw	r18, r20
     c5e:	ab 01       	movw	r20, r22
     c60:	28 2b       	or	r18, r24
     c62:	39 2b       	or	r19, r25
     c64:	4a 2b       	or	r20, r26
     c66:	5b 2b       	or	r21, r27
     c68:	da 01       	movw	r26, r20
     c6a:	c9 01       	movw	r24, r18
     c6c:	8f 77       	andi	r24, 0x7F	; 127
     c6e:	90 70       	andi	r25, 0x00	; 0
     c70:	a0 70       	andi	r26, 0x00	; 0
     c72:	b0 70       	andi	r27, 0x00	; 0
     c74:	80 34       	cpi	r24, 0x40	; 64
     c76:	91 05       	cpc	r25, r1
     c78:	a1 05       	cpc	r26, r1
     c7a:	b1 05       	cpc	r27, r1
     c7c:	39 f4       	brne	.+14     	; 0xc8c <__pack_f+0xee>
     c7e:	27 ff       	sbrs	r18, 7
     c80:	09 c0       	rjmp	.+18     	; 0xc94 <__pack_f+0xf6>
     c82:	20 5c       	subi	r18, 0xC0	; 192
     c84:	3f 4f       	sbci	r19, 0xFF	; 255
     c86:	4f 4f       	sbci	r20, 0xFF	; 255
     c88:	5f 4f       	sbci	r21, 0xFF	; 255
     c8a:	04 c0       	rjmp	.+8      	; 0xc94 <__pack_f+0xf6>
     c8c:	21 5c       	subi	r18, 0xC1	; 193
     c8e:	3f 4f       	sbci	r19, 0xFF	; 255
     c90:	4f 4f       	sbci	r20, 0xFF	; 255
     c92:	5f 4f       	sbci	r21, 0xFF	; 255
     c94:	e0 e0       	ldi	r30, 0x00	; 0
     c96:	f0 e0       	ldi	r31, 0x00	; 0
     c98:	20 30       	cpi	r18, 0x00	; 0
     c9a:	a0 e0       	ldi	r26, 0x00	; 0
     c9c:	3a 07       	cpc	r19, r26
     c9e:	a0 e0       	ldi	r26, 0x00	; 0
     ca0:	4a 07       	cpc	r20, r26
     ca2:	a0 e4       	ldi	r26, 0x40	; 64
     ca4:	5a 07       	cpc	r21, r26
     ca6:	10 f0       	brcs	.+4      	; 0xcac <__pack_f+0x10e>
     ca8:	e1 e0       	ldi	r30, 0x01	; 1
     caa:	f0 e0       	ldi	r31, 0x00	; 0
     cac:	79 01       	movw	r14, r18
     cae:	8a 01       	movw	r16, r20
     cb0:	27 c0       	rjmp	.+78     	; 0xd00 <__pack_f+0x162>
     cb2:	60 38       	cpi	r22, 0x80	; 128
     cb4:	71 05       	cpc	r23, r1
     cb6:	64 f5       	brge	.+88     	; 0xd10 <__pack_f+0x172>
     cb8:	fb 01       	movw	r30, r22
     cba:	e1 58       	subi	r30, 0x81	; 129
     cbc:	ff 4f       	sbci	r31, 0xFF	; 255
     cbe:	d8 01       	movw	r26, r16
     cc0:	c7 01       	movw	r24, r14
     cc2:	8f 77       	andi	r24, 0x7F	; 127
     cc4:	90 70       	andi	r25, 0x00	; 0
     cc6:	a0 70       	andi	r26, 0x00	; 0
     cc8:	b0 70       	andi	r27, 0x00	; 0
     cca:	80 34       	cpi	r24, 0x40	; 64
     ccc:	91 05       	cpc	r25, r1
     cce:	a1 05       	cpc	r26, r1
     cd0:	b1 05       	cpc	r27, r1
     cd2:	39 f4       	brne	.+14     	; 0xce2 <__pack_f+0x144>
     cd4:	e7 fe       	sbrs	r14, 7
     cd6:	0d c0       	rjmp	.+26     	; 0xcf2 <__pack_f+0x154>
     cd8:	80 e4       	ldi	r24, 0x40	; 64
     cda:	90 e0       	ldi	r25, 0x00	; 0
     cdc:	a0 e0       	ldi	r26, 0x00	; 0
     cde:	b0 e0       	ldi	r27, 0x00	; 0
     ce0:	04 c0       	rjmp	.+8      	; 0xcea <__pack_f+0x14c>
     ce2:	8f e3       	ldi	r24, 0x3F	; 63
     ce4:	90 e0       	ldi	r25, 0x00	; 0
     ce6:	a0 e0       	ldi	r26, 0x00	; 0
     ce8:	b0 e0       	ldi	r27, 0x00	; 0
     cea:	e8 0e       	add	r14, r24
     cec:	f9 1e       	adc	r15, r25
     cee:	0a 1f       	adc	r16, r26
     cf0:	1b 1f       	adc	r17, r27
     cf2:	17 ff       	sbrs	r17, 7
     cf4:	05 c0       	rjmp	.+10     	; 0xd00 <__pack_f+0x162>
     cf6:	16 95       	lsr	r17
     cf8:	07 95       	ror	r16
     cfa:	f7 94       	ror	r15
     cfc:	e7 94       	ror	r14
     cfe:	31 96       	adiw	r30, 0x01	; 1
     d00:	87 e0       	ldi	r24, 0x07	; 7
     d02:	16 95       	lsr	r17
     d04:	07 95       	ror	r16
     d06:	f7 94       	ror	r15
     d08:	e7 94       	ror	r14
     d0a:	8a 95       	dec	r24
     d0c:	d1 f7       	brne	.-12     	; 0xd02 <__pack_f+0x164>
     d0e:	05 c0       	rjmp	.+10     	; 0xd1a <__pack_f+0x17c>
     d10:	ee 24       	eor	r14, r14
     d12:	ff 24       	eor	r15, r15
     d14:	87 01       	movw	r16, r14
     d16:	ef ef       	ldi	r30, 0xFF	; 255
     d18:	f0 e0       	ldi	r31, 0x00	; 0
     d1a:	6e 2f       	mov	r22, r30
     d1c:	67 95       	ror	r22
     d1e:	66 27       	eor	r22, r22
     d20:	67 95       	ror	r22
     d22:	90 2f       	mov	r25, r16
     d24:	9f 77       	andi	r25, 0x7F	; 127
     d26:	d7 94       	ror	r13
     d28:	dd 24       	eor	r13, r13
     d2a:	d7 94       	ror	r13
     d2c:	8e 2f       	mov	r24, r30
     d2e:	86 95       	lsr	r24
     d30:	49 2f       	mov	r20, r25
     d32:	46 2b       	or	r20, r22
     d34:	58 2f       	mov	r21, r24
     d36:	5d 29       	or	r21, r13
     d38:	b7 01       	movw	r22, r14
     d3a:	ca 01       	movw	r24, r20
     d3c:	1f 91       	pop	r17
     d3e:	0f 91       	pop	r16
     d40:	ff 90       	pop	r15
     d42:	ef 90       	pop	r14
     d44:	df 90       	pop	r13
     d46:	08 95       	ret

00000d48 <__unpack_f>:
     d48:	fc 01       	movw	r30, r24
     d4a:	db 01       	movw	r26, r22
     d4c:	40 81       	ld	r20, Z
     d4e:	51 81       	ldd	r21, Z+1	; 0x01
     d50:	22 81       	ldd	r18, Z+2	; 0x02
     d52:	62 2f       	mov	r22, r18
     d54:	6f 77       	andi	r22, 0x7F	; 127
     d56:	70 e0       	ldi	r23, 0x00	; 0
     d58:	22 1f       	adc	r18, r18
     d5a:	22 27       	eor	r18, r18
     d5c:	22 1f       	adc	r18, r18
     d5e:	93 81       	ldd	r25, Z+3	; 0x03
     d60:	89 2f       	mov	r24, r25
     d62:	88 0f       	add	r24, r24
     d64:	82 2b       	or	r24, r18
     d66:	28 2f       	mov	r18, r24
     d68:	30 e0       	ldi	r19, 0x00	; 0
     d6a:	99 1f       	adc	r25, r25
     d6c:	99 27       	eor	r25, r25
     d6e:	99 1f       	adc	r25, r25
     d70:	11 96       	adiw	r26, 0x01	; 1
     d72:	9c 93       	st	X, r25
     d74:	11 97       	sbiw	r26, 0x01	; 1
     d76:	21 15       	cp	r18, r1
     d78:	31 05       	cpc	r19, r1
     d7a:	a9 f5       	brne	.+106    	; 0xde6 <__unpack_f+0x9e>
     d7c:	41 15       	cp	r20, r1
     d7e:	51 05       	cpc	r21, r1
     d80:	61 05       	cpc	r22, r1
     d82:	71 05       	cpc	r23, r1
     d84:	11 f4       	brne	.+4      	; 0xd8a <__unpack_f+0x42>
     d86:	82 e0       	ldi	r24, 0x02	; 2
     d88:	37 c0       	rjmp	.+110    	; 0xdf8 <__unpack_f+0xb0>
     d8a:	82 e8       	ldi	r24, 0x82	; 130
     d8c:	9f ef       	ldi	r25, 0xFF	; 255
     d8e:	13 96       	adiw	r26, 0x03	; 3
     d90:	9c 93       	st	X, r25
     d92:	8e 93       	st	-X, r24
     d94:	12 97       	sbiw	r26, 0x02	; 2
     d96:	9a 01       	movw	r18, r20
     d98:	ab 01       	movw	r20, r22
     d9a:	67 e0       	ldi	r22, 0x07	; 7
     d9c:	22 0f       	add	r18, r18
     d9e:	33 1f       	adc	r19, r19
     da0:	44 1f       	adc	r20, r20
     da2:	55 1f       	adc	r21, r21
     da4:	6a 95       	dec	r22
     da6:	d1 f7       	brne	.-12     	; 0xd9c <__unpack_f+0x54>
     da8:	83 e0       	ldi	r24, 0x03	; 3
     daa:	8c 93       	st	X, r24
     dac:	0d c0       	rjmp	.+26     	; 0xdc8 <__unpack_f+0x80>
     dae:	22 0f       	add	r18, r18
     db0:	33 1f       	adc	r19, r19
     db2:	44 1f       	adc	r20, r20
     db4:	55 1f       	adc	r21, r21
     db6:	12 96       	adiw	r26, 0x02	; 2
     db8:	8d 91       	ld	r24, X+
     dba:	9c 91       	ld	r25, X
     dbc:	13 97       	sbiw	r26, 0x03	; 3
     dbe:	01 97       	sbiw	r24, 0x01	; 1
     dc0:	13 96       	adiw	r26, 0x03	; 3
     dc2:	9c 93       	st	X, r25
     dc4:	8e 93       	st	-X, r24
     dc6:	12 97       	sbiw	r26, 0x02	; 2
     dc8:	20 30       	cpi	r18, 0x00	; 0
     dca:	80 e0       	ldi	r24, 0x00	; 0
     dcc:	38 07       	cpc	r19, r24
     dce:	80 e0       	ldi	r24, 0x00	; 0
     dd0:	48 07       	cpc	r20, r24
     dd2:	80 e4       	ldi	r24, 0x40	; 64
     dd4:	58 07       	cpc	r21, r24
     dd6:	58 f3       	brcs	.-42     	; 0xdae <__unpack_f+0x66>
     dd8:	14 96       	adiw	r26, 0x04	; 4
     dda:	2d 93       	st	X+, r18
     ddc:	3d 93       	st	X+, r19
     dde:	4d 93       	st	X+, r20
     de0:	5c 93       	st	X, r21
     de2:	17 97       	sbiw	r26, 0x07	; 7
     de4:	08 95       	ret
     de6:	2f 3f       	cpi	r18, 0xFF	; 255
     de8:	31 05       	cpc	r19, r1
     dea:	79 f4       	brne	.+30     	; 0xe0a <__unpack_f+0xc2>
     dec:	41 15       	cp	r20, r1
     dee:	51 05       	cpc	r21, r1
     df0:	61 05       	cpc	r22, r1
     df2:	71 05       	cpc	r23, r1
     df4:	19 f4       	brne	.+6      	; 0xdfc <__unpack_f+0xb4>
     df6:	84 e0       	ldi	r24, 0x04	; 4
     df8:	8c 93       	st	X, r24
     dfa:	08 95       	ret
     dfc:	64 ff       	sbrs	r22, 4
     dfe:	03 c0       	rjmp	.+6      	; 0xe06 <__unpack_f+0xbe>
     e00:	81 e0       	ldi	r24, 0x01	; 1
     e02:	8c 93       	st	X, r24
     e04:	12 c0       	rjmp	.+36     	; 0xe2a <__unpack_f+0xe2>
     e06:	1c 92       	st	X, r1
     e08:	10 c0       	rjmp	.+32     	; 0xe2a <__unpack_f+0xe2>
     e0a:	2f 57       	subi	r18, 0x7F	; 127
     e0c:	30 40       	sbci	r19, 0x00	; 0
     e0e:	13 96       	adiw	r26, 0x03	; 3
     e10:	3c 93       	st	X, r19
     e12:	2e 93       	st	-X, r18
     e14:	12 97       	sbiw	r26, 0x02	; 2
     e16:	83 e0       	ldi	r24, 0x03	; 3
     e18:	8c 93       	st	X, r24
     e1a:	87 e0       	ldi	r24, 0x07	; 7
     e1c:	44 0f       	add	r20, r20
     e1e:	55 1f       	adc	r21, r21
     e20:	66 1f       	adc	r22, r22
     e22:	77 1f       	adc	r23, r23
     e24:	8a 95       	dec	r24
     e26:	d1 f7       	brne	.-12     	; 0xe1c <__unpack_f+0xd4>
     e28:	70 64       	ori	r23, 0x40	; 64
     e2a:	14 96       	adiw	r26, 0x04	; 4
     e2c:	4d 93       	st	X+, r20
     e2e:	5d 93       	st	X+, r21
     e30:	6d 93       	st	X+, r22
     e32:	7c 93       	st	X, r23
     e34:	17 97       	sbiw	r26, 0x07	; 7
     e36:	08 95       	ret

00000e38 <__fpcmp_parts_f>:
     e38:	1f 93       	push	r17
     e3a:	dc 01       	movw	r26, r24
     e3c:	fb 01       	movw	r30, r22
     e3e:	9c 91       	ld	r25, X
     e40:	92 30       	cpi	r25, 0x02	; 2
     e42:	08 f4       	brcc	.+2      	; 0xe46 <__fpcmp_parts_f+0xe>
     e44:	47 c0       	rjmp	.+142    	; 0xed4 <__fpcmp_parts_f+0x9c>
     e46:	80 81       	ld	r24, Z
     e48:	82 30       	cpi	r24, 0x02	; 2
     e4a:	08 f4       	brcc	.+2      	; 0xe4e <__fpcmp_parts_f+0x16>
     e4c:	43 c0       	rjmp	.+134    	; 0xed4 <__fpcmp_parts_f+0x9c>
     e4e:	94 30       	cpi	r25, 0x04	; 4
     e50:	51 f4       	brne	.+20     	; 0xe66 <__fpcmp_parts_f+0x2e>
     e52:	11 96       	adiw	r26, 0x01	; 1
     e54:	1c 91       	ld	r17, X
     e56:	84 30       	cpi	r24, 0x04	; 4
     e58:	99 f5       	brne	.+102    	; 0xec0 <__fpcmp_parts_f+0x88>
     e5a:	81 81       	ldd	r24, Z+1	; 0x01
     e5c:	68 2f       	mov	r22, r24
     e5e:	70 e0       	ldi	r23, 0x00	; 0
     e60:	61 1b       	sub	r22, r17
     e62:	71 09       	sbc	r23, r1
     e64:	3f c0       	rjmp	.+126    	; 0xee4 <__fpcmp_parts_f+0xac>
     e66:	84 30       	cpi	r24, 0x04	; 4
     e68:	21 f0       	breq	.+8      	; 0xe72 <__fpcmp_parts_f+0x3a>
     e6a:	92 30       	cpi	r25, 0x02	; 2
     e6c:	31 f4       	brne	.+12     	; 0xe7a <__fpcmp_parts_f+0x42>
     e6e:	82 30       	cpi	r24, 0x02	; 2
     e70:	b9 f1       	breq	.+110    	; 0xee0 <__fpcmp_parts_f+0xa8>
     e72:	81 81       	ldd	r24, Z+1	; 0x01
     e74:	88 23       	and	r24, r24
     e76:	89 f1       	breq	.+98     	; 0xeda <__fpcmp_parts_f+0xa2>
     e78:	2d c0       	rjmp	.+90     	; 0xed4 <__fpcmp_parts_f+0x9c>
     e7a:	11 96       	adiw	r26, 0x01	; 1
     e7c:	1c 91       	ld	r17, X
     e7e:	11 97       	sbiw	r26, 0x01	; 1
     e80:	82 30       	cpi	r24, 0x02	; 2
     e82:	f1 f0       	breq	.+60     	; 0xec0 <__fpcmp_parts_f+0x88>
     e84:	81 81       	ldd	r24, Z+1	; 0x01
     e86:	18 17       	cp	r17, r24
     e88:	d9 f4       	brne	.+54     	; 0xec0 <__fpcmp_parts_f+0x88>
     e8a:	12 96       	adiw	r26, 0x02	; 2
     e8c:	2d 91       	ld	r18, X+
     e8e:	3c 91       	ld	r19, X
     e90:	13 97       	sbiw	r26, 0x03	; 3
     e92:	82 81       	ldd	r24, Z+2	; 0x02
     e94:	93 81       	ldd	r25, Z+3	; 0x03
     e96:	82 17       	cp	r24, r18
     e98:	93 07       	cpc	r25, r19
     e9a:	94 f0       	brlt	.+36     	; 0xec0 <__fpcmp_parts_f+0x88>
     e9c:	28 17       	cp	r18, r24
     e9e:	39 07       	cpc	r19, r25
     ea0:	bc f0       	brlt	.+46     	; 0xed0 <__fpcmp_parts_f+0x98>
     ea2:	14 96       	adiw	r26, 0x04	; 4
     ea4:	8d 91       	ld	r24, X+
     ea6:	9d 91       	ld	r25, X+
     ea8:	0d 90       	ld	r0, X+
     eaa:	bc 91       	ld	r27, X
     eac:	a0 2d       	mov	r26, r0
     eae:	24 81       	ldd	r18, Z+4	; 0x04
     eb0:	35 81       	ldd	r19, Z+5	; 0x05
     eb2:	46 81       	ldd	r20, Z+6	; 0x06
     eb4:	57 81       	ldd	r21, Z+7	; 0x07
     eb6:	28 17       	cp	r18, r24
     eb8:	39 07       	cpc	r19, r25
     eba:	4a 07       	cpc	r20, r26
     ebc:	5b 07       	cpc	r21, r27
     ebe:	18 f4       	brcc	.+6      	; 0xec6 <__fpcmp_parts_f+0x8e>
     ec0:	11 23       	and	r17, r17
     ec2:	41 f0       	breq	.+16     	; 0xed4 <__fpcmp_parts_f+0x9c>
     ec4:	0a c0       	rjmp	.+20     	; 0xeda <__fpcmp_parts_f+0xa2>
     ec6:	82 17       	cp	r24, r18
     ec8:	93 07       	cpc	r25, r19
     eca:	a4 07       	cpc	r26, r20
     ecc:	b5 07       	cpc	r27, r21
     ece:	40 f4       	brcc	.+16     	; 0xee0 <__fpcmp_parts_f+0xa8>
     ed0:	11 23       	and	r17, r17
     ed2:	19 f0       	breq	.+6      	; 0xeda <__fpcmp_parts_f+0xa2>
     ed4:	61 e0       	ldi	r22, 0x01	; 1
     ed6:	70 e0       	ldi	r23, 0x00	; 0
     ed8:	05 c0       	rjmp	.+10     	; 0xee4 <__fpcmp_parts_f+0xac>
     eda:	6f ef       	ldi	r22, 0xFF	; 255
     edc:	7f ef       	ldi	r23, 0xFF	; 255
     ede:	02 c0       	rjmp	.+4      	; 0xee4 <__fpcmp_parts_f+0xac>
     ee0:	60 e0       	ldi	r22, 0x00	; 0
     ee2:	70 e0       	ldi	r23, 0x00	; 0
     ee4:	cb 01       	movw	r24, r22
     ee6:	1f 91       	pop	r17
     ee8:	08 95       	ret

00000eea <PWM_Timer0_Start>:
#include "PWM.h"
#include "gpio.h"


void PWM_Timer0_Start(uint8 duty_cycle)
{
     eea:	0f 93       	push	r16
     eec:	1f 93       	push	r17
     eee:	df 93       	push	r29
     ef0:	cf 93       	push	r28
     ef2:	0f 92       	push	r0
     ef4:	cd b7       	in	r28, 0x3d	; 61
     ef6:	de b7       	in	r29, 0x3e	; 62
     ef8:	89 83       	std	Y+1, r24	; 0x01
	GPIO_setupPinDirection(PORTB_ID, PIN3_ID, PIN_OUTPUT);
     efa:	81 e0       	ldi	r24, 0x01	; 1
     efc:	63 e0       	ldi	r22, 0x03	; 3
     efe:	41 e0       	ldi	r20, 0x01	; 1
     f00:	0e 94 1e 08 	call	0x103c	; 0x103c <GPIO_setupPinDirection>

	TCCR0 = (1 << WGM01) | (1 << WGM00) | (1 << COM01) | (1 << CS02) | (1 << CS00);
     f04:	e3 e5       	ldi	r30, 0x53	; 83
     f06:	f0 e0       	ldi	r31, 0x00	; 0
     f08:	8d e6       	ldi	r24, 0x6D	; 109
     f0a:	80 83       	st	Z, r24

	OCR0 = ((duty_cycle + 0.0) / 100.0) * 255;
     f0c:	0c e5       	ldi	r16, 0x5C	; 92
     f0e:	10 e0       	ldi	r17, 0x00	; 0
     f10:	89 81       	ldd	r24, Y+1	; 0x01
     f12:	88 2f       	mov	r24, r24
     f14:	90 e0       	ldi	r25, 0x00	; 0
     f16:	aa 27       	eor	r26, r26
     f18:	97 fd       	sbrc	r25, 7
     f1a:	a0 95       	com	r26
     f1c:	ba 2f       	mov	r27, r26
     f1e:	bc 01       	movw	r22, r24
     f20:	cd 01       	movw	r24, r26
     f22:	0e 94 55 04 	call	0x8aa	; 0x8aa <__floatsisf>
     f26:	dc 01       	movw	r26, r24
     f28:	cb 01       	movw	r24, r22
     f2a:	bc 01       	movw	r22, r24
     f2c:	cd 01       	movw	r24, r26
     f2e:	20 e0       	ldi	r18, 0x00	; 0
     f30:	30 e0       	ldi	r19, 0x00	; 0
     f32:	40 e0       	ldi	r20, 0x00	; 0
     f34:	50 e0       	ldi	r21, 0x00	; 0
     f36:	0e 94 f2 01 	call	0x3e4	; 0x3e4 <__addsf3>
     f3a:	dc 01       	movw	r26, r24
     f3c:	cb 01       	movw	r24, r22
     f3e:	bc 01       	movw	r22, r24
     f40:	cd 01       	movw	r24, r26
     f42:	20 e0       	ldi	r18, 0x00	; 0
     f44:	30 e0       	ldi	r19, 0x00	; 0
     f46:	48 ec       	ldi	r20, 0xC8	; 200
     f48:	52 e4       	ldi	r21, 0x42	; 66
     f4a:	0e 94 19 03 	call	0x632	; 0x632 <__divsf3>
     f4e:	dc 01       	movw	r26, r24
     f50:	cb 01       	movw	r24, r22
     f52:	bc 01       	movw	r22, r24
     f54:	cd 01       	movw	r24, r26
     f56:	20 e0       	ldi	r18, 0x00	; 0
     f58:	30 e0       	ldi	r19, 0x00	; 0
     f5a:	4f e7       	ldi	r20, 0x7F	; 127
     f5c:	53 e4       	ldi	r21, 0x43	; 67
     f5e:	0e 94 1f 02 	call	0x43e	; 0x43e <__mulsf3>
     f62:	dc 01       	movw	r26, r24
     f64:	cb 01       	movw	r24, r22
     f66:	bc 01       	movw	r22, r24
     f68:	cd 01       	movw	r24, r26
     f6a:	0e 94 49 00 	call	0x92	; 0x92 <__fixunssfsi>
     f6e:	dc 01       	movw	r26, r24
     f70:	cb 01       	movw	r24, r22
     f72:	f8 01       	movw	r30, r16
     f74:	80 83       	st	Z, r24
}
     f76:	0f 90       	pop	r0
     f78:	cf 91       	pop	r28
     f7a:	df 91       	pop	r29
     f7c:	1f 91       	pop	r17
     f7e:	0f 91       	pop	r16
     f80:	08 95       	ret

00000f82 <ADC_init>:
#include <avr/io.h>
#include "adc.h"
#include "../common_macros.h"

void ADC_init(const struct ADC_Config* config)
{
     f82:	df 93       	push	r29
     f84:	cf 93       	push	r28
     f86:	00 d0       	rcall	.+0      	; 0xf88 <ADC_init+0x6>
     f88:	cd b7       	in	r28, 0x3d	; 61
     f8a:	de b7       	in	r29, 0x3e	; 62
     f8c:	9a 83       	std	Y+2, r25	; 0x02
     f8e:	89 83       	std	Y+1, r24	; 0x01
	ADMUX = config->reference << 6;
     f90:	a7 e2       	ldi	r26, 0x27	; 39
     f92:	b0 e0       	ldi	r27, 0x00	; 0
     f94:	e9 81       	ldd	r30, Y+1	; 0x01
     f96:	fa 81       	ldd	r31, Y+2	; 0x02
     f98:	81 81       	ldd	r24, Z+1	; 0x01
     f9a:	82 95       	swap	r24
     f9c:	88 0f       	add	r24, r24
     f9e:	88 0f       	add	r24, r24
     fa0:	80 7c       	andi	r24, 0xC0	; 192
     fa2:	8c 93       	st	X, r24
	ADCSRA = (1 << ADEN);
     fa4:	e6 e2       	ldi	r30, 0x26	; 38
     fa6:	f0 e0       	ldi	r31, 0x00	; 0
     fa8:	80 e8       	ldi	r24, 0x80	; 128
     faa:	80 83       	st	Z, r24
	ADCSRA |= config->prescaler & 0x07;
     fac:	a6 e2       	ldi	r26, 0x26	; 38
     fae:	b0 e0       	ldi	r27, 0x00	; 0
     fb0:	e6 e2       	ldi	r30, 0x26	; 38
     fb2:	f0 e0       	ldi	r31, 0x00	; 0
     fb4:	80 81       	ld	r24, Z
     fb6:	98 2f       	mov	r25, r24
     fb8:	e9 81       	ldd	r30, Y+1	; 0x01
     fba:	fa 81       	ldd	r31, Y+2	; 0x02
     fbc:	80 81       	ld	r24, Z
     fbe:	87 70       	andi	r24, 0x07	; 7
     fc0:	89 2b       	or	r24, r25
     fc2:	8c 93       	st	X, r24
}
     fc4:	0f 90       	pop	r0
     fc6:	0f 90       	pop	r0
     fc8:	cf 91       	pop	r28
     fca:	df 91       	pop	r29
     fcc:	08 95       	ret

00000fce <ADC_readChannel>:


uint16 ADC_readChannel(uint8 ch_num)
{
     fce:	df 93       	push	r29
     fd0:	cf 93       	push	r28
     fd2:	0f 92       	push	r0
     fd4:	cd b7       	in	r28, 0x3d	; 61
     fd6:	de b7       	in	r29, 0x3e	; 62
     fd8:	89 83       	std	Y+1, r24	; 0x01
	ch_num &= 0x07;
     fda:	89 81       	ldd	r24, Y+1	; 0x01
     fdc:	87 70       	andi	r24, 0x07	; 7
     fde:	89 83       	std	Y+1, r24	; 0x01
	ADMUX &= 0xE0;
     fe0:	a7 e2       	ldi	r26, 0x27	; 39
     fe2:	b0 e0       	ldi	r27, 0x00	; 0
     fe4:	e7 e2       	ldi	r30, 0x27	; 39
     fe6:	f0 e0       	ldi	r31, 0x00	; 0
     fe8:	80 81       	ld	r24, Z
     fea:	80 7e       	andi	r24, 0xE0	; 224
     fec:	8c 93       	st	X, r24
	ADMUX = ADMUX | ch_num;
     fee:	a7 e2       	ldi	r26, 0x27	; 39
     ff0:	b0 e0       	ldi	r27, 0x00	; 0
     ff2:	e7 e2       	ldi	r30, 0x27	; 39
     ff4:	f0 e0       	ldi	r31, 0x00	; 0
     ff6:	90 81       	ld	r25, Z
     ff8:	89 81       	ldd	r24, Y+1	; 0x01
     ffa:	89 2b       	or	r24, r25
     ffc:	8c 93       	st	X, r24

	SET_BIT(ADCSRA, ADSC);
     ffe:	a6 e2       	ldi	r26, 0x26	; 38
    1000:	b0 e0       	ldi	r27, 0x00	; 0
    1002:	e6 e2       	ldi	r30, 0x26	; 38
    1004:	f0 e0       	ldi	r31, 0x00	; 0
    1006:	80 81       	ld	r24, Z
    1008:	80 64       	ori	r24, 0x40	; 64
    100a:	8c 93       	st	X, r24

	while(BIT_IS_CLEAR(ADCSRA, ADIF));
    100c:	e6 e2       	ldi	r30, 0x26	; 38
    100e:	f0 e0       	ldi	r31, 0x00	; 0
    1010:	80 81       	ld	r24, Z
    1012:	88 2f       	mov	r24, r24
    1014:	90 e0       	ldi	r25, 0x00	; 0
    1016:	80 71       	andi	r24, 0x10	; 16
    1018:	90 70       	andi	r25, 0x00	; 0
    101a:	00 97       	sbiw	r24, 0x00	; 0
    101c:	b9 f3       	breq	.-18     	; 0x100c <ADC_readChannel+0x3e>

	SET_BIT(ADCSRA, ADIF);
    101e:	a6 e2       	ldi	r26, 0x26	; 38
    1020:	b0 e0       	ldi	r27, 0x00	; 0
    1022:	e6 e2       	ldi	r30, 0x26	; 38
    1024:	f0 e0       	ldi	r31, 0x00	; 0
    1026:	80 81       	ld	r24, Z
    1028:	80 61       	ori	r24, 0x10	; 16
    102a:	8c 93       	st	X, r24

	return ADC;
    102c:	e4 e2       	ldi	r30, 0x24	; 36
    102e:	f0 e0       	ldi	r31, 0x00	; 0
    1030:	80 81       	ld	r24, Z
    1032:	91 81       	ldd	r25, Z+1	; 0x01
}
    1034:	0f 90       	pop	r0
    1036:	cf 91       	pop	r28
    1038:	df 91       	pop	r29
    103a:	08 95       	ret

0000103c <GPIO_setupPinDirection>:
 * Description :
 * Setup the direction of the required pin input/output.
 * If the input port number or pin number are not correct, The function will not handle the request.
 */
void GPIO_setupPinDirection(uint8 port_num, uint8 pin_num, GPIO_PinDirectionType direction)
{
    103c:	df 93       	push	r29
    103e:	cf 93       	push	r28
    1040:	00 d0       	rcall	.+0      	; 0x1042 <GPIO_setupPinDirection+0x6>
    1042:	00 d0       	rcall	.+0      	; 0x1044 <GPIO_setupPinDirection+0x8>
    1044:	0f 92       	push	r0
    1046:	cd b7       	in	r28, 0x3d	; 61
    1048:	de b7       	in	r29, 0x3e	; 62
    104a:	89 83       	std	Y+1, r24	; 0x01
    104c:	6a 83       	std	Y+2, r22	; 0x02
    104e:	4b 83       	std	Y+3, r20	; 0x03
	/*
	 * Check if the input port number is greater than NUM_OF_PINS_PER_PORT value.
	 * Or if the input pin number is greater than NUM_OF_PINS_PER_PORT value.
	 * In this case the input is not valid port/pin number
	 */
	if((pin_num >= NUM_OF_PINS_PER_PORT) || (port_num >= NUM_OF_PORTS))
    1050:	8a 81       	ldd	r24, Y+2	; 0x02
    1052:	88 30       	cpi	r24, 0x08	; 8
    1054:	08 f0       	brcs	.+2      	; 0x1058 <GPIO_setupPinDirection+0x1c>
    1056:	d5 c0       	rjmp	.+426    	; 0x1202 <GPIO_setupPinDirection+0x1c6>
    1058:	89 81       	ldd	r24, Y+1	; 0x01
    105a:	84 30       	cpi	r24, 0x04	; 4
    105c:	08 f0       	brcs	.+2      	; 0x1060 <GPIO_setupPinDirection+0x24>
    105e:	d1 c0       	rjmp	.+418    	; 0x1202 <GPIO_setupPinDirection+0x1c6>
		/* Do Nothing */
	}
	else
	{
		/* Setup the pin direction as required */
		switch(port_num)
    1060:	89 81       	ldd	r24, Y+1	; 0x01
    1062:	28 2f       	mov	r18, r24
    1064:	30 e0       	ldi	r19, 0x00	; 0
    1066:	3d 83       	std	Y+5, r19	; 0x05
    1068:	2c 83       	std	Y+4, r18	; 0x04
    106a:	8c 81       	ldd	r24, Y+4	; 0x04
    106c:	9d 81       	ldd	r25, Y+5	; 0x05
    106e:	81 30       	cpi	r24, 0x01	; 1
    1070:	91 05       	cpc	r25, r1
    1072:	09 f4       	brne	.+2      	; 0x1076 <GPIO_setupPinDirection+0x3a>
    1074:	43 c0       	rjmp	.+134    	; 0x10fc <GPIO_setupPinDirection+0xc0>
    1076:	2c 81       	ldd	r18, Y+4	; 0x04
    1078:	3d 81       	ldd	r19, Y+5	; 0x05
    107a:	22 30       	cpi	r18, 0x02	; 2
    107c:	31 05       	cpc	r19, r1
    107e:	2c f4       	brge	.+10     	; 0x108a <GPIO_setupPinDirection+0x4e>
    1080:	8c 81       	ldd	r24, Y+4	; 0x04
    1082:	9d 81       	ldd	r25, Y+5	; 0x05
    1084:	00 97       	sbiw	r24, 0x00	; 0
    1086:	71 f0       	breq	.+28     	; 0x10a4 <GPIO_setupPinDirection+0x68>
    1088:	bc c0       	rjmp	.+376    	; 0x1202 <GPIO_setupPinDirection+0x1c6>
    108a:	2c 81       	ldd	r18, Y+4	; 0x04
    108c:	3d 81       	ldd	r19, Y+5	; 0x05
    108e:	22 30       	cpi	r18, 0x02	; 2
    1090:	31 05       	cpc	r19, r1
    1092:	09 f4       	brne	.+2      	; 0x1096 <GPIO_setupPinDirection+0x5a>
    1094:	5f c0       	rjmp	.+190    	; 0x1154 <GPIO_setupPinDirection+0x118>
    1096:	8c 81       	ldd	r24, Y+4	; 0x04
    1098:	9d 81       	ldd	r25, Y+5	; 0x05
    109a:	83 30       	cpi	r24, 0x03	; 3
    109c:	91 05       	cpc	r25, r1
    109e:	09 f4       	brne	.+2      	; 0x10a2 <GPIO_setupPinDirection+0x66>
    10a0:	85 c0       	rjmp	.+266    	; 0x11ac <GPIO_setupPinDirection+0x170>
    10a2:	af c0       	rjmp	.+350    	; 0x1202 <GPIO_setupPinDirection+0x1c6>
		{
		case PORTA_ID:
			if(direction == PIN_OUTPUT)
    10a4:	8b 81       	ldd	r24, Y+3	; 0x03
    10a6:	81 30       	cpi	r24, 0x01	; 1
    10a8:	a1 f4       	brne	.+40     	; 0x10d2 <GPIO_setupPinDirection+0x96>
			{
				SET_BIT(DDRA,pin_num);
    10aa:	aa e3       	ldi	r26, 0x3A	; 58
    10ac:	b0 e0       	ldi	r27, 0x00	; 0
    10ae:	ea e3       	ldi	r30, 0x3A	; 58
    10b0:	f0 e0       	ldi	r31, 0x00	; 0
    10b2:	80 81       	ld	r24, Z
    10b4:	48 2f       	mov	r20, r24
    10b6:	8a 81       	ldd	r24, Y+2	; 0x02
    10b8:	28 2f       	mov	r18, r24
    10ba:	30 e0       	ldi	r19, 0x00	; 0
    10bc:	81 e0       	ldi	r24, 0x01	; 1
    10be:	90 e0       	ldi	r25, 0x00	; 0
    10c0:	02 2e       	mov	r0, r18
    10c2:	02 c0       	rjmp	.+4      	; 0x10c8 <GPIO_setupPinDirection+0x8c>
    10c4:	88 0f       	add	r24, r24
    10c6:	99 1f       	adc	r25, r25
    10c8:	0a 94       	dec	r0
    10ca:	e2 f7       	brpl	.-8      	; 0x10c4 <GPIO_setupPinDirection+0x88>
    10cc:	84 2b       	or	r24, r20
    10ce:	8c 93       	st	X, r24
    10d0:	98 c0       	rjmp	.+304    	; 0x1202 <GPIO_setupPinDirection+0x1c6>
			}
			else
			{
				CLEAR_BIT(DDRA,pin_num);
    10d2:	aa e3       	ldi	r26, 0x3A	; 58
    10d4:	b0 e0       	ldi	r27, 0x00	; 0
    10d6:	ea e3       	ldi	r30, 0x3A	; 58
    10d8:	f0 e0       	ldi	r31, 0x00	; 0
    10da:	80 81       	ld	r24, Z
    10dc:	48 2f       	mov	r20, r24
    10de:	8a 81       	ldd	r24, Y+2	; 0x02
    10e0:	28 2f       	mov	r18, r24
    10e2:	30 e0       	ldi	r19, 0x00	; 0
    10e4:	81 e0       	ldi	r24, 0x01	; 1
    10e6:	90 e0       	ldi	r25, 0x00	; 0
    10e8:	02 2e       	mov	r0, r18
    10ea:	02 c0       	rjmp	.+4      	; 0x10f0 <GPIO_setupPinDirection+0xb4>
    10ec:	88 0f       	add	r24, r24
    10ee:	99 1f       	adc	r25, r25
    10f0:	0a 94       	dec	r0
    10f2:	e2 f7       	brpl	.-8      	; 0x10ec <GPIO_setupPinDirection+0xb0>
    10f4:	80 95       	com	r24
    10f6:	84 23       	and	r24, r20
    10f8:	8c 93       	st	X, r24
    10fa:	83 c0       	rjmp	.+262    	; 0x1202 <GPIO_setupPinDirection+0x1c6>
			}
			break;
		case PORTB_ID:
			if(direction == PIN_OUTPUT)
    10fc:	8b 81       	ldd	r24, Y+3	; 0x03
    10fe:	81 30       	cpi	r24, 0x01	; 1
    1100:	a1 f4       	brne	.+40     	; 0x112a <GPIO_setupPinDirection+0xee>
			{
				SET_BIT(DDRB,pin_num);
    1102:	a7 e3       	ldi	r26, 0x37	; 55
    1104:	b0 e0       	ldi	r27, 0x00	; 0
    1106:	e7 e3       	ldi	r30, 0x37	; 55
    1108:	f0 e0       	ldi	r31, 0x00	; 0
    110a:	80 81       	ld	r24, Z
    110c:	48 2f       	mov	r20, r24
    110e:	8a 81       	ldd	r24, Y+2	; 0x02
    1110:	28 2f       	mov	r18, r24
    1112:	30 e0       	ldi	r19, 0x00	; 0
    1114:	81 e0       	ldi	r24, 0x01	; 1
    1116:	90 e0       	ldi	r25, 0x00	; 0
    1118:	02 2e       	mov	r0, r18
    111a:	02 c0       	rjmp	.+4      	; 0x1120 <GPIO_setupPinDirection+0xe4>
    111c:	88 0f       	add	r24, r24
    111e:	99 1f       	adc	r25, r25
    1120:	0a 94       	dec	r0
    1122:	e2 f7       	brpl	.-8      	; 0x111c <GPIO_setupPinDirection+0xe0>
    1124:	84 2b       	or	r24, r20
    1126:	8c 93       	st	X, r24
    1128:	6c c0       	rjmp	.+216    	; 0x1202 <GPIO_setupPinDirection+0x1c6>
			}
			else
			{
				CLEAR_BIT(DDRB,pin_num);
    112a:	a7 e3       	ldi	r26, 0x37	; 55
    112c:	b0 e0       	ldi	r27, 0x00	; 0
    112e:	e7 e3       	ldi	r30, 0x37	; 55
    1130:	f0 e0       	ldi	r31, 0x00	; 0
    1132:	80 81       	ld	r24, Z
    1134:	48 2f       	mov	r20, r24
    1136:	8a 81       	ldd	r24, Y+2	; 0x02
    1138:	28 2f       	mov	r18, r24
    113a:	30 e0       	ldi	r19, 0x00	; 0
    113c:	81 e0       	ldi	r24, 0x01	; 1
    113e:	90 e0       	ldi	r25, 0x00	; 0
    1140:	02 2e       	mov	r0, r18
    1142:	02 c0       	rjmp	.+4      	; 0x1148 <GPIO_setupPinDirection+0x10c>
    1144:	88 0f       	add	r24, r24
    1146:	99 1f       	adc	r25, r25
    1148:	0a 94       	dec	r0
    114a:	e2 f7       	brpl	.-8      	; 0x1144 <GPIO_setupPinDirection+0x108>
    114c:	80 95       	com	r24
    114e:	84 23       	and	r24, r20
    1150:	8c 93       	st	X, r24
    1152:	57 c0       	rjmp	.+174    	; 0x1202 <GPIO_setupPinDirection+0x1c6>
			}
			break;
		case PORTC_ID:
			if(direction == PIN_OUTPUT)
    1154:	8b 81       	ldd	r24, Y+3	; 0x03
    1156:	81 30       	cpi	r24, 0x01	; 1
    1158:	a1 f4       	brne	.+40     	; 0x1182 <GPIO_setupPinDirection+0x146>
			{
				SET_BIT(DDRC,pin_num);
    115a:	a4 e3       	ldi	r26, 0x34	; 52
    115c:	b0 e0       	ldi	r27, 0x00	; 0
    115e:	e4 e3       	ldi	r30, 0x34	; 52
    1160:	f0 e0       	ldi	r31, 0x00	; 0
    1162:	80 81       	ld	r24, Z
    1164:	48 2f       	mov	r20, r24
    1166:	8a 81       	ldd	r24, Y+2	; 0x02
    1168:	28 2f       	mov	r18, r24
    116a:	30 e0       	ldi	r19, 0x00	; 0
    116c:	81 e0       	ldi	r24, 0x01	; 1
    116e:	90 e0       	ldi	r25, 0x00	; 0
    1170:	02 2e       	mov	r0, r18
    1172:	02 c0       	rjmp	.+4      	; 0x1178 <GPIO_setupPinDirection+0x13c>
    1174:	88 0f       	add	r24, r24
    1176:	99 1f       	adc	r25, r25
    1178:	0a 94       	dec	r0
    117a:	e2 f7       	brpl	.-8      	; 0x1174 <GPIO_setupPinDirection+0x138>
    117c:	84 2b       	or	r24, r20
    117e:	8c 93       	st	X, r24
    1180:	40 c0       	rjmp	.+128    	; 0x1202 <GPIO_setupPinDirection+0x1c6>
			}
			else
			{
				CLEAR_BIT(DDRC,pin_num);
    1182:	a4 e3       	ldi	r26, 0x34	; 52
    1184:	b0 e0       	ldi	r27, 0x00	; 0
    1186:	e4 e3       	ldi	r30, 0x34	; 52
    1188:	f0 e0       	ldi	r31, 0x00	; 0
    118a:	80 81       	ld	r24, Z
    118c:	48 2f       	mov	r20, r24
    118e:	8a 81       	ldd	r24, Y+2	; 0x02
    1190:	28 2f       	mov	r18, r24
    1192:	30 e0       	ldi	r19, 0x00	; 0
    1194:	81 e0       	ldi	r24, 0x01	; 1
    1196:	90 e0       	ldi	r25, 0x00	; 0
    1198:	02 2e       	mov	r0, r18
    119a:	02 c0       	rjmp	.+4      	; 0x11a0 <GPIO_setupPinDirection+0x164>
    119c:	88 0f       	add	r24, r24
    119e:	99 1f       	adc	r25, r25
    11a0:	0a 94       	dec	r0
    11a2:	e2 f7       	brpl	.-8      	; 0x119c <GPIO_setupPinDirection+0x160>
    11a4:	80 95       	com	r24
    11a6:	84 23       	and	r24, r20
    11a8:	8c 93       	st	X, r24
    11aa:	2b c0       	rjmp	.+86     	; 0x1202 <GPIO_setupPinDirection+0x1c6>
			}
			break;
		case PORTD_ID:
			if(direction == PIN_OUTPUT)
    11ac:	8b 81       	ldd	r24, Y+3	; 0x03
    11ae:	81 30       	cpi	r24, 0x01	; 1
    11b0:	a1 f4       	brne	.+40     	; 0x11da <GPIO_setupPinDirection+0x19e>
			{
				SET_BIT(DDRD,pin_num);
    11b2:	a1 e3       	ldi	r26, 0x31	; 49
    11b4:	b0 e0       	ldi	r27, 0x00	; 0
    11b6:	e1 e3       	ldi	r30, 0x31	; 49
    11b8:	f0 e0       	ldi	r31, 0x00	; 0
    11ba:	80 81       	ld	r24, Z
    11bc:	48 2f       	mov	r20, r24
    11be:	8a 81       	ldd	r24, Y+2	; 0x02
    11c0:	28 2f       	mov	r18, r24
    11c2:	30 e0       	ldi	r19, 0x00	; 0
    11c4:	81 e0       	ldi	r24, 0x01	; 1
    11c6:	90 e0       	ldi	r25, 0x00	; 0
    11c8:	02 2e       	mov	r0, r18
    11ca:	02 c0       	rjmp	.+4      	; 0x11d0 <GPIO_setupPinDirection+0x194>
    11cc:	88 0f       	add	r24, r24
    11ce:	99 1f       	adc	r25, r25
    11d0:	0a 94       	dec	r0
    11d2:	e2 f7       	brpl	.-8      	; 0x11cc <GPIO_setupPinDirection+0x190>
    11d4:	84 2b       	or	r24, r20
    11d6:	8c 93       	st	X, r24
    11d8:	14 c0       	rjmp	.+40     	; 0x1202 <GPIO_setupPinDirection+0x1c6>
			}
			else
			{
				CLEAR_BIT(DDRD,pin_num);
    11da:	a1 e3       	ldi	r26, 0x31	; 49
    11dc:	b0 e0       	ldi	r27, 0x00	; 0
    11de:	e1 e3       	ldi	r30, 0x31	; 49
    11e0:	f0 e0       	ldi	r31, 0x00	; 0
    11e2:	80 81       	ld	r24, Z
    11e4:	48 2f       	mov	r20, r24
    11e6:	8a 81       	ldd	r24, Y+2	; 0x02
    11e8:	28 2f       	mov	r18, r24
    11ea:	30 e0       	ldi	r19, 0x00	; 0
    11ec:	81 e0       	ldi	r24, 0x01	; 1
    11ee:	90 e0       	ldi	r25, 0x00	; 0
    11f0:	02 2e       	mov	r0, r18
    11f2:	02 c0       	rjmp	.+4      	; 0x11f8 <GPIO_setupPinDirection+0x1bc>
    11f4:	88 0f       	add	r24, r24
    11f6:	99 1f       	adc	r25, r25
    11f8:	0a 94       	dec	r0
    11fa:	e2 f7       	brpl	.-8      	; 0x11f4 <GPIO_setupPinDirection+0x1b8>
    11fc:	80 95       	com	r24
    11fe:	84 23       	and	r24, r20
    1200:	8c 93       	st	X, r24
			}
			break;
		}
	}
}
    1202:	0f 90       	pop	r0
    1204:	0f 90       	pop	r0
    1206:	0f 90       	pop	r0
    1208:	0f 90       	pop	r0
    120a:	0f 90       	pop	r0
    120c:	cf 91       	pop	r28
    120e:	df 91       	pop	r29
    1210:	08 95       	ret

00001212 <GPIO_writePin>:
 * Write the value Logic High or Logic Low on the required pin.
 * If the input port number or pin number are not correct, The function will not handle the request.
 * If the pin is input, this function will enable/disable the internal pull-up resistor.
 */
void GPIO_writePin(uint8 port_num, uint8 pin_num, uint8 value)
{
    1212:	df 93       	push	r29
    1214:	cf 93       	push	r28
    1216:	00 d0       	rcall	.+0      	; 0x1218 <GPIO_writePin+0x6>
    1218:	00 d0       	rcall	.+0      	; 0x121a <GPIO_writePin+0x8>
    121a:	0f 92       	push	r0
    121c:	cd b7       	in	r28, 0x3d	; 61
    121e:	de b7       	in	r29, 0x3e	; 62
    1220:	89 83       	std	Y+1, r24	; 0x01
    1222:	6a 83       	std	Y+2, r22	; 0x02
    1224:	4b 83       	std	Y+3, r20	; 0x03
	if(port_num >= NUM_OF_PORTS || pin_num >= NUM_OF_PINS_PER_PORT)
    1226:	89 81       	ldd	r24, Y+1	; 0x01
    1228:	84 30       	cpi	r24, 0x04	; 4
    122a:	08 f0       	brcs	.+2      	; 0x122e <GPIO_writePin+0x1c>
    122c:	d5 c0       	rjmp	.+426    	; 0x13d8 <GPIO_writePin+0x1c6>
    122e:	8a 81       	ldd	r24, Y+2	; 0x02
    1230:	88 30       	cpi	r24, 0x08	; 8
    1232:	08 f0       	brcs	.+2      	; 0x1236 <GPIO_writePin+0x24>
    1234:	d1 c0       	rjmp	.+418    	; 0x13d8 <GPIO_writePin+0x1c6>
		return;


	switch (port_num)
    1236:	89 81       	ldd	r24, Y+1	; 0x01
    1238:	28 2f       	mov	r18, r24
    123a:	30 e0       	ldi	r19, 0x00	; 0
    123c:	3d 83       	std	Y+5, r19	; 0x05
    123e:	2c 83       	std	Y+4, r18	; 0x04
    1240:	8c 81       	ldd	r24, Y+4	; 0x04
    1242:	9d 81       	ldd	r25, Y+5	; 0x05
    1244:	81 30       	cpi	r24, 0x01	; 1
    1246:	91 05       	cpc	r25, r1
    1248:	09 f4       	brne	.+2      	; 0x124c <GPIO_writePin+0x3a>
    124a:	43 c0       	rjmp	.+134    	; 0x12d2 <GPIO_writePin+0xc0>
    124c:	2c 81       	ldd	r18, Y+4	; 0x04
    124e:	3d 81       	ldd	r19, Y+5	; 0x05
    1250:	22 30       	cpi	r18, 0x02	; 2
    1252:	31 05       	cpc	r19, r1
    1254:	2c f4       	brge	.+10     	; 0x1260 <GPIO_writePin+0x4e>
    1256:	8c 81       	ldd	r24, Y+4	; 0x04
    1258:	9d 81       	ldd	r25, Y+5	; 0x05
    125a:	00 97       	sbiw	r24, 0x00	; 0
    125c:	71 f0       	breq	.+28     	; 0x127a <GPIO_writePin+0x68>
    125e:	bc c0       	rjmp	.+376    	; 0x13d8 <GPIO_writePin+0x1c6>
    1260:	2c 81       	ldd	r18, Y+4	; 0x04
    1262:	3d 81       	ldd	r19, Y+5	; 0x05
    1264:	22 30       	cpi	r18, 0x02	; 2
    1266:	31 05       	cpc	r19, r1
    1268:	09 f4       	brne	.+2      	; 0x126c <GPIO_writePin+0x5a>
    126a:	5f c0       	rjmp	.+190    	; 0x132a <GPIO_writePin+0x118>
    126c:	8c 81       	ldd	r24, Y+4	; 0x04
    126e:	9d 81       	ldd	r25, Y+5	; 0x05
    1270:	83 30       	cpi	r24, 0x03	; 3
    1272:	91 05       	cpc	r25, r1
    1274:	09 f4       	brne	.+2      	; 0x1278 <GPIO_writePin+0x66>
    1276:	85 c0       	rjmp	.+266    	; 0x1382 <GPIO_writePin+0x170>
    1278:	af c0       	rjmp	.+350    	; 0x13d8 <GPIO_writePin+0x1c6>
	{
		case PORTA_ID:
			if(value == LOGIC_LOW)
    127a:	8b 81       	ldd	r24, Y+3	; 0x03
    127c:	88 23       	and	r24, r24
    127e:	a9 f4       	brne	.+42     	; 0x12aa <GPIO_writePin+0x98>
				CLEAR_BIT(PORTA, pin_num);
    1280:	ab e3       	ldi	r26, 0x3B	; 59
    1282:	b0 e0       	ldi	r27, 0x00	; 0
    1284:	eb e3       	ldi	r30, 0x3B	; 59
    1286:	f0 e0       	ldi	r31, 0x00	; 0
    1288:	80 81       	ld	r24, Z
    128a:	48 2f       	mov	r20, r24
    128c:	8a 81       	ldd	r24, Y+2	; 0x02
    128e:	28 2f       	mov	r18, r24
    1290:	30 e0       	ldi	r19, 0x00	; 0
    1292:	81 e0       	ldi	r24, 0x01	; 1
    1294:	90 e0       	ldi	r25, 0x00	; 0
    1296:	02 2e       	mov	r0, r18
    1298:	02 c0       	rjmp	.+4      	; 0x129e <GPIO_writePin+0x8c>
    129a:	88 0f       	add	r24, r24
    129c:	99 1f       	adc	r25, r25
    129e:	0a 94       	dec	r0
    12a0:	e2 f7       	brpl	.-8      	; 0x129a <GPIO_writePin+0x88>
    12a2:	80 95       	com	r24
    12a4:	84 23       	and	r24, r20
    12a6:	8c 93       	st	X, r24
    12a8:	97 c0       	rjmp	.+302    	; 0x13d8 <GPIO_writePin+0x1c6>
			else
				SET_BIT(PORTA, pin_num);
    12aa:	ab e3       	ldi	r26, 0x3B	; 59
    12ac:	b0 e0       	ldi	r27, 0x00	; 0
    12ae:	eb e3       	ldi	r30, 0x3B	; 59
    12b0:	f0 e0       	ldi	r31, 0x00	; 0
    12b2:	80 81       	ld	r24, Z
    12b4:	48 2f       	mov	r20, r24
    12b6:	8a 81       	ldd	r24, Y+2	; 0x02
    12b8:	28 2f       	mov	r18, r24
    12ba:	30 e0       	ldi	r19, 0x00	; 0
    12bc:	81 e0       	ldi	r24, 0x01	; 1
    12be:	90 e0       	ldi	r25, 0x00	; 0
    12c0:	02 2e       	mov	r0, r18
    12c2:	02 c0       	rjmp	.+4      	; 0x12c8 <GPIO_writePin+0xb6>
    12c4:	88 0f       	add	r24, r24
    12c6:	99 1f       	adc	r25, r25
    12c8:	0a 94       	dec	r0
    12ca:	e2 f7       	brpl	.-8      	; 0x12c4 <GPIO_writePin+0xb2>
    12cc:	84 2b       	or	r24, r20
    12ce:	8c 93       	st	X, r24
    12d0:	83 c0       	rjmp	.+262    	; 0x13d8 <GPIO_writePin+0x1c6>
			break;
		case PORTB_ID:
			if(value == LOGIC_LOW)
    12d2:	8b 81       	ldd	r24, Y+3	; 0x03
    12d4:	88 23       	and	r24, r24
    12d6:	a9 f4       	brne	.+42     	; 0x1302 <GPIO_writePin+0xf0>
				CLEAR_BIT(PORTB, pin_num);
    12d8:	a8 e3       	ldi	r26, 0x38	; 56
    12da:	b0 e0       	ldi	r27, 0x00	; 0
    12dc:	e8 e3       	ldi	r30, 0x38	; 56
    12de:	f0 e0       	ldi	r31, 0x00	; 0
    12e0:	80 81       	ld	r24, Z
    12e2:	48 2f       	mov	r20, r24
    12e4:	8a 81       	ldd	r24, Y+2	; 0x02
    12e6:	28 2f       	mov	r18, r24
    12e8:	30 e0       	ldi	r19, 0x00	; 0
    12ea:	81 e0       	ldi	r24, 0x01	; 1
    12ec:	90 e0       	ldi	r25, 0x00	; 0
    12ee:	02 2e       	mov	r0, r18
    12f0:	02 c0       	rjmp	.+4      	; 0x12f6 <GPIO_writePin+0xe4>
    12f2:	88 0f       	add	r24, r24
    12f4:	99 1f       	adc	r25, r25
    12f6:	0a 94       	dec	r0
    12f8:	e2 f7       	brpl	.-8      	; 0x12f2 <GPIO_writePin+0xe0>
    12fa:	80 95       	com	r24
    12fc:	84 23       	and	r24, r20
    12fe:	8c 93       	st	X, r24
    1300:	6b c0       	rjmp	.+214    	; 0x13d8 <GPIO_writePin+0x1c6>
			else
				SET_BIT(PORTB, pin_num);
    1302:	a8 e3       	ldi	r26, 0x38	; 56
    1304:	b0 e0       	ldi	r27, 0x00	; 0
    1306:	e8 e3       	ldi	r30, 0x38	; 56
    1308:	f0 e0       	ldi	r31, 0x00	; 0
    130a:	80 81       	ld	r24, Z
    130c:	48 2f       	mov	r20, r24
    130e:	8a 81       	ldd	r24, Y+2	; 0x02
    1310:	28 2f       	mov	r18, r24
    1312:	30 e0       	ldi	r19, 0x00	; 0
    1314:	81 e0       	ldi	r24, 0x01	; 1
    1316:	90 e0       	ldi	r25, 0x00	; 0
    1318:	02 2e       	mov	r0, r18
    131a:	02 c0       	rjmp	.+4      	; 0x1320 <GPIO_writePin+0x10e>
    131c:	88 0f       	add	r24, r24
    131e:	99 1f       	adc	r25, r25
    1320:	0a 94       	dec	r0
    1322:	e2 f7       	brpl	.-8      	; 0x131c <GPIO_writePin+0x10a>
    1324:	84 2b       	or	r24, r20
    1326:	8c 93       	st	X, r24
    1328:	57 c0       	rjmp	.+174    	; 0x13d8 <GPIO_writePin+0x1c6>
			break;
		case PORTC_ID:
			if(value == LOGIC_LOW)
    132a:	8b 81       	ldd	r24, Y+3	; 0x03
    132c:	88 23       	and	r24, r24
    132e:	a9 f4       	brne	.+42     	; 0x135a <GPIO_writePin+0x148>
				CLEAR_BIT(PORTC, pin_num);
    1330:	a5 e3       	ldi	r26, 0x35	; 53
    1332:	b0 e0       	ldi	r27, 0x00	; 0
    1334:	e5 e3       	ldi	r30, 0x35	; 53
    1336:	f0 e0       	ldi	r31, 0x00	; 0
    1338:	80 81       	ld	r24, Z
    133a:	48 2f       	mov	r20, r24
    133c:	8a 81       	ldd	r24, Y+2	; 0x02
    133e:	28 2f       	mov	r18, r24
    1340:	30 e0       	ldi	r19, 0x00	; 0
    1342:	81 e0       	ldi	r24, 0x01	; 1
    1344:	90 e0       	ldi	r25, 0x00	; 0
    1346:	02 2e       	mov	r0, r18
    1348:	02 c0       	rjmp	.+4      	; 0x134e <GPIO_writePin+0x13c>
    134a:	88 0f       	add	r24, r24
    134c:	99 1f       	adc	r25, r25
    134e:	0a 94       	dec	r0
    1350:	e2 f7       	brpl	.-8      	; 0x134a <GPIO_writePin+0x138>
    1352:	80 95       	com	r24
    1354:	84 23       	and	r24, r20
    1356:	8c 93       	st	X, r24
    1358:	3f c0       	rjmp	.+126    	; 0x13d8 <GPIO_writePin+0x1c6>
			else
				SET_BIT(PORTC, pin_num);
    135a:	a5 e3       	ldi	r26, 0x35	; 53
    135c:	b0 e0       	ldi	r27, 0x00	; 0
    135e:	e5 e3       	ldi	r30, 0x35	; 53
    1360:	f0 e0       	ldi	r31, 0x00	; 0
    1362:	80 81       	ld	r24, Z
    1364:	48 2f       	mov	r20, r24
    1366:	8a 81       	ldd	r24, Y+2	; 0x02
    1368:	28 2f       	mov	r18, r24
    136a:	30 e0       	ldi	r19, 0x00	; 0
    136c:	81 e0       	ldi	r24, 0x01	; 1
    136e:	90 e0       	ldi	r25, 0x00	; 0
    1370:	02 2e       	mov	r0, r18
    1372:	02 c0       	rjmp	.+4      	; 0x1378 <GPIO_writePin+0x166>
    1374:	88 0f       	add	r24, r24
    1376:	99 1f       	adc	r25, r25
    1378:	0a 94       	dec	r0
    137a:	e2 f7       	brpl	.-8      	; 0x1374 <GPIO_writePin+0x162>
    137c:	84 2b       	or	r24, r20
    137e:	8c 93       	st	X, r24
    1380:	2b c0       	rjmp	.+86     	; 0x13d8 <GPIO_writePin+0x1c6>
			break;
		case PORTD_ID:
			if(value == LOGIC_LOW)
    1382:	8b 81       	ldd	r24, Y+3	; 0x03
    1384:	88 23       	and	r24, r24
    1386:	a9 f4       	brne	.+42     	; 0x13b2 <GPIO_writePin+0x1a0>
				CLEAR_BIT(PORTD, pin_num);
    1388:	a2 e3       	ldi	r26, 0x32	; 50
    138a:	b0 e0       	ldi	r27, 0x00	; 0
    138c:	e2 e3       	ldi	r30, 0x32	; 50
    138e:	f0 e0       	ldi	r31, 0x00	; 0
    1390:	80 81       	ld	r24, Z
    1392:	48 2f       	mov	r20, r24
    1394:	8a 81       	ldd	r24, Y+2	; 0x02
    1396:	28 2f       	mov	r18, r24
    1398:	30 e0       	ldi	r19, 0x00	; 0
    139a:	81 e0       	ldi	r24, 0x01	; 1
    139c:	90 e0       	ldi	r25, 0x00	; 0
    139e:	02 2e       	mov	r0, r18
    13a0:	02 c0       	rjmp	.+4      	; 0x13a6 <GPIO_writePin+0x194>
    13a2:	88 0f       	add	r24, r24
    13a4:	99 1f       	adc	r25, r25
    13a6:	0a 94       	dec	r0
    13a8:	e2 f7       	brpl	.-8      	; 0x13a2 <GPIO_writePin+0x190>
    13aa:	80 95       	com	r24
    13ac:	84 23       	and	r24, r20
    13ae:	8c 93       	st	X, r24
    13b0:	13 c0       	rjmp	.+38     	; 0x13d8 <GPIO_writePin+0x1c6>
			else
				SET_BIT(PORTD, pin_num);
    13b2:	a2 e3       	ldi	r26, 0x32	; 50
    13b4:	b0 e0       	ldi	r27, 0x00	; 0
    13b6:	e2 e3       	ldi	r30, 0x32	; 50
    13b8:	f0 e0       	ldi	r31, 0x00	; 0
    13ba:	80 81       	ld	r24, Z
    13bc:	48 2f       	mov	r20, r24
    13be:	8a 81       	ldd	r24, Y+2	; 0x02
    13c0:	28 2f       	mov	r18, r24
    13c2:	30 e0       	ldi	r19, 0x00	; 0
    13c4:	81 e0       	ldi	r24, 0x01	; 1
    13c6:	90 e0       	ldi	r25, 0x00	; 0
    13c8:	02 2e       	mov	r0, r18
    13ca:	02 c0       	rjmp	.+4      	; 0x13d0 <GPIO_writePin+0x1be>
    13cc:	88 0f       	add	r24, r24
    13ce:	99 1f       	adc	r25, r25
    13d0:	0a 94       	dec	r0
    13d2:	e2 f7       	brpl	.-8      	; 0x13cc <GPIO_writePin+0x1ba>
    13d4:	84 2b       	or	r24, r20
    13d6:	8c 93       	st	X, r24
			break;
	}

}
    13d8:	0f 90       	pop	r0
    13da:	0f 90       	pop	r0
    13dc:	0f 90       	pop	r0
    13de:	0f 90       	pop	r0
    13e0:	0f 90       	pop	r0
    13e2:	cf 91       	pop	r28
    13e4:	df 91       	pop	r29
    13e6:	08 95       	ret

000013e8 <GPIO_readPin>:
 * Description :
 * Read and return the value for the required pin, it should be Logic High or Logic Low.
 * If the input port number or pin number are not correct, The function will return Logic Low.
 */
uint8 GPIO_readPin(uint8 port_num, uint8 pin_num)
{
    13e8:	df 93       	push	r29
    13ea:	cf 93       	push	r28
    13ec:	00 d0       	rcall	.+0      	; 0x13ee <GPIO_readPin+0x6>
    13ee:	00 d0       	rcall	.+0      	; 0x13f0 <GPIO_readPin+0x8>
    13f0:	00 d0       	rcall	.+0      	; 0x13f2 <GPIO_readPin+0xa>
    13f2:	cd b7       	in	r28, 0x3d	; 61
    13f4:	de b7       	in	r29, 0x3e	; 62
    13f6:	8a 83       	std	Y+2, r24	; 0x02
    13f8:	6b 83       	std	Y+3, r22	; 0x03
	uint8 ans;

	if(!(port_num >= NUM_OF_PORTS || pin_num >= NUM_OF_PINS_PER_PORT))
    13fa:	8a 81       	ldd	r24, Y+2	; 0x02
    13fc:	84 30       	cpi	r24, 0x04	; 4
    13fe:	08 f0       	brcs	.+2      	; 0x1402 <GPIO_readPin+0x1a>
    1400:	6a c0       	rjmp	.+212    	; 0x14d6 <GPIO_readPin+0xee>
    1402:	8b 81       	ldd	r24, Y+3	; 0x03
    1404:	88 30       	cpi	r24, 0x08	; 8
    1406:	08 f0       	brcs	.+2      	; 0x140a <GPIO_readPin+0x22>
    1408:	66 c0       	rjmp	.+204    	; 0x14d6 <GPIO_readPin+0xee>
		switch (port_num)
    140a:	8a 81       	ldd	r24, Y+2	; 0x02
    140c:	28 2f       	mov	r18, r24
    140e:	30 e0       	ldi	r19, 0x00	; 0
    1410:	3e 83       	std	Y+6, r19	; 0x06
    1412:	2d 83       	std	Y+5, r18	; 0x05
    1414:	8d 81       	ldd	r24, Y+5	; 0x05
    1416:	9e 81       	ldd	r25, Y+6	; 0x06
    1418:	81 30       	cpi	r24, 0x01	; 1
    141a:	91 05       	cpc	r25, r1
    141c:	39 f1       	breq	.+78     	; 0x146c <GPIO_readPin+0x84>
    141e:	2d 81       	ldd	r18, Y+5	; 0x05
    1420:	3e 81       	ldd	r19, Y+6	; 0x06
    1422:	22 30       	cpi	r18, 0x02	; 2
    1424:	31 05       	cpc	r19, r1
    1426:	2c f4       	brge	.+10     	; 0x1432 <GPIO_readPin+0x4a>
    1428:	8d 81       	ldd	r24, Y+5	; 0x05
    142a:	9e 81       	ldd	r25, Y+6	; 0x06
    142c:	00 97       	sbiw	r24, 0x00	; 0
    142e:	61 f0       	breq	.+24     	; 0x1448 <GPIO_readPin+0x60>
    1430:	52 c0       	rjmp	.+164    	; 0x14d6 <GPIO_readPin+0xee>
    1432:	2d 81       	ldd	r18, Y+5	; 0x05
    1434:	3e 81       	ldd	r19, Y+6	; 0x06
    1436:	22 30       	cpi	r18, 0x02	; 2
    1438:	31 05       	cpc	r19, r1
    143a:	51 f1       	breq	.+84     	; 0x1490 <GPIO_readPin+0xa8>
    143c:	8d 81       	ldd	r24, Y+5	; 0x05
    143e:	9e 81       	ldd	r25, Y+6	; 0x06
    1440:	83 30       	cpi	r24, 0x03	; 3
    1442:	91 05       	cpc	r25, r1
    1444:	b9 f1       	breq	.+110    	; 0x14b4 <GPIO_readPin+0xcc>
    1446:	47 c0       	rjmp	.+142    	; 0x14d6 <GPIO_readPin+0xee>
		{
			case PORTA_ID:
				ans = BIT_IS_SET(PINA, pin_num);
    1448:	e9 e3       	ldi	r30, 0x39	; 57
    144a:	f0 e0       	ldi	r31, 0x00	; 0
    144c:	80 81       	ld	r24, Z
    144e:	48 2f       	mov	r20, r24
    1450:	8b 81       	ldd	r24, Y+3	; 0x03
    1452:	28 2f       	mov	r18, r24
    1454:	30 e0       	ldi	r19, 0x00	; 0
    1456:	81 e0       	ldi	r24, 0x01	; 1
    1458:	90 e0       	ldi	r25, 0x00	; 0
    145a:	02 2e       	mov	r0, r18
    145c:	02 c0       	rjmp	.+4      	; 0x1462 <GPIO_readPin+0x7a>
    145e:	88 0f       	add	r24, r24
    1460:	99 1f       	adc	r25, r25
    1462:	0a 94       	dec	r0
    1464:	e2 f7       	brpl	.-8      	; 0x145e <GPIO_readPin+0x76>
    1466:	84 23       	and	r24, r20
    1468:	89 83       	std	Y+1, r24	; 0x01
    146a:	35 c0       	rjmp	.+106    	; 0x14d6 <GPIO_readPin+0xee>
				break;
			case PORTB_ID:
				ans = BIT_IS_SET(PINB, pin_num);
    146c:	e6 e3       	ldi	r30, 0x36	; 54
    146e:	f0 e0       	ldi	r31, 0x00	; 0
    1470:	80 81       	ld	r24, Z
    1472:	48 2f       	mov	r20, r24
    1474:	8b 81       	ldd	r24, Y+3	; 0x03
    1476:	28 2f       	mov	r18, r24
    1478:	30 e0       	ldi	r19, 0x00	; 0
    147a:	81 e0       	ldi	r24, 0x01	; 1
    147c:	90 e0       	ldi	r25, 0x00	; 0
    147e:	02 2e       	mov	r0, r18
    1480:	02 c0       	rjmp	.+4      	; 0x1486 <GPIO_readPin+0x9e>
    1482:	88 0f       	add	r24, r24
    1484:	99 1f       	adc	r25, r25
    1486:	0a 94       	dec	r0
    1488:	e2 f7       	brpl	.-8      	; 0x1482 <GPIO_readPin+0x9a>
    148a:	84 23       	and	r24, r20
    148c:	89 83       	std	Y+1, r24	; 0x01
    148e:	23 c0       	rjmp	.+70     	; 0x14d6 <GPIO_readPin+0xee>
				break;
			case PORTC_ID:
				ans = BIT_IS_SET(PINC, pin_num);
    1490:	e3 e3       	ldi	r30, 0x33	; 51
    1492:	f0 e0       	ldi	r31, 0x00	; 0
    1494:	80 81       	ld	r24, Z
    1496:	48 2f       	mov	r20, r24
    1498:	8b 81       	ldd	r24, Y+3	; 0x03
    149a:	28 2f       	mov	r18, r24
    149c:	30 e0       	ldi	r19, 0x00	; 0
    149e:	81 e0       	ldi	r24, 0x01	; 1
    14a0:	90 e0       	ldi	r25, 0x00	; 0
    14a2:	02 2e       	mov	r0, r18
    14a4:	02 c0       	rjmp	.+4      	; 0x14aa <GPIO_readPin+0xc2>
    14a6:	88 0f       	add	r24, r24
    14a8:	99 1f       	adc	r25, r25
    14aa:	0a 94       	dec	r0
    14ac:	e2 f7       	brpl	.-8      	; 0x14a6 <GPIO_readPin+0xbe>
    14ae:	84 23       	and	r24, r20
    14b0:	89 83       	std	Y+1, r24	; 0x01
    14b2:	11 c0       	rjmp	.+34     	; 0x14d6 <GPIO_readPin+0xee>
				break;
			case PORTD_ID:
				ans = BIT_IS_SET(PIND, pin_num);
    14b4:	e0 e3       	ldi	r30, 0x30	; 48
    14b6:	f0 e0       	ldi	r31, 0x00	; 0
    14b8:	80 81       	ld	r24, Z
    14ba:	48 2f       	mov	r20, r24
    14bc:	8b 81       	ldd	r24, Y+3	; 0x03
    14be:	28 2f       	mov	r18, r24
    14c0:	30 e0       	ldi	r19, 0x00	; 0
    14c2:	81 e0       	ldi	r24, 0x01	; 1
    14c4:	90 e0       	ldi	r25, 0x00	; 0
    14c6:	02 2e       	mov	r0, r18
    14c8:	02 c0       	rjmp	.+4      	; 0x14ce <GPIO_readPin+0xe6>
    14ca:	88 0f       	add	r24, r24
    14cc:	99 1f       	adc	r25, r25
    14ce:	0a 94       	dec	r0
    14d0:	e2 f7       	brpl	.-8      	; 0x14ca <GPIO_readPin+0xe2>
    14d2:	84 23       	and	r24, r20
    14d4:	89 83       	std	Y+1, r24	; 0x01
				break;
		}

	return ans ? LOGIC_HIGH : LOGIC_LOW;
    14d6:	89 81       	ldd	r24, Y+1	; 0x01
    14d8:	88 23       	and	r24, r24
    14da:	19 f0       	breq	.+6      	; 0x14e2 <GPIO_readPin+0xfa>
    14dc:	91 e0       	ldi	r25, 0x01	; 1
    14de:	9c 83       	std	Y+4, r25	; 0x04
    14e0:	01 c0       	rjmp	.+2      	; 0x14e4 <GPIO_readPin+0xfc>
    14e2:	1c 82       	std	Y+4, r1	; 0x04
    14e4:	8c 81       	ldd	r24, Y+4	; 0x04
}
    14e6:	26 96       	adiw	r28, 0x06	; 6
    14e8:	0f b6       	in	r0, 0x3f	; 63
    14ea:	f8 94       	cli
    14ec:	de bf       	out	0x3e, r29	; 62
    14ee:	0f be       	out	0x3f, r0	; 63
    14f0:	cd bf       	out	0x3d, r28	; 61
    14f2:	cf 91       	pop	r28
    14f4:	df 91       	pop	r29
    14f6:	08 95       	ret

000014f8 <GPIO_setupPortDirection>:
 * If the direction value is PORT_INPUT all pins in this port should be input pins.
 * If the direction value is PORT_OUTPUT all pins in this port should be output pins.
 * If the input port number is not correct, The function will not handle the request.
 */
void GPIO_setupPortDirection(uint8 port_num, GPIO_PortDirectionType direction)
{
    14f8:	df 93       	push	r29
    14fa:	cf 93       	push	r28
    14fc:	00 d0       	rcall	.+0      	; 0x14fe <GPIO_setupPortDirection+0x6>
    14fe:	00 d0       	rcall	.+0      	; 0x1500 <GPIO_setupPortDirection+0x8>
    1500:	cd b7       	in	r28, 0x3d	; 61
    1502:	de b7       	in	r29, 0x3e	; 62
    1504:	89 83       	std	Y+1, r24	; 0x01
    1506:	6a 83       	std	Y+2, r22	; 0x02
	/*
	 * Check if the input number is greater than NUM_OF_PORTS value.
	 * In this case the input is not valid port number
	 */
	if(port_num >= NUM_OF_PORTS)
    1508:	89 81       	ldd	r24, Y+1	; 0x01
    150a:	84 30       	cpi	r24, 0x04	; 4
    150c:	90 f5       	brcc	.+100    	; 0x1572 <GPIO_setupPortDirection+0x7a>
		/* Do Nothing */
	}
	else
	{
		/* Setup the port direction as required */
		switch(port_num)
    150e:	89 81       	ldd	r24, Y+1	; 0x01
    1510:	28 2f       	mov	r18, r24
    1512:	30 e0       	ldi	r19, 0x00	; 0
    1514:	3c 83       	std	Y+4, r19	; 0x04
    1516:	2b 83       	std	Y+3, r18	; 0x03
    1518:	8b 81       	ldd	r24, Y+3	; 0x03
    151a:	9c 81       	ldd	r25, Y+4	; 0x04
    151c:	81 30       	cpi	r24, 0x01	; 1
    151e:	91 05       	cpc	r25, r1
    1520:	d1 f0       	breq	.+52     	; 0x1556 <GPIO_setupPortDirection+0x5e>
    1522:	2b 81       	ldd	r18, Y+3	; 0x03
    1524:	3c 81       	ldd	r19, Y+4	; 0x04
    1526:	22 30       	cpi	r18, 0x02	; 2
    1528:	31 05       	cpc	r19, r1
    152a:	2c f4       	brge	.+10     	; 0x1536 <GPIO_setupPortDirection+0x3e>
    152c:	8b 81       	ldd	r24, Y+3	; 0x03
    152e:	9c 81       	ldd	r25, Y+4	; 0x04
    1530:	00 97       	sbiw	r24, 0x00	; 0
    1532:	61 f0       	breq	.+24     	; 0x154c <GPIO_setupPortDirection+0x54>
    1534:	1e c0       	rjmp	.+60     	; 0x1572 <GPIO_setupPortDirection+0x7a>
    1536:	2b 81       	ldd	r18, Y+3	; 0x03
    1538:	3c 81       	ldd	r19, Y+4	; 0x04
    153a:	22 30       	cpi	r18, 0x02	; 2
    153c:	31 05       	cpc	r19, r1
    153e:	81 f0       	breq	.+32     	; 0x1560 <GPIO_setupPortDirection+0x68>
    1540:	8b 81       	ldd	r24, Y+3	; 0x03
    1542:	9c 81       	ldd	r25, Y+4	; 0x04
    1544:	83 30       	cpi	r24, 0x03	; 3
    1546:	91 05       	cpc	r25, r1
    1548:	81 f0       	breq	.+32     	; 0x156a <GPIO_setupPortDirection+0x72>
    154a:	13 c0       	rjmp	.+38     	; 0x1572 <GPIO_setupPortDirection+0x7a>
		{
		case PORTA_ID:
			DDRA = direction;
    154c:	ea e3       	ldi	r30, 0x3A	; 58
    154e:	f0 e0       	ldi	r31, 0x00	; 0
    1550:	8a 81       	ldd	r24, Y+2	; 0x02
    1552:	80 83       	st	Z, r24
    1554:	0e c0       	rjmp	.+28     	; 0x1572 <GPIO_setupPortDirection+0x7a>
			break;
		case PORTB_ID:
			DDRB = direction;
    1556:	e7 e3       	ldi	r30, 0x37	; 55
    1558:	f0 e0       	ldi	r31, 0x00	; 0
    155a:	8a 81       	ldd	r24, Y+2	; 0x02
    155c:	80 83       	st	Z, r24
    155e:	09 c0       	rjmp	.+18     	; 0x1572 <GPIO_setupPortDirection+0x7a>
			break;
		case PORTC_ID:
			DDRC = direction;
    1560:	e4 e3       	ldi	r30, 0x34	; 52
    1562:	f0 e0       	ldi	r31, 0x00	; 0
    1564:	8a 81       	ldd	r24, Y+2	; 0x02
    1566:	80 83       	st	Z, r24
    1568:	04 c0       	rjmp	.+8      	; 0x1572 <GPIO_setupPortDirection+0x7a>
			break;
		case PORTD_ID:
			DDRD = direction;
    156a:	e1 e3       	ldi	r30, 0x31	; 49
    156c:	f0 e0       	ldi	r31, 0x00	; 0
    156e:	8a 81       	ldd	r24, Y+2	; 0x02
    1570:	80 83       	st	Z, r24
			break;
		}
	}
}
    1572:	0f 90       	pop	r0
    1574:	0f 90       	pop	r0
    1576:	0f 90       	pop	r0
    1578:	0f 90       	pop	r0
    157a:	cf 91       	pop	r28
    157c:	df 91       	pop	r29
    157e:	08 95       	ret

00001580 <GPIO_writePort>:
 * If any pin in the port is output pin the value will be written.
 * If any pin in the port is input pin this will activate/deactivate the internal pull-up resistor.
 * If the input port number is not correct, The function will not handle the request.
 */
void GPIO_writePort(uint8 port_num, uint8 value)
{
    1580:	df 93       	push	r29
    1582:	cf 93       	push	r28
    1584:	00 d0       	rcall	.+0      	; 0x1586 <GPIO_writePort+0x6>
    1586:	00 d0       	rcall	.+0      	; 0x1588 <GPIO_writePort+0x8>
    1588:	cd b7       	in	r28, 0x3d	; 61
    158a:	de b7       	in	r29, 0x3e	; 62
    158c:	89 83       	std	Y+1, r24	; 0x01
    158e:	6a 83       	std	Y+2, r22	; 0x02
	if(port_num >= NUM_OF_PORTS)
    1590:	89 81       	ldd	r24, Y+1	; 0x01
    1592:	84 30       	cpi	r24, 0x04	; 4
    1594:	90 f5       	brcc	.+100    	; 0x15fa <GPIO_writePort+0x7a>
		return;

	switch(port_num)
    1596:	89 81       	ldd	r24, Y+1	; 0x01
    1598:	28 2f       	mov	r18, r24
    159a:	30 e0       	ldi	r19, 0x00	; 0
    159c:	3c 83       	std	Y+4, r19	; 0x04
    159e:	2b 83       	std	Y+3, r18	; 0x03
    15a0:	8b 81       	ldd	r24, Y+3	; 0x03
    15a2:	9c 81       	ldd	r25, Y+4	; 0x04
    15a4:	81 30       	cpi	r24, 0x01	; 1
    15a6:	91 05       	cpc	r25, r1
    15a8:	d1 f0       	breq	.+52     	; 0x15de <GPIO_writePort+0x5e>
    15aa:	2b 81       	ldd	r18, Y+3	; 0x03
    15ac:	3c 81       	ldd	r19, Y+4	; 0x04
    15ae:	22 30       	cpi	r18, 0x02	; 2
    15b0:	31 05       	cpc	r19, r1
    15b2:	2c f4       	brge	.+10     	; 0x15be <GPIO_writePort+0x3e>
    15b4:	8b 81       	ldd	r24, Y+3	; 0x03
    15b6:	9c 81       	ldd	r25, Y+4	; 0x04
    15b8:	00 97       	sbiw	r24, 0x00	; 0
    15ba:	61 f0       	breq	.+24     	; 0x15d4 <GPIO_writePort+0x54>
    15bc:	1e c0       	rjmp	.+60     	; 0x15fa <GPIO_writePort+0x7a>
    15be:	2b 81       	ldd	r18, Y+3	; 0x03
    15c0:	3c 81       	ldd	r19, Y+4	; 0x04
    15c2:	22 30       	cpi	r18, 0x02	; 2
    15c4:	31 05       	cpc	r19, r1
    15c6:	81 f0       	breq	.+32     	; 0x15e8 <GPIO_writePort+0x68>
    15c8:	8b 81       	ldd	r24, Y+3	; 0x03
    15ca:	9c 81       	ldd	r25, Y+4	; 0x04
    15cc:	83 30       	cpi	r24, 0x03	; 3
    15ce:	91 05       	cpc	r25, r1
    15d0:	81 f0       	breq	.+32     	; 0x15f2 <GPIO_writePort+0x72>
    15d2:	13 c0       	rjmp	.+38     	; 0x15fa <GPIO_writePort+0x7a>
	{
	case PORTA_ID:
		PORTA = value;
    15d4:	eb e3       	ldi	r30, 0x3B	; 59
    15d6:	f0 e0       	ldi	r31, 0x00	; 0
    15d8:	8a 81       	ldd	r24, Y+2	; 0x02
    15da:	80 83       	st	Z, r24
    15dc:	0e c0       	rjmp	.+28     	; 0x15fa <GPIO_writePort+0x7a>
		break;
	case PORTB_ID:
		PORTB = value;
    15de:	e8 e3       	ldi	r30, 0x38	; 56
    15e0:	f0 e0       	ldi	r31, 0x00	; 0
    15e2:	8a 81       	ldd	r24, Y+2	; 0x02
    15e4:	80 83       	st	Z, r24
    15e6:	09 c0       	rjmp	.+18     	; 0x15fa <GPIO_writePort+0x7a>
		break;
	case PORTC_ID:
		PORTC = value;
    15e8:	e5 e3       	ldi	r30, 0x35	; 53
    15ea:	f0 e0       	ldi	r31, 0x00	; 0
    15ec:	8a 81       	ldd	r24, Y+2	; 0x02
    15ee:	80 83       	st	Z, r24
    15f0:	04 c0       	rjmp	.+8      	; 0x15fa <GPIO_writePort+0x7a>
		break;
	case PORTD_ID:
		PORTD = value;
    15f2:	e2 e3       	ldi	r30, 0x32	; 50
    15f4:	f0 e0       	ldi	r31, 0x00	; 0
    15f6:	8a 81       	ldd	r24, Y+2	; 0x02
    15f8:	80 83       	st	Z, r24
		break;
	}

}
    15fa:	0f 90       	pop	r0
    15fc:	0f 90       	pop	r0
    15fe:	0f 90       	pop	r0
    1600:	0f 90       	pop	r0
    1602:	cf 91       	pop	r28
    1604:	df 91       	pop	r29
    1606:	08 95       	ret

00001608 <GPIO_readPort>:
 * Description :
 * Read and return the value of the required port.
 * If the input port number is not correct, The function will return ZERO value.
 */
uint8 GPIO_readPort(uint8 port_num)
{
    1608:	df 93       	push	r29
    160a:	cf 93       	push	r28
    160c:	00 d0       	rcall	.+0      	; 0x160e <GPIO_readPort+0x6>
    160e:	00 d0       	rcall	.+0      	; 0x1610 <GPIO_readPort+0x8>
    1610:	cd b7       	in	r28, 0x3d	; 61
    1612:	de b7       	in	r29, 0x3e	; 62
    1614:	8a 83       	std	Y+2, r24	; 0x02
	uint8 ans = 0;
    1616:	19 82       	std	Y+1, r1	; 0x01

	if(port_num < NUM_OF_PORTS)
    1618:	8a 81       	ldd	r24, Y+2	; 0x02
    161a:	84 30       	cpi	r24, 0x04	; 4
    161c:	90 f5       	brcc	.+100    	; 0x1682 <GPIO_readPort+0x7a>
		switch(port_num)
    161e:	8a 81       	ldd	r24, Y+2	; 0x02
    1620:	28 2f       	mov	r18, r24
    1622:	30 e0       	ldi	r19, 0x00	; 0
    1624:	3c 83       	std	Y+4, r19	; 0x04
    1626:	2b 83       	std	Y+3, r18	; 0x03
    1628:	8b 81       	ldd	r24, Y+3	; 0x03
    162a:	9c 81       	ldd	r25, Y+4	; 0x04
    162c:	81 30       	cpi	r24, 0x01	; 1
    162e:	91 05       	cpc	r25, r1
    1630:	d1 f0       	breq	.+52     	; 0x1666 <GPIO_readPort+0x5e>
    1632:	2b 81       	ldd	r18, Y+3	; 0x03
    1634:	3c 81       	ldd	r19, Y+4	; 0x04
    1636:	22 30       	cpi	r18, 0x02	; 2
    1638:	31 05       	cpc	r19, r1
    163a:	2c f4       	brge	.+10     	; 0x1646 <GPIO_readPort+0x3e>
    163c:	8b 81       	ldd	r24, Y+3	; 0x03
    163e:	9c 81       	ldd	r25, Y+4	; 0x04
    1640:	00 97       	sbiw	r24, 0x00	; 0
    1642:	61 f0       	breq	.+24     	; 0x165c <GPIO_readPort+0x54>
    1644:	1e c0       	rjmp	.+60     	; 0x1682 <GPIO_readPort+0x7a>
    1646:	2b 81       	ldd	r18, Y+3	; 0x03
    1648:	3c 81       	ldd	r19, Y+4	; 0x04
    164a:	22 30       	cpi	r18, 0x02	; 2
    164c:	31 05       	cpc	r19, r1
    164e:	81 f0       	breq	.+32     	; 0x1670 <GPIO_readPort+0x68>
    1650:	8b 81       	ldd	r24, Y+3	; 0x03
    1652:	9c 81       	ldd	r25, Y+4	; 0x04
    1654:	83 30       	cpi	r24, 0x03	; 3
    1656:	91 05       	cpc	r25, r1
    1658:	81 f0       	breq	.+32     	; 0x167a <GPIO_readPort+0x72>
    165a:	13 c0       	rjmp	.+38     	; 0x1682 <GPIO_readPort+0x7a>
		{
		case PORTA_ID:
			ans = PINA;
    165c:	e9 e3       	ldi	r30, 0x39	; 57
    165e:	f0 e0       	ldi	r31, 0x00	; 0
    1660:	80 81       	ld	r24, Z
    1662:	89 83       	std	Y+1, r24	; 0x01
    1664:	0e c0       	rjmp	.+28     	; 0x1682 <GPIO_readPort+0x7a>
			break;
		case PORTB_ID:
			ans = PINB;
    1666:	e6 e3       	ldi	r30, 0x36	; 54
    1668:	f0 e0       	ldi	r31, 0x00	; 0
    166a:	80 81       	ld	r24, Z
    166c:	89 83       	std	Y+1, r24	; 0x01
    166e:	09 c0       	rjmp	.+18     	; 0x1682 <GPIO_readPort+0x7a>
			break;
		case PORTC_ID:
			ans = PINC;
    1670:	e3 e3       	ldi	r30, 0x33	; 51
    1672:	f0 e0       	ldi	r31, 0x00	; 0
    1674:	80 81       	ld	r24, Z
    1676:	89 83       	std	Y+1, r24	; 0x01
    1678:	04 c0       	rjmp	.+8      	; 0x1682 <GPIO_readPort+0x7a>
			break;
		case PORTD_ID:
			ans = PIND;
    167a:	e0 e3       	ldi	r30, 0x30	; 48
    167c:	f0 e0       	ldi	r31, 0x00	; 0
    167e:	80 81       	ld	r24, Z
    1680:	89 83       	std	Y+1, r24	; 0x01
			break;
		}

	return ans;
    1682:	89 81       	ldd	r24, Y+1	; 0x01
}
    1684:	0f 90       	pop	r0
    1686:	0f 90       	pop	r0
    1688:	0f 90       	pop	r0
    168a:	0f 90       	pop	r0
    168c:	cf 91       	pop	r28
    168e:	df 91       	pop	r29
    1690:	08 95       	ret

00001692 <Buzzer_init>:
#include "buzzer.h"

void Buzzer_init(void)
{
    1692:	df 93       	push	r29
    1694:	cf 93       	push	r28
    1696:	cd b7       	in	r28, 0x3d	; 61
    1698:	de b7       	in	r29, 0x3e	; 62
	GPIO_setupPinDirection(BUZZER_PORT_ID, BUZZER_PIN_ID, PIN_OUTPUT);
    169a:	83 e0       	ldi	r24, 0x03	; 3
    169c:	63 e0       	ldi	r22, 0x03	; 3
    169e:	41 e0       	ldi	r20, 0x01	; 1
    16a0:	0e 94 1e 08 	call	0x103c	; 0x103c <GPIO_setupPinDirection>

	Buzzer_off();
    16a4:	0e 94 63 0b 	call	0x16c6	; 0x16c6 <Buzzer_off>
}
    16a8:	cf 91       	pop	r28
    16aa:	df 91       	pop	r29
    16ac:	08 95       	ret

000016ae <Buzzer_on>:

void Buzzer_on(void)
{
    16ae:	df 93       	push	r29
    16b0:	cf 93       	push	r28
    16b2:	cd b7       	in	r28, 0x3d	; 61
    16b4:	de b7       	in	r29, 0x3e	; 62
	GPIO_writePin(BUZZER_PORT_ID, BUZZER_PIN_ID, LOGIC_HIGH);
    16b6:	83 e0       	ldi	r24, 0x03	; 3
    16b8:	63 e0       	ldi	r22, 0x03	; 3
    16ba:	41 e0       	ldi	r20, 0x01	; 1
    16bc:	0e 94 09 09 	call	0x1212	; 0x1212 <GPIO_writePin>
}
    16c0:	cf 91       	pop	r28
    16c2:	df 91       	pop	r29
    16c4:	08 95       	ret

000016c6 <Buzzer_off>:

void Buzzer_off(void)
{
    16c6:	df 93       	push	r29
    16c8:	cf 93       	push	r28
    16ca:	cd b7       	in	r28, 0x3d	; 61
    16cc:	de b7       	in	r29, 0x3e	; 62
	GPIO_writePin(BUZZER_PORT_ID, BUZZER_PIN_ID, LOGIC_LOW);
    16ce:	83 e0       	ldi	r24, 0x03	; 3
    16d0:	63 e0       	ldi	r22, 0x03	; 3
    16d2:	40 e0       	ldi	r20, 0x00	; 0
    16d4:	0e 94 09 09 	call	0x1212	; 0x1212 <GPIO_writePin>
}
    16d8:	cf 91       	pop	r28
    16da:	df 91       	pop	r29
    16dc:	08 95       	ret

000016de <FlameSensor_init>:
#include "flame.h"


void FlameSensor_init(void)
{
    16de:	df 93       	push	r29
    16e0:	cf 93       	push	r28
    16e2:	cd b7       	in	r28, 0x3d	; 61
    16e4:	de b7       	in	r29, 0x3e	; 62
	GPIO_setupPinDirection(FLAME_PORT_ID, FLAME_PIN_ID, PIN_INPUT);
    16e6:	83 e0       	ldi	r24, 0x03	; 3
    16e8:	62 e0       	ldi	r22, 0x02	; 2
    16ea:	40 e0       	ldi	r20, 0x00	; 0
    16ec:	0e 94 1e 08 	call	0x103c	; 0x103c <GPIO_setupPinDirection>
}
    16f0:	cf 91       	pop	r28
    16f2:	df 91       	pop	r29
    16f4:	08 95       	ret

000016f6 <FlameSensor_getValue>:

uint8 FlameSensor_getValue(void)
{
    16f6:	df 93       	push	r29
    16f8:	cf 93       	push	r28
    16fa:	cd b7       	in	r28, 0x3d	; 61
    16fc:	de b7       	in	r29, 0x3e	; 62
	return GPIO_readPin(FLAME_PORT_ID, FLAME_PIN_ID);
    16fe:	83 e0       	ldi	r24, 0x03	; 3
    1700:	62 e0       	ldi	r22, 0x02	; 2
    1702:	0e 94 f4 09 	call	0x13e8	; 0x13e8 <GPIO_readPin>
}
    1706:	cf 91       	pop	r28
    1708:	df 91       	pop	r29
    170a:	08 95       	ret

0000170c <LCD_init>:
 * Initialize the LCD:
 * 1. Setup the LCD pins directions by use the GPIO driver.
 * 2. Setup the LCD Data Mode 4-bits or 8-bits.
 */
void LCD_init(void)
{
    170c:	df 93       	push	r29
    170e:	cf 93       	push	r28
    1710:	cd b7       	in	r28, 0x3d	; 61
    1712:	de b7       	in	r29, 0x3e	; 62
    1714:	2e 97       	sbiw	r28, 0x0e	; 14
    1716:	0f b6       	in	r0, 0x3f	; 63
    1718:	f8 94       	cli
    171a:	de bf       	out	0x3e, r29	; 62
    171c:	0f be       	out	0x3f, r0	; 63
    171e:	cd bf       	out	0x3d, r28	; 61
	/* Configure the direction for RS and E pins as output pins */
	GPIO_setupPinDirection(LCD_RS_PORT_ID,LCD_RS_PIN_ID,PIN_OUTPUT);
    1720:	83 e0       	ldi	r24, 0x03	; 3
    1722:	60 e0       	ldi	r22, 0x00	; 0
    1724:	41 e0       	ldi	r20, 0x01	; 1
    1726:	0e 94 1e 08 	call	0x103c	; 0x103c <GPIO_setupPinDirection>
	GPIO_setupPinDirection(LCD_E_PORT_ID,LCD_E_PIN_ID,PIN_OUTPUT);
    172a:	83 e0       	ldi	r24, 0x03	; 3
    172c:	61 e0       	ldi	r22, 0x01	; 1
    172e:	41 e0       	ldi	r20, 0x01	; 1
    1730:	0e 94 1e 08 	call	0x103c	; 0x103c <GPIO_setupPinDirection>
    1734:	80 e0       	ldi	r24, 0x00	; 0
    1736:	90 e0       	ldi	r25, 0x00	; 0
    1738:	a0 ea       	ldi	r26, 0xA0	; 160
    173a:	b1 e4       	ldi	r27, 0x41	; 65
    173c:	8b 87       	std	Y+11, r24	; 0x0b
    173e:	9c 87       	std	Y+12, r25	; 0x0c
    1740:	ad 87       	std	Y+13, r26	; 0x0d
    1742:	be 87       	std	Y+14, r27	; 0x0e
 */
void
_delay_ms(double __ms)
{
	uint16_t __ticks;
	double __tmp = ((F_CPU) / 4e3) * __ms;
    1744:	6b 85       	ldd	r22, Y+11	; 0x0b
    1746:	7c 85       	ldd	r23, Y+12	; 0x0c
    1748:	8d 85       	ldd	r24, Y+13	; 0x0d
    174a:	9e 85       	ldd	r25, Y+14	; 0x0e
    174c:	20 e0       	ldi	r18, 0x00	; 0
    174e:	30 e0       	ldi	r19, 0x00	; 0
    1750:	4a e7       	ldi	r20, 0x7A	; 122
    1752:	55 e4       	ldi	r21, 0x45	; 69
    1754:	0e 94 1f 02 	call	0x43e	; 0x43e <__mulsf3>
    1758:	dc 01       	movw	r26, r24
    175a:	cb 01       	movw	r24, r22
    175c:	8f 83       	std	Y+7, r24	; 0x07
    175e:	98 87       	std	Y+8, r25	; 0x08
    1760:	a9 87       	std	Y+9, r26	; 0x09
    1762:	ba 87       	std	Y+10, r27	; 0x0a
	if (__tmp < 1.0)
    1764:	6f 81       	ldd	r22, Y+7	; 0x07
    1766:	78 85       	ldd	r23, Y+8	; 0x08
    1768:	89 85       	ldd	r24, Y+9	; 0x09
    176a:	9a 85       	ldd	r25, Y+10	; 0x0a
    176c:	20 e0       	ldi	r18, 0x00	; 0
    176e:	30 e0       	ldi	r19, 0x00	; 0
    1770:	40 e8       	ldi	r20, 0x80	; 128
    1772:	5f e3       	ldi	r21, 0x3F	; 63
    1774:	0e 94 25 04 	call	0x84a	; 0x84a <__ltsf2>
    1778:	88 23       	and	r24, r24
    177a:	2c f4       	brge	.+10     	; 0x1786 <LCD_init+0x7a>
		__ticks = 1;
    177c:	81 e0       	ldi	r24, 0x01	; 1
    177e:	90 e0       	ldi	r25, 0x00	; 0
    1780:	9e 83       	std	Y+6, r25	; 0x06
    1782:	8d 83       	std	Y+5, r24	; 0x05
    1784:	3f c0       	rjmp	.+126    	; 0x1804 <LCD_init+0xf8>
	else if (__tmp > 65535)
    1786:	6f 81       	ldd	r22, Y+7	; 0x07
    1788:	78 85       	ldd	r23, Y+8	; 0x08
    178a:	89 85       	ldd	r24, Y+9	; 0x09
    178c:	9a 85       	ldd	r25, Y+10	; 0x0a
    178e:	20 e0       	ldi	r18, 0x00	; 0
    1790:	3f ef       	ldi	r19, 0xFF	; 255
    1792:	4f e7       	ldi	r20, 0x7F	; 127
    1794:	57 e4       	ldi	r21, 0x47	; 71
    1796:	0e 94 c5 03 	call	0x78a	; 0x78a <__gtsf2>
    179a:	18 16       	cp	r1, r24
    179c:	4c f5       	brge	.+82     	; 0x17f0 <LCD_init+0xe4>
	{
		//	__ticks = requested delay in 1/10 ms
		__ticks = (uint16_t) (__ms * 10.0);
    179e:	6b 85       	ldd	r22, Y+11	; 0x0b
    17a0:	7c 85       	ldd	r23, Y+12	; 0x0c
    17a2:	8d 85       	ldd	r24, Y+13	; 0x0d
    17a4:	9e 85       	ldd	r25, Y+14	; 0x0e
    17a6:	20 e0       	ldi	r18, 0x00	; 0
    17a8:	30 e0       	ldi	r19, 0x00	; 0
    17aa:	40 e2       	ldi	r20, 0x20	; 32
    17ac:	51 e4       	ldi	r21, 0x41	; 65
    17ae:	0e 94 1f 02 	call	0x43e	; 0x43e <__mulsf3>
    17b2:	dc 01       	movw	r26, r24
    17b4:	cb 01       	movw	r24, r22
    17b6:	bc 01       	movw	r22, r24
    17b8:	cd 01       	movw	r24, r26
    17ba:	0e 94 49 00 	call	0x92	; 0x92 <__fixunssfsi>
    17be:	dc 01       	movw	r26, r24
    17c0:	cb 01       	movw	r24, r22
    17c2:	9e 83       	std	Y+6, r25	; 0x06
    17c4:	8d 83       	std	Y+5, r24	; 0x05
    17c6:	0f c0       	rjmp	.+30     	; 0x17e6 <LCD_init+0xda>
    17c8:	80 e9       	ldi	r24, 0x90	; 144
    17ca:	91 e0       	ldi	r25, 0x01	; 1
    17cc:	9c 83       	std	Y+4, r25	; 0x04
    17ce:	8b 83       	std	Y+3, r24	; 0x03
    milliseconds can be achieved.
 */
void
_delay_loop_2(uint16_t __count)
{
	__asm__ volatile (
    17d0:	8b 81       	ldd	r24, Y+3	; 0x03
    17d2:	9c 81       	ldd	r25, Y+4	; 0x04
    17d4:	01 97       	sbiw	r24, 0x01	; 1
    17d6:	f1 f7       	brne	.-4      	; 0x17d4 <LCD_init+0xc8>
    17d8:	9c 83       	std	Y+4, r25	; 0x04
    17da:	8b 83       	std	Y+3, r24	; 0x03
		while(__ticks)
		{
			// wait 1/10 ms
			_delay_loop_2(((F_CPU) / 4e3) / 10);
			__ticks --;
    17dc:	8d 81       	ldd	r24, Y+5	; 0x05
    17de:	9e 81       	ldd	r25, Y+6	; 0x06
    17e0:	01 97       	sbiw	r24, 0x01	; 1
    17e2:	9e 83       	std	Y+6, r25	; 0x06
    17e4:	8d 83       	std	Y+5, r24	; 0x05
		__ticks = 1;
	else if (__tmp > 65535)
	{
		//	__ticks = requested delay in 1/10 ms
		__ticks = (uint16_t) (__ms * 10.0);
		while(__ticks)
    17e6:	8d 81       	ldd	r24, Y+5	; 0x05
    17e8:	9e 81       	ldd	r25, Y+6	; 0x06
    17ea:	00 97       	sbiw	r24, 0x00	; 0
    17ec:	69 f7       	brne	.-38     	; 0x17c8 <LCD_init+0xbc>
    17ee:	14 c0       	rjmp	.+40     	; 0x1818 <LCD_init+0x10c>
			__ticks --;
		}
		return;
	}
	else
		__ticks = (uint16_t)__tmp;
    17f0:	6f 81       	ldd	r22, Y+7	; 0x07
    17f2:	78 85       	ldd	r23, Y+8	; 0x08
    17f4:	89 85       	ldd	r24, Y+9	; 0x09
    17f6:	9a 85       	ldd	r25, Y+10	; 0x0a
    17f8:	0e 94 49 00 	call	0x92	; 0x92 <__fixunssfsi>
    17fc:	dc 01       	movw	r26, r24
    17fe:	cb 01       	movw	r24, r22
    1800:	9e 83       	std	Y+6, r25	; 0x06
    1802:	8d 83       	std	Y+5, r24	; 0x05
    1804:	8d 81       	ldd	r24, Y+5	; 0x05
    1806:	9e 81       	ldd	r25, Y+6	; 0x06
    1808:	9a 83       	std	Y+2, r25	; 0x02
    180a:	89 83       	std	Y+1, r24	; 0x01
    180c:	89 81       	ldd	r24, Y+1	; 0x01
    180e:	9a 81       	ldd	r25, Y+2	; 0x02
    1810:	01 97       	sbiw	r24, 0x01	; 1
    1812:	f1 f7       	brne	.-4      	; 0x1810 <LCD_init+0x104>
    1814:	9a 83       	std	Y+2, r25	; 0x02
    1816:	89 83       	std	Y+1, r24	; 0x01
	/* use 2-lines LCD + 4-bits Data Mode + 5*7 dot display Mode */
	LCD_sendCommand(LCD_TWO_LINES_FOUR_BITS_MODE);

#elif(LCD_DATA_BITS_MODE == 8)
	/* Configure the data port as output port */
	GPIO_setupPortDirection(LCD_DATA_PORT_ID,PORT_OUTPUT);
    1818:	82 e0       	ldi	r24, 0x02	; 2
    181a:	6f ef       	ldi	r22, 0xFF	; 255
    181c:	0e 94 7c 0a 	call	0x14f8	; 0x14f8 <GPIO_setupPortDirection>

	/* use 2-lines LCD + 8-bits Data Mode + 5*7 dot display Mode */
	LCD_sendCommand(LCD_TWO_LINES_EIGHT_BITS_MODE);
    1820:	88 e3       	ldi	r24, 0x38	; 56
    1822:	0e 94 22 0c 	call	0x1844	; 0x1844 <LCD_sendCommand>

#endif

	LCD_sendCommand(LCD_CURSOR_OFF); /* cursor off */
    1826:	8c e0       	ldi	r24, 0x0C	; 12
    1828:	0e 94 22 0c 	call	0x1844	; 0x1844 <LCD_sendCommand>
	LCD_sendCommand(LCD_CLEAR_COMMAND); /* clear LCD at the beginning */
    182c:	81 e0       	ldi	r24, 0x01	; 1
    182e:	0e 94 22 0c 	call	0x1844	; 0x1844 <LCD_sendCommand>
}
    1832:	2e 96       	adiw	r28, 0x0e	; 14
    1834:	0f b6       	in	r0, 0x3f	; 63
    1836:	f8 94       	cli
    1838:	de bf       	out	0x3e, r29	; 62
    183a:	0f be       	out	0x3f, r0	; 63
    183c:	cd bf       	out	0x3d, r28	; 61
    183e:	cf 91       	pop	r28
    1840:	df 91       	pop	r29
    1842:	08 95       	ret

00001844 <LCD_sendCommand>:
/*
 * Description :
 * Send the required command to the screen
 */
void LCD_sendCommand(uint8 command)
{
    1844:	df 93       	push	r29
    1846:	cf 93       	push	r28
    1848:	cd b7       	in	r28, 0x3d	; 61
    184a:	de b7       	in	r29, 0x3e	; 62
    184c:	e9 97       	sbiw	r28, 0x39	; 57
    184e:	0f b6       	in	r0, 0x3f	; 63
    1850:	f8 94       	cli
    1852:	de bf       	out	0x3e, r29	; 62
    1854:	0f be       	out	0x3f, r0	; 63
    1856:	cd bf       	out	0x3d, r28	; 61
    1858:	89 af       	std	Y+57, r24	; 0x39
	GPIO_writePin(LCD_RS_PORT_ID,LCD_RS_PIN_ID,LOGIC_LOW); /* Instruction Mode RS=0 */
    185a:	83 e0       	ldi	r24, 0x03	; 3
    185c:	60 e0       	ldi	r22, 0x00	; 0
    185e:	40 e0       	ldi	r20, 0x00	; 0
    1860:	0e 94 09 09 	call	0x1212	; 0x1212 <GPIO_writePin>
    1864:	80 e0       	ldi	r24, 0x00	; 0
    1866:	90 e0       	ldi	r25, 0x00	; 0
    1868:	a0 e8       	ldi	r26, 0x80	; 128
    186a:	bf e3       	ldi	r27, 0x3F	; 63
    186c:	8d ab       	std	Y+53, r24	; 0x35
    186e:	9e ab       	std	Y+54, r25	; 0x36
    1870:	af ab       	std	Y+55, r26	; 0x37
    1872:	b8 af       	std	Y+56, r27	; 0x38
 */
void
_delay_ms(double __ms)
{
	uint16_t __ticks;
	double __tmp = ((F_CPU) / 4e3) * __ms;
    1874:	6d a9       	ldd	r22, Y+53	; 0x35
    1876:	7e a9       	ldd	r23, Y+54	; 0x36
    1878:	8f a9       	ldd	r24, Y+55	; 0x37
    187a:	98 ad       	ldd	r25, Y+56	; 0x38
    187c:	20 e0       	ldi	r18, 0x00	; 0
    187e:	30 e0       	ldi	r19, 0x00	; 0
    1880:	4a e7       	ldi	r20, 0x7A	; 122
    1882:	55 e4       	ldi	r21, 0x45	; 69
    1884:	0e 94 1f 02 	call	0x43e	; 0x43e <__mulsf3>
    1888:	dc 01       	movw	r26, r24
    188a:	cb 01       	movw	r24, r22
    188c:	89 ab       	std	Y+49, r24	; 0x31
    188e:	9a ab       	std	Y+50, r25	; 0x32
    1890:	ab ab       	std	Y+51, r26	; 0x33
    1892:	bc ab       	std	Y+52, r27	; 0x34
	if (__tmp < 1.0)
    1894:	69 a9       	ldd	r22, Y+49	; 0x31
    1896:	7a a9       	ldd	r23, Y+50	; 0x32
    1898:	8b a9       	ldd	r24, Y+51	; 0x33
    189a:	9c a9       	ldd	r25, Y+52	; 0x34
    189c:	20 e0       	ldi	r18, 0x00	; 0
    189e:	30 e0       	ldi	r19, 0x00	; 0
    18a0:	40 e8       	ldi	r20, 0x80	; 128
    18a2:	5f e3       	ldi	r21, 0x3F	; 63
    18a4:	0e 94 25 04 	call	0x84a	; 0x84a <__ltsf2>
    18a8:	88 23       	and	r24, r24
    18aa:	2c f4       	brge	.+10     	; 0x18b6 <LCD_sendCommand+0x72>
		__ticks = 1;
    18ac:	81 e0       	ldi	r24, 0x01	; 1
    18ae:	90 e0       	ldi	r25, 0x00	; 0
    18b0:	98 ab       	std	Y+48, r25	; 0x30
    18b2:	8f a7       	std	Y+47, r24	; 0x2f
    18b4:	3f c0       	rjmp	.+126    	; 0x1934 <LCD_sendCommand+0xf0>
	else if (__tmp > 65535)
    18b6:	69 a9       	ldd	r22, Y+49	; 0x31
    18b8:	7a a9       	ldd	r23, Y+50	; 0x32
    18ba:	8b a9       	ldd	r24, Y+51	; 0x33
    18bc:	9c a9       	ldd	r25, Y+52	; 0x34
    18be:	20 e0       	ldi	r18, 0x00	; 0
    18c0:	3f ef       	ldi	r19, 0xFF	; 255
    18c2:	4f e7       	ldi	r20, 0x7F	; 127
    18c4:	57 e4       	ldi	r21, 0x47	; 71
    18c6:	0e 94 c5 03 	call	0x78a	; 0x78a <__gtsf2>
    18ca:	18 16       	cp	r1, r24
    18cc:	4c f5       	brge	.+82     	; 0x1920 <LCD_sendCommand+0xdc>
	{
		//	__ticks = requested delay in 1/10 ms
		__ticks = (uint16_t) (__ms * 10.0);
    18ce:	6d a9       	ldd	r22, Y+53	; 0x35
    18d0:	7e a9       	ldd	r23, Y+54	; 0x36
    18d2:	8f a9       	ldd	r24, Y+55	; 0x37
    18d4:	98 ad       	ldd	r25, Y+56	; 0x38
    18d6:	20 e0       	ldi	r18, 0x00	; 0
    18d8:	30 e0       	ldi	r19, 0x00	; 0
    18da:	40 e2       	ldi	r20, 0x20	; 32
    18dc:	51 e4       	ldi	r21, 0x41	; 65
    18de:	0e 94 1f 02 	call	0x43e	; 0x43e <__mulsf3>
    18e2:	dc 01       	movw	r26, r24
    18e4:	cb 01       	movw	r24, r22
    18e6:	bc 01       	movw	r22, r24
    18e8:	cd 01       	movw	r24, r26
    18ea:	0e 94 49 00 	call	0x92	; 0x92 <__fixunssfsi>
    18ee:	dc 01       	movw	r26, r24
    18f0:	cb 01       	movw	r24, r22
    18f2:	98 ab       	std	Y+48, r25	; 0x30
    18f4:	8f a7       	std	Y+47, r24	; 0x2f
    18f6:	0f c0       	rjmp	.+30     	; 0x1916 <LCD_sendCommand+0xd2>
    18f8:	80 e9       	ldi	r24, 0x90	; 144
    18fa:	91 e0       	ldi	r25, 0x01	; 1
    18fc:	9e a7       	std	Y+46, r25	; 0x2e
    18fe:	8d a7       	std	Y+45, r24	; 0x2d
    1900:	8d a5       	ldd	r24, Y+45	; 0x2d
    1902:	9e a5       	ldd	r25, Y+46	; 0x2e
    1904:	01 97       	sbiw	r24, 0x01	; 1
    1906:	f1 f7       	brne	.-4      	; 0x1904 <LCD_sendCommand+0xc0>
    1908:	9e a7       	std	Y+46, r25	; 0x2e
    190a:	8d a7       	std	Y+45, r24	; 0x2d
		while(__ticks)
		{
			// wait 1/10 ms
			_delay_loop_2(((F_CPU) / 4e3) / 10);
			__ticks --;
    190c:	8f a5       	ldd	r24, Y+47	; 0x2f
    190e:	98 a9       	ldd	r25, Y+48	; 0x30
    1910:	01 97       	sbiw	r24, 0x01	; 1
    1912:	98 ab       	std	Y+48, r25	; 0x30
    1914:	8f a7       	std	Y+47, r24	; 0x2f
		__ticks = 1;
	else if (__tmp > 65535)
	{
		//	__ticks = requested delay in 1/10 ms
		__ticks = (uint16_t) (__ms * 10.0);
		while(__ticks)
    1916:	8f a5       	ldd	r24, Y+47	; 0x2f
    1918:	98 a9       	ldd	r25, Y+48	; 0x30
    191a:	00 97       	sbiw	r24, 0x00	; 0
    191c:	69 f7       	brne	.-38     	; 0x18f8 <LCD_sendCommand+0xb4>
    191e:	14 c0       	rjmp	.+40     	; 0x1948 <LCD_sendCommand+0x104>
			__ticks --;
		}
		return;
	}
	else
		__ticks = (uint16_t)__tmp;
    1920:	69 a9       	ldd	r22, Y+49	; 0x31
    1922:	7a a9       	ldd	r23, Y+50	; 0x32
    1924:	8b a9       	ldd	r24, Y+51	; 0x33
    1926:	9c a9       	ldd	r25, Y+52	; 0x34
    1928:	0e 94 49 00 	call	0x92	; 0x92 <__fixunssfsi>
    192c:	dc 01       	movw	r26, r24
    192e:	cb 01       	movw	r24, r22
    1930:	98 ab       	std	Y+48, r25	; 0x30
    1932:	8f a7       	std	Y+47, r24	; 0x2f
    1934:	8f a5       	ldd	r24, Y+47	; 0x2f
    1936:	98 a9       	ldd	r25, Y+48	; 0x30
    1938:	9c a7       	std	Y+44, r25	; 0x2c
    193a:	8b a7       	std	Y+43, r24	; 0x2b
    193c:	8b a5       	ldd	r24, Y+43	; 0x2b
    193e:	9c a5       	ldd	r25, Y+44	; 0x2c
    1940:	01 97       	sbiw	r24, 0x01	; 1
    1942:	f1 f7       	brne	.-4      	; 0x1940 <LCD_sendCommand+0xfc>
    1944:	9c a7       	std	Y+44, r25	; 0x2c
    1946:	8b a7       	std	Y+43, r24	; 0x2b
	_delay_ms(1); /* delay for processing Tas = 50ns */
	GPIO_writePin(LCD_E_PORT_ID,LCD_E_PIN_ID,LOGIC_HIGH); /* Enable LCD E=1 */
    1948:	83 e0       	ldi	r24, 0x03	; 3
    194a:	61 e0       	ldi	r22, 0x01	; 1
    194c:	41 e0       	ldi	r20, 0x01	; 1
    194e:	0e 94 09 09 	call	0x1212	; 0x1212 <GPIO_writePin>
    1952:	80 e0       	ldi	r24, 0x00	; 0
    1954:	90 e0       	ldi	r25, 0x00	; 0
    1956:	a0 e8       	ldi	r26, 0x80	; 128
    1958:	bf e3       	ldi	r27, 0x3F	; 63
    195a:	8f a3       	std	Y+39, r24	; 0x27
    195c:	98 a7       	std	Y+40, r25	; 0x28
    195e:	a9 a7       	std	Y+41, r26	; 0x29
    1960:	ba a7       	std	Y+42, r27	; 0x2a
 */
void
_delay_ms(double __ms)
{
	uint16_t __ticks;
	double __tmp = ((F_CPU) / 4e3) * __ms;
    1962:	6f a1       	ldd	r22, Y+39	; 0x27
    1964:	78 a5       	ldd	r23, Y+40	; 0x28
    1966:	89 a5       	ldd	r24, Y+41	; 0x29
    1968:	9a a5       	ldd	r25, Y+42	; 0x2a
    196a:	20 e0       	ldi	r18, 0x00	; 0
    196c:	30 e0       	ldi	r19, 0x00	; 0
    196e:	4a e7       	ldi	r20, 0x7A	; 122
    1970:	55 e4       	ldi	r21, 0x45	; 69
    1972:	0e 94 1f 02 	call	0x43e	; 0x43e <__mulsf3>
    1976:	dc 01       	movw	r26, r24
    1978:	cb 01       	movw	r24, r22
    197a:	8b a3       	std	Y+35, r24	; 0x23
    197c:	9c a3       	std	Y+36, r25	; 0x24
    197e:	ad a3       	std	Y+37, r26	; 0x25
    1980:	be a3       	std	Y+38, r27	; 0x26
	if (__tmp < 1.0)
    1982:	6b a1       	ldd	r22, Y+35	; 0x23
    1984:	7c a1       	ldd	r23, Y+36	; 0x24
    1986:	8d a1       	ldd	r24, Y+37	; 0x25
    1988:	9e a1       	ldd	r25, Y+38	; 0x26
    198a:	20 e0       	ldi	r18, 0x00	; 0
    198c:	30 e0       	ldi	r19, 0x00	; 0
    198e:	40 e8       	ldi	r20, 0x80	; 128
    1990:	5f e3       	ldi	r21, 0x3F	; 63
    1992:	0e 94 25 04 	call	0x84a	; 0x84a <__ltsf2>
    1996:	88 23       	and	r24, r24
    1998:	2c f4       	brge	.+10     	; 0x19a4 <LCD_sendCommand+0x160>
		__ticks = 1;
    199a:	81 e0       	ldi	r24, 0x01	; 1
    199c:	90 e0       	ldi	r25, 0x00	; 0
    199e:	9a a3       	std	Y+34, r25	; 0x22
    19a0:	89 a3       	std	Y+33, r24	; 0x21
    19a2:	3f c0       	rjmp	.+126    	; 0x1a22 <LCD_sendCommand+0x1de>
	else if (__tmp > 65535)
    19a4:	6b a1       	ldd	r22, Y+35	; 0x23
    19a6:	7c a1       	ldd	r23, Y+36	; 0x24
    19a8:	8d a1       	ldd	r24, Y+37	; 0x25
    19aa:	9e a1       	ldd	r25, Y+38	; 0x26
    19ac:	20 e0       	ldi	r18, 0x00	; 0
    19ae:	3f ef       	ldi	r19, 0xFF	; 255
    19b0:	4f e7       	ldi	r20, 0x7F	; 127
    19b2:	57 e4       	ldi	r21, 0x47	; 71
    19b4:	0e 94 c5 03 	call	0x78a	; 0x78a <__gtsf2>
    19b8:	18 16       	cp	r1, r24
    19ba:	4c f5       	brge	.+82     	; 0x1a0e <LCD_sendCommand+0x1ca>
	{
		//	__ticks = requested delay in 1/10 ms
		__ticks = (uint16_t) (__ms * 10.0);
    19bc:	6f a1       	ldd	r22, Y+39	; 0x27
    19be:	78 a5       	ldd	r23, Y+40	; 0x28
    19c0:	89 a5       	ldd	r24, Y+41	; 0x29
    19c2:	9a a5       	ldd	r25, Y+42	; 0x2a
    19c4:	20 e0       	ldi	r18, 0x00	; 0
    19c6:	30 e0       	ldi	r19, 0x00	; 0
    19c8:	40 e2       	ldi	r20, 0x20	; 32
    19ca:	51 e4       	ldi	r21, 0x41	; 65
    19cc:	0e 94 1f 02 	call	0x43e	; 0x43e <__mulsf3>
    19d0:	dc 01       	movw	r26, r24
    19d2:	cb 01       	movw	r24, r22
    19d4:	bc 01       	movw	r22, r24
    19d6:	cd 01       	movw	r24, r26
    19d8:	0e 94 49 00 	call	0x92	; 0x92 <__fixunssfsi>
    19dc:	dc 01       	movw	r26, r24
    19de:	cb 01       	movw	r24, r22
    19e0:	9a a3       	std	Y+34, r25	; 0x22
    19e2:	89 a3       	std	Y+33, r24	; 0x21
    19e4:	0f c0       	rjmp	.+30     	; 0x1a04 <LCD_sendCommand+0x1c0>
    19e6:	80 e9       	ldi	r24, 0x90	; 144
    19e8:	91 e0       	ldi	r25, 0x01	; 1
    19ea:	98 a3       	std	Y+32, r25	; 0x20
    19ec:	8f 8f       	std	Y+31, r24	; 0x1f
    19ee:	8f 8d       	ldd	r24, Y+31	; 0x1f
    19f0:	98 a1       	ldd	r25, Y+32	; 0x20
    19f2:	01 97       	sbiw	r24, 0x01	; 1
    19f4:	f1 f7       	brne	.-4      	; 0x19f2 <LCD_sendCommand+0x1ae>
    19f6:	98 a3       	std	Y+32, r25	; 0x20
    19f8:	8f 8f       	std	Y+31, r24	; 0x1f
		while(__ticks)
		{
			// wait 1/10 ms
			_delay_loop_2(((F_CPU) / 4e3) / 10);
			__ticks --;
    19fa:	89 a1       	ldd	r24, Y+33	; 0x21
    19fc:	9a a1       	ldd	r25, Y+34	; 0x22
    19fe:	01 97       	sbiw	r24, 0x01	; 1
    1a00:	9a a3       	std	Y+34, r25	; 0x22
    1a02:	89 a3       	std	Y+33, r24	; 0x21
		__ticks = 1;
	else if (__tmp > 65535)
	{
		//	__ticks = requested delay in 1/10 ms
		__ticks = (uint16_t) (__ms * 10.0);
		while(__ticks)
    1a04:	89 a1       	ldd	r24, Y+33	; 0x21
    1a06:	9a a1       	ldd	r25, Y+34	; 0x22
    1a08:	00 97       	sbiw	r24, 0x00	; 0
    1a0a:	69 f7       	brne	.-38     	; 0x19e6 <LCD_sendCommand+0x1a2>
    1a0c:	14 c0       	rjmp	.+40     	; 0x1a36 <LCD_sendCommand+0x1f2>
			__ticks --;
		}
		return;
	}
	else
		__ticks = (uint16_t)__tmp;
    1a0e:	6b a1       	ldd	r22, Y+35	; 0x23
    1a10:	7c a1       	ldd	r23, Y+36	; 0x24
    1a12:	8d a1       	ldd	r24, Y+37	; 0x25
    1a14:	9e a1       	ldd	r25, Y+38	; 0x26
    1a16:	0e 94 49 00 	call	0x92	; 0x92 <__fixunssfsi>
    1a1a:	dc 01       	movw	r26, r24
    1a1c:	cb 01       	movw	r24, r22
    1a1e:	9a a3       	std	Y+34, r25	; 0x22
    1a20:	89 a3       	std	Y+33, r24	; 0x21
    1a22:	89 a1       	ldd	r24, Y+33	; 0x21
    1a24:	9a a1       	ldd	r25, Y+34	; 0x22
    1a26:	9e 8f       	std	Y+30, r25	; 0x1e
    1a28:	8d 8f       	std	Y+29, r24	; 0x1d
    1a2a:	8d 8d       	ldd	r24, Y+29	; 0x1d
    1a2c:	9e 8d       	ldd	r25, Y+30	; 0x1e
    1a2e:	01 97       	sbiw	r24, 0x01	; 1
    1a30:	f1 f7       	brne	.-4      	; 0x1a2e <LCD_sendCommand+0x1ea>
    1a32:	9e 8f       	std	Y+30, r25	; 0x1e
    1a34:	8d 8f       	std	Y+29, r24	; 0x1d
	_delay_ms(1); /* delay for processing Tdsw = 100ns */
	GPIO_writePin(LCD_E_PORT_ID,LCD_E_PIN_ID,LOGIC_LOW); /* Disable LCD E=0 */
	_delay_ms(1); /* delay for processing Th = 13ns */

#elif(LCD_DATA_BITS_MODE == 8)
	GPIO_writePort(LCD_DATA_PORT_ID,command); /* out the required command to the data bus D0 --> D7 */
    1a36:	82 e0       	ldi	r24, 0x02	; 2
    1a38:	69 ad       	ldd	r22, Y+57	; 0x39
    1a3a:	0e 94 c0 0a 	call	0x1580	; 0x1580 <GPIO_writePort>
    1a3e:	80 e0       	ldi	r24, 0x00	; 0
    1a40:	90 e0       	ldi	r25, 0x00	; 0
    1a42:	a0 e8       	ldi	r26, 0x80	; 128
    1a44:	bf e3       	ldi	r27, 0x3F	; 63
    1a46:	89 8f       	std	Y+25, r24	; 0x19
    1a48:	9a 8f       	std	Y+26, r25	; 0x1a
    1a4a:	ab 8f       	std	Y+27, r26	; 0x1b
    1a4c:	bc 8f       	std	Y+28, r27	; 0x1c
 */
void
_delay_ms(double __ms)
{
	uint16_t __ticks;
	double __tmp = ((F_CPU) / 4e3) * __ms;
    1a4e:	69 8d       	ldd	r22, Y+25	; 0x19
    1a50:	7a 8d       	ldd	r23, Y+26	; 0x1a
    1a52:	8b 8d       	ldd	r24, Y+27	; 0x1b
    1a54:	9c 8d       	ldd	r25, Y+28	; 0x1c
    1a56:	20 e0       	ldi	r18, 0x00	; 0
    1a58:	30 e0       	ldi	r19, 0x00	; 0
    1a5a:	4a e7       	ldi	r20, 0x7A	; 122
    1a5c:	55 e4       	ldi	r21, 0x45	; 69
    1a5e:	0e 94 1f 02 	call	0x43e	; 0x43e <__mulsf3>
    1a62:	dc 01       	movw	r26, r24
    1a64:	cb 01       	movw	r24, r22
    1a66:	8d 8b       	std	Y+21, r24	; 0x15
    1a68:	9e 8b       	std	Y+22, r25	; 0x16
    1a6a:	af 8b       	std	Y+23, r26	; 0x17
    1a6c:	b8 8f       	std	Y+24, r27	; 0x18
	if (__tmp < 1.0)
    1a6e:	6d 89       	ldd	r22, Y+21	; 0x15
    1a70:	7e 89       	ldd	r23, Y+22	; 0x16
    1a72:	8f 89       	ldd	r24, Y+23	; 0x17
    1a74:	98 8d       	ldd	r25, Y+24	; 0x18
    1a76:	20 e0       	ldi	r18, 0x00	; 0
    1a78:	30 e0       	ldi	r19, 0x00	; 0
    1a7a:	40 e8       	ldi	r20, 0x80	; 128
    1a7c:	5f e3       	ldi	r21, 0x3F	; 63
    1a7e:	0e 94 25 04 	call	0x84a	; 0x84a <__ltsf2>
    1a82:	88 23       	and	r24, r24
    1a84:	2c f4       	brge	.+10     	; 0x1a90 <LCD_sendCommand+0x24c>
		__ticks = 1;
    1a86:	81 e0       	ldi	r24, 0x01	; 1
    1a88:	90 e0       	ldi	r25, 0x00	; 0
    1a8a:	9c 8b       	std	Y+20, r25	; 0x14
    1a8c:	8b 8b       	std	Y+19, r24	; 0x13
    1a8e:	3f c0       	rjmp	.+126    	; 0x1b0e <LCD_sendCommand+0x2ca>
	else if (__tmp > 65535)
    1a90:	6d 89       	ldd	r22, Y+21	; 0x15
    1a92:	7e 89       	ldd	r23, Y+22	; 0x16
    1a94:	8f 89       	ldd	r24, Y+23	; 0x17
    1a96:	98 8d       	ldd	r25, Y+24	; 0x18
    1a98:	20 e0       	ldi	r18, 0x00	; 0
    1a9a:	3f ef       	ldi	r19, 0xFF	; 255
    1a9c:	4f e7       	ldi	r20, 0x7F	; 127
    1a9e:	57 e4       	ldi	r21, 0x47	; 71
    1aa0:	0e 94 c5 03 	call	0x78a	; 0x78a <__gtsf2>
    1aa4:	18 16       	cp	r1, r24
    1aa6:	4c f5       	brge	.+82     	; 0x1afa <LCD_sendCommand+0x2b6>
	{
		//	__ticks = requested delay in 1/10 ms
		__ticks = (uint16_t) (__ms * 10.0);
    1aa8:	69 8d       	ldd	r22, Y+25	; 0x19
    1aaa:	7a 8d       	ldd	r23, Y+26	; 0x1a
    1aac:	8b 8d       	ldd	r24, Y+27	; 0x1b
    1aae:	9c 8d       	ldd	r25, Y+28	; 0x1c
    1ab0:	20 e0       	ldi	r18, 0x00	; 0
    1ab2:	30 e0       	ldi	r19, 0x00	; 0
    1ab4:	40 e2       	ldi	r20, 0x20	; 32
    1ab6:	51 e4       	ldi	r21, 0x41	; 65
    1ab8:	0e 94 1f 02 	call	0x43e	; 0x43e <__mulsf3>
    1abc:	dc 01       	movw	r26, r24
    1abe:	cb 01       	movw	r24, r22
    1ac0:	bc 01       	movw	r22, r24
    1ac2:	cd 01       	movw	r24, r26
    1ac4:	0e 94 49 00 	call	0x92	; 0x92 <__fixunssfsi>
    1ac8:	dc 01       	movw	r26, r24
    1aca:	cb 01       	movw	r24, r22
    1acc:	9c 8b       	std	Y+20, r25	; 0x14
    1ace:	8b 8b       	std	Y+19, r24	; 0x13
    1ad0:	0f c0       	rjmp	.+30     	; 0x1af0 <LCD_sendCommand+0x2ac>
    1ad2:	80 e9       	ldi	r24, 0x90	; 144
    1ad4:	91 e0       	ldi	r25, 0x01	; 1
    1ad6:	9a 8b       	std	Y+18, r25	; 0x12
    1ad8:	89 8b       	std	Y+17, r24	; 0x11
    1ada:	89 89       	ldd	r24, Y+17	; 0x11
    1adc:	9a 89       	ldd	r25, Y+18	; 0x12
    1ade:	01 97       	sbiw	r24, 0x01	; 1
    1ae0:	f1 f7       	brne	.-4      	; 0x1ade <LCD_sendCommand+0x29a>
    1ae2:	9a 8b       	std	Y+18, r25	; 0x12
    1ae4:	89 8b       	std	Y+17, r24	; 0x11
		while(__ticks)
		{
			// wait 1/10 ms
			_delay_loop_2(((F_CPU) / 4e3) / 10);
			__ticks --;
    1ae6:	8b 89       	ldd	r24, Y+19	; 0x13
    1ae8:	9c 89       	ldd	r25, Y+20	; 0x14
    1aea:	01 97       	sbiw	r24, 0x01	; 1
    1aec:	9c 8b       	std	Y+20, r25	; 0x14
    1aee:	8b 8b       	std	Y+19, r24	; 0x13
		__ticks = 1;
	else if (__tmp > 65535)
	{
		//	__ticks = requested delay in 1/10 ms
		__ticks = (uint16_t) (__ms * 10.0);
		while(__ticks)
    1af0:	8b 89       	ldd	r24, Y+19	; 0x13
    1af2:	9c 89       	ldd	r25, Y+20	; 0x14
    1af4:	00 97       	sbiw	r24, 0x00	; 0
    1af6:	69 f7       	brne	.-38     	; 0x1ad2 <LCD_sendCommand+0x28e>
    1af8:	14 c0       	rjmp	.+40     	; 0x1b22 <LCD_sendCommand+0x2de>
			__ticks --;
		}
		return;
	}
	else
		__ticks = (uint16_t)__tmp;
    1afa:	6d 89       	ldd	r22, Y+21	; 0x15
    1afc:	7e 89       	ldd	r23, Y+22	; 0x16
    1afe:	8f 89       	ldd	r24, Y+23	; 0x17
    1b00:	98 8d       	ldd	r25, Y+24	; 0x18
    1b02:	0e 94 49 00 	call	0x92	; 0x92 <__fixunssfsi>
    1b06:	dc 01       	movw	r26, r24
    1b08:	cb 01       	movw	r24, r22
    1b0a:	9c 8b       	std	Y+20, r25	; 0x14
    1b0c:	8b 8b       	std	Y+19, r24	; 0x13
    1b0e:	8b 89       	ldd	r24, Y+19	; 0x13
    1b10:	9c 89       	ldd	r25, Y+20	; 0x14
    1b12:	98 8b       	std	Y+16, r25	; 0x10
    1b14:	8f 87       	std	Y+15, r24	; 0x0f
    1b16:	8f 85       	ldd	r24, Y+15	; 0x0f
    1b18:	98 89       	ldd	r25, Y+16	; 0x10
    1b1a:	01 97       	sbiw	r24, 0x01	; 1
    1b1c:	f1 f7       	brne	.-4      	; 0x1b1a <LCD_sendCommand+0x2d6>
    1b1e:	98 8b       	std	Y+16, r25	; 0x10
    1b20:	8f 87       	std	Y+15, r24	; 0x0f
	_delay_ms(1); /* delay for processing Tdsw = 100ns */
	GPIO_writePin(LCD_E_PORT_ID,LCD_E_PIN_ID,LOGIC_LOW); /* Disable LCD E=0 */
    1b22:	83 e0       	ldi	r24, 0x03	; 3
    1b24:	61 e0       	ldi	r22, 0x01	; 1
    1b26:	40 e0       	ldi	r20, 0x00	; 0
    1b28:	0e 94 09 09 	call	0x1212	; 0x1212 <GPIO_writePin>
    1b2c:	80 e0       	ldi	r24, 0x00	; 0
    1b2e:	90 e0       	ldi	r25, 0x00	; 0
    1b30:	a0 e8       	ldi	r26, 0x80	; 128
    1b32:	bf e3       	ldi	r27, 0x3F	; 63
    1b34:	8b 87       	std	Y+11, r24	; 0x0b
    1b36:	9c 87       	std	Y+12, r25	; 0x0c
    1b38:	ad 87       	std	Y+13, r26	; 0x0d
    1b3a:	be 87       	std	Y+14, r27	; 0x0e
 */
void
_delay_ms(double __ms)
{
	uint16_t __ticks;
	double __tmp = ((F_CPU) / 4e3) * __ms;
    1b3c:	6b 85       	ldd	r22, Y+11	; 0x0b
    1b3e:	7c 85       	ldd	r23, Y+12	; 0x0c
    1b40:	8d 85       	ldd	r24, Y+13	; 0x0d
    1b42:	9e 85       	ldd	r25, Y+14	; 0x0e
    1b44:	20 e0       	ldi	r18, 0x00	; 0
    1b46:	30 e0       	ldi	r19, 0x00	; 0
    1b48:	4a e7       	ldi	r20, 0x7A	; 122
    1b4a:	55 e4       	ldi	r21, 0x45	; 69
    1b4c:	0e 94 1f 02 	call	0x43e	; 0x43e <__mulsf3>
    1b50:	dc 01       	movw	r26, r24
    1b52:	cb 01       	movw	r24, r22
    1b54:	8f 83       	std	Y+7, r24	; 0x07
    1b56:	98 87       	std	Y+8, r25	; 0x08
    1b58:	a9 87       	std	Y+9, r26	; 0x09
    1b5a:	ba 87       	std	Y+10, r27	; 0x0a
	if (__tmp < 1.0)
    1b5c:	6f 81       	ldd	r22, Y+7	; 0x07
    1b5e:	78 85       	ldd	r23, Y+8	; 0x08
    1b60:	89 85       	ldd	r24, Y+9	; 0x09
    1b62:	9a 85       	ldd	r25, Y+10	; 0x0a
    1b64:	20 e0       	ldi	r18, 0x00	; 0
    1b66:	30 e0       	ldi	r19, 0x00	; 0
    1b68:	40 e8       	ldi	r20, 0x80	; 128
    1b6a:	5f e3       	ldi	r21, 0x3F	; 63
    1b6c:	0e 94 25 04 	call	0x84a	; 0x84a <__ltsf2>
    1b70:	88 23       	and	r24, r24
    1b72:	2c f4       	brge	.+10     	; 0x1b7e <LCD_sendCommand+0x33a>
		__ticks = 1;
    1b74:	81 e0       	ldi	r24, 0x01	; 1
    1b76:	90 e0       	ldi	r25, 0x00	; 0
    1b78:	9e 83       	std	Y+6, r25	; 0x06
    1b7a:	8d 83       	std	Y+5, r24	; 0x05
    1b7c:	3f c0       	rjmp	.+126    	; 0x1bfc <LCD_sendCommand+0x3b8>
	else if (__tmp > 65535)
    1b7e:	6f 81       	ldd	r22, Y+7	; 0x07
    1b80:	78 85       	ldd	r23, Y+8	; 0x08
    1b82:	89 85       	ldd	r24, Y+9	; 0x09
    1b84:	9a 85       	ldd	r25, Y+10	; 0x0a
    1b86:	20 e0       	ldi	r18, 0x00	; 0
    1b88:	3f ef       	ldi	r19, 0xFF	; 255
    1b8a:	4f e7       	ldi	r20, 0x7F	; 127
    1b8c:	57 e4       	ldi	r21, 0x47	; 71
    1b8e:	0e 94 c5 03 	call	0x78a	; 0x78a <__gtsf2>
    1b92:	18 16       	cp	r1, r24
    1b94:	4c f5       	brge	.+82     	; 0x1be8 <LCD_sendCommand+0x3a4>
	{
		//	__ticks = requested delay in 1/10 ms
		__ticks = (uint16_t) (__ms * 10.0);
    1b96:	6b 85       	ldd	r22, Y+11	; 0x0b
    1b98:	7c 85       	ldd	r23, Y+12	; 0x0c
    1b9a:	8d 85       	ldd	r24, Y+13	; 0x0d
    1b9c:	9e 85       	ldd	r25, Y+14	; 0x0e
    1b9e:	20 e0       	ldi	r18, 0x00	; 0
    1ba0:	30 e0       	ldi	r19, 0x00	; 0
    1ba2:	40 e2       	ldi	r20, 0x20	; 32
    1ba4:	51 e4       	ldi	r21, 0x41	; 65
    1ba6:	0e 94 1f 02 	call	0x43e	; 0x43e <__mulsf3>
    1baa:	dc 01       	movw	r26, r24
    1bac:	cb 01       	movw	r24, r22
    1bae:	bc 01       	movw	r22, r24
    1bb0:	cd 01       	movw	r24, r26
    1bb2:	0e 94 49 00 	call	0x92	; 0x92 <__fixunssfsi>
    1bb6:	dc 01       	movw	r26, r24
    1bb8:	cb 01       	movw	r24, r22
    1bba:	9e 83       	std	Y+6, r25	; 0x06
    1bbc:	8d 83       	std	Y+5, r24	; 0x05
    1bbe:	0f c0       	rjmp	.+30     	; 0x1bde <LCD_sendCommand+0x39a>
    1bc0:	80 e9       	ldi	r24, 0x90	; 144
    1bc2:	91 e0       	ldi	r25, 0x01	; 1
    1bc4:	9c 83       	std	Y+4, r25	; 0x04
    1bc6:	8b 83       	std	Y+3, r24	; 0x03
    1bc8:	8b 81       	ldd	r24, Y+3	; 0x03
    1bca:	9c 81       	ldd	r25, Y+4	; 0x04
    1bcc:	01 97       	sbiw	r24, 0x01	; 1
    1bce:	f1 f7       	brne	.-4      	; 0x1bcc <LCD_sendCommand+0x388>
    1bd0:	9c 83       	std	Y+4, r25	; 0x04
    1bd2:	8b 83       	std	Y+3, r24	; 0x03
		while(__ticks)
		{
			// wait 1/10 ms
			_delay_loop_2(((F_CPU) / 4e3) / 10);
			__ticks --;
    1bd4:	8d 81       	ldd	r24, Y+5	; 0x05
    1bd6:	9e 81       	ldd	r25, Y+6	; 0x06
    1bd8:	01 97       	sbiw	r24, 0x01	; 1
    1bda:	9e 83       	std	Y+6, r25	; 0x06
    1bdc:	8d 83       	std	Y+5, r24	; 0x05
		__ticks = 1;
	else if (__tmp > 65535)
	{
		//	__ticks = requested delay in 1/10 ms
		__ticks = (uint16_t) (__ms * 10.0);
		while(__ticks)
    1bde:	8d 81       	ldd	r24, Y+5	; 0x05
    1be0:	9e 81       	ldd	r25, Y+6	; 0x06
    1be2:	00 97       	sbiw	r24, 0x00	; 0
    1be4:	69 f7       	brne	.-38     	; 0x1bc0 <LCD_sendCommand+0x37c>
    1be6:	14 c0       	rjmp	.+40     	; 0x1c10 <LCD_sendCommand+0x3cc>
			__ticks --;
		}
		return;
	}
	else
		__ticks = (uint16_t)__tmp;
    1be8:	6f 81       	ldd	r22, Y+7	; 0x07
    1bea:	78 85       	ldd	r23, Y+8	; 0x08
    1bec:	89 85       	ldd	r24, Y+9	; 0x09
    1bee:	9a 85       	ldd	r25, Y+10	; 0x0a
    1bf0:	0e 94 49 00 	call	0x92	; 0x92 <__fixunssfsi>
    1bf4:	dc 01       	movw	r26, r24
    1bf6:	cb 01       	movw	r24, r22
    1bf8:	9e 83       	std	Y+6, r25	; 0x06
    1bfa:	8d 83       	std	Y+5, r24	; 0x05
    1bfc:	8d 81       	ldd	r24, Y+5	; 0x05
    1bfe:	9e 81       	ldd	r25, Y+6	; 0x06
    1c00:	9a 83       	std	Y+2, r25	; 0x02
    1c02:	89 83       	std	Y+1, r24	; 0x01
    1c04:	89 81       	ldd	r24, Y+1	; 0x01
    1c06:	9a 81       	ldd	r25, Y+2	; 0x02
    1c08:	01 97       	sbiw	r24, 0x01	; 1
    1c0a:	f1 f7       	brne	.-4      	; 0x1c08 <LCD_sendCommand+0x3c4>
    1c0c:	9a 83       	std	Y+2, r25	; 0x02
    1c0e:	89 83       	std	Y+1, r24	; 0x01
	_delay_ms(1); /* delay for processing Th = 13ns */
#endif
}
    1c10:	e9 96       	adiw	r28, 0x39	; 57
    1c12:	0f b6       	in	r0, 0x3f	; 63
    1c14:	f8 94       	cli
    1c16:	de bf       	out	0x3e, r29	; 62
    1c18:	0f be       	out	0x3f, r0	; 63
    1c1a:	cd bf       	out	0x3d, r28	; 61
    1c1c:	cf 91       	pop	r28
    1c1e:	df 91       	pop	r29
    1c20:	08 95       	ret

00001c22 <LCD_displayCharacter>:
/*
 * Description :
 * Display the required character on the screen
 */
void LCD_displayCharacter(uint8 data)
{
    1c22:	df 93       	push	r29
    1c24:	cf 93       	push	r28
    1c26:	cd b7       	in	r28, 0x3d	; 61
    1c28:	de b7       	in	r29, 0x3e	; 62
    1c2a:	e9 97       	sbiw	r28, 0x39	; 57
    1c2c:	0f b6       	in	r0, 0x3f	; 63
    1c2e:	f8 94       	cli
    1c30:	de bf       	out	0x3e, r29	; 62
    1c32:	0f be       	out	0x3f, r0	; 63
    1c34:	cd bf       	out	0x3d, r28	; 61
    1c36:	89 af       	std	Y+57, r24	; 0x39
	GPIO_writePin(LCD_RS_PORT_ID,LCD_RS_PIN_ID,LOGIC_HIGH); /* Data Mode RS=1 */
    1c38:	83 e0       	ldi	r24, 0x03	; 3
    1c3a:	60 e0       	ldi	r22, 0x00	; 0
    1c3c:	41 e0       	ldi	r20, 0x01	; 1
    1c3e:	0e 94 09 09 	call	0x1212	; 0x1212 <GPIO_writePin>
    1c42:	80 e0       	ldi	r24, 0x00	; 0
    1c44:	90 e0       	ldi	r25, 0x00	; 0
    1c46:	a0 e8       	ldi	r26, 0x80	; 128
    1c48:	bf e3       	ldi	r27, 0x3F	; 63
    1c4a:	8d ab       	std	Y+53, r24	; 0x35
    1c4c:	9e ab       	std	Y+54, r25	; 0x36
    1c4e:	af ab       	std	Y+55, r26	; 0x37
    1c50:	b8 af       	std	Y+56, r27	; 0x38
 */
void
_delay_ms(double __ms)
{
	uint16_t __ticks;
	double __tmp = ((F_CPU) / 4e3) * __ms;
    1c52:	6d a9       	ldd	r22, Y+53	; 0x35
    1c54:	7e a9       	ldd	r23, Y+54	; 0x36
    1c56:	8f a9       	ldd	r24, Y+55	; 0x37
    1c58:	98 ad       	ldd	r25, Y+56	; 0x38
    1c5a:	20 e0       	ldi	r18, 0x00	; 0
    1c5c:	30 e0       	ldi	r19, 0x00	; 0
    1c5e:	4a e7       	ldi	r20, 0x7A	; 122
    1c60:	55 e4       	ldi	r21, 0x45	; 69
    1c62:	0e 94 1f 02 	call	0x43e	; 0x43e <__mulsf3>
    1c66:	dc 01       	movw	r26, r24
    1c68:	cb 01       	movw	r24, r22
    1c6a:	89 ab       	std	Y+49, r24	; 0x31
    1c6c:	9a ab       	std	Y+50, r25	; 0x32
    1c6e:	ab ab       	std	Y+51, r26	; 0x33
    1c70:	bc ab       	std	Y+52, r27	; 0x34
	if (__tmp < 1.0)
    1c72:	69 a9       	ldd	r22, Y+49	; 0x31
    1c74:	7a a9       	ldd	r23, Y+50	; 0x32
    1c76:	8b a9       	ldd	r24, Y+51	; 0x33
    1c78:	9c a9       	ldd	r25, Y+52	; 0x34
    1c7a:	20 e0       	ldi	r18, 0x00	; 0
    1c7c:	30 e0       	ldi	r19, 0x00	; 0
    1c7e:	40 e8       	ldi	r20, 0x80	; 128
    1c80:	5f e3       	ldi	r21, 0x3F	; 63
    1c82:	0e 94 25 04 	call	0x84a	; 0x84a <__ltsf2>
    1c86:	88 23       	and	r24, r24
    1c88:	2c f4       	brge	.+10     	; 0x1c94 <LCD_displayCharacter+0x72>
		__ticks = 1;
    1c8a:	81 e0       	ldi	r24, 0x01	; 1
    1c8c:	90 e0       	ldi	r25, 0x00	; 0
    1c8e:	98 ab       	std	Y+48, r25	; 0x30
    1c90:	8f a7       	std	Y+47, r24	; 0x2f
    1c92:	3f c0       	rjmp	.+126    	; 0x1d12 <LCD_displayCharacter+0xf0>
	else if (__tmp > 65535)
    1c94:	69 a9       	ldd	r22, Y+49	; 0x31
    1c96:	7a a9       	ldd	r23, Y+50	; 0x32
    1c98:	8b a9       	ldd	r24, Y+51	; 0x33
    1c9a:	9c a9       	ldd	r25, Y+52	; 0x34
    1c9c:	20 e0       	ldi	r18, 0x00	; 0
    1c9e:	3f ef       	ldi	r19, 0xFF	; 255
    1ca0:	4f e7       	ldi	r20, 0x7F	; 127
    1ca2:	57 e4       	ldi	r21, 0x47	; 71
    1ca4:	0e 94 c5 03 	call	0x78a	; 0x78a <__gtsf2>
    1ca8:	18 16       	cp	r1, r24
    1caa:	4c f5       	brge	.+82     	; 0x1cfe <LCD_displayCharacter+0xdc>
	{
		//	__ticks = requested delay in 1/10 ms
		__ticks = (uint16_t) (__ms * 10.0);
    1cac:	6d a9       	ldd	r22, Y+53	; 0x35
    1cae:	7e a9       	ldd	r23, Y+54	; 0x36
    1cb0:	8f a9       	ldd	r24, Y+55	; 0x37
    1cb2:	98 ad       	ldd	r25, Y+56	; 0x38
    1cb4:	20 e0       	ldi	r18, 0x00	; 0
    1cb6:	30 e0       	ldi	r19, 0x00	; 0
    1cb8:	40 e2       	ldi	r20, 0x20	; 32
    1cba:	51 e4       	ldi	r21, 0x41	; 65
    1cbc:	0e 94 1f 02 	call	0x43e	; 0x43e <__mulsf3>
    1cc0:	dc 01       	movw	r26, r24
    1cc2:	cb 01       	movw	r24, r22
    1cc4:	bc 01       	movw	r22, r24
    1cc6:	cd 01       	movw	r24, r26
    1cc8:	0e 94 49 00 	call	0x92	; 0x92 <__fixunssfsi>
    1ccc:	dc 01       	movw	r26, r24
    1cce:	cb 01       	movw	r24, r22
    1cd0:	98 ab       	std	Y+48, r25	; 0x30
    1cd2:	8f a7       	std	Y+47, r24	; 0x2f
    1cd4:	0f c0       	rjmp	.+30     	; 0x1cf4 <LCD_displayCharacter+0xd2>
    1cd6:	80 e9       	ldi	r24, 0x90	; 144
    1cd8:	91 e0       	ldi	r25, 0x01	; 1
    1cda:	9e a7       	std	Y+46, r25	; 0x2e
    1cdc:	8d a7       	std	Y+45, r24	; 0x2d
    1cde:	8d a5       	ldd	r24, Y+45	; 0x2d
    1ce0:	9e a5       	ldd	r25, Y+46	; 0x2e
    1ce2:	01 97       	sbiw	r24, 0x01	; 1
    1ce4:	f1 f7       	brne	.-4      	; 0x1ce2 <LCD_displayCharacter+0xc0>
    1ce6:	9e a7       	std	Y+46, r25	; 0x2e
    1ce8:	8d a7       	std	Y+45, r24	; 0x2d
		while(__ticks)
		{
			// wait 1/10 ms
			_delay_loop_2(((F_CPU) / 4e3) / 10);
			__ticks --;
    1cea:	8f a5       	ldd	r24, Y+47	; 0x2f
    1cec:	98 a9       	ldd	r25, Y+48	; 0x30
    1cee:	01 97       	sbiw	r24, 0x01	; 1
    1cf0:	98 ab       	std	Y+48, r25	; 0x30
    1cf2:	8f a7       	std	Y+47, r24	; 0x2f
		__ticks = 1;
	else if (__tmp > 65535)
	{
		//	__ticks = requested delay in 1/10 ms
		__ticks = (uint16_t) (__ms * 10.0);
		while(__ticks)
    1cf4:	8f a5       	ldd	r24, Y+47	; 0x2f
    1cf6:	98 a9       	ldd	r25, Y+48	; 0x30
    1cf8:	00 97       	sbiw	r24, 0x00	; 0
    1cfa:	69 f7       	brne	.-38     	; 0x1cd6 <LCD_displayCharacter+0xb4>
    1cfc:	14 c0       	rjmp	.+40     	; 0x1d26 <LCD_displayCharacter+0x104>
			__ticks --;
		}
		return;
	}
	else
		__ticks = (uint16_t)__tmp;
    1cfe:	69 a9       	ldd	r22, Y+49	; 0x31
    1d00:	7a a9       	ldd	r23, Y+50	; 0x32
    1d02:	8b a9       	ldd	r24, Y+51	; 0x33
    1d04:	9c a9       	ldd	r25, Y+52	; 0x34
    1d06:	0e 94 49 00 	call	0x92	; 0x92 <__fixunssfsi>
    1d0a:	dc 01       	movw	r26, r24
    1d0c:	cb 01       	movw	r24, r22
    1d0e:	98 ab       	std	Y+48, r25	; 0x30
    1d10:	8f a7       	std	Y+47, r24	; 0x2f
    1d12:	8f a5       	ldd	r24, Y+47	; 0x2f
    1d14:	98 a9       	ldd	r25, Y+48	; 0x30
    1d16:	9c a7       	std	Y+44, r25	; 0x2c
    1d18:	8b a7       	std	Y+43, r24	; 0x2b
    1d1a:	8b a5       	ldd	r24, Y+43	; 0x2b
    1d1c:	9c a5       	ldd	r25, Y+44	; 0x2c
    1d1e:	01 97       	sbiw	r24, 0x01	; 1
    1d20:	f1 f7       	brne	.-4      	; 0x1d1e <LCD_displayCharacter+0xfc>
    1d22:	9c a7       	std	Y+44, r25	; 0x2c
    1d24:	8b a7       	std	Y+43, r24	; 0x2b
	_delay_ms(1); /* delay for processing Tas = 50ns */
	GPIO_writePin(LCD_E_PORT_ID,LCD_E_PIN_ID,LOGIC_HIGH); /* Enable LCD E=1 */
    1d26:	83 e0       	ldi	r24, 0x03	; 3
    1d28:	61 e0       	ldi	r22, 0x01	; 1
    1d2a:	41 e0       	ldi	r20, 0x01	; 1
    1d2c:	0e 94 09 09 	call	0x1212	; 0x1212 <GPIO_writePin>
    1d30:	80 e0       	ldi	r24, 0x00	; 0
    1d32:	90 e0       	ldi	r25, 0x00	; 0
    1d34:	a0 e8       	ldi	r26, 0x80	; 128
    1d36:	bf e3       	ldi	r27, 0x3F	; 63
    1d38:	8f a3       	std	Y+39, r24	; 0x27
    1d3a:	98 a7       	std	Y+40, r25	; 0x28
    1d3c:	a9 a7       	std	Y+41, r26	; 0x29
    1d3e:	ba a7       	std	Y+42, r27	; 0x2a
 */
void
_delay_ms(double __ms)
{
	uint16_t __ticks;
	double __tmp = ((F_CPU) / 4e3) * __ms;
    1d40:	6f a1       	ldd	r22, Y+39	; 0x27
    1d42:	78 a5       	ldd	r23, Y+40	; 0x28
    1d44:	89 a5       	ldd	r24, Y+41	; 0x29
    1d46:	9a a5       	ldd	r25, Y+42	; 0x2a
    1d48:	20 e0       	ldi	r18, 0x00	; 0
    1d4a:	30 e0       	ldi	r19, 0x00	; 0
    1d4c:	4a e7       	ldi	r20, 0x7A	; 122
    1d4e:	55 e4       	ldi	r21, 0x45	; 69
    1d50:	0e 94 1f 02 	call	0x43e	; 0x43e <__mulsf3>
    1d54:	dc 01       	movw	r26, r24
    1d56:	cb 01       	movw	r24, r22
    1d58:	8b a3       	std	Y+35, r24	; 0x23
    1d5a:	9c a3       	std	Y+36, r25	; 0x24
    1d5c:	ad a3       	std	Y+37, r26	; 0x25
    1d5e:	be a3       	std	Y+38, r27	; 0x26
	if (__tmp < 1.0)
    1d60:	6b a1       	ldd	r22, Y+35	; 0x23
    1d62:	7c a1       	ldd	r23, Y+36	; 0x24
    1d64:	8d a1       	ldd	r24, Y+37	; 0x25
    1d66:	9e a1       	ldd	r25, Y+38	; 0x26
    1d68:	20 e0       	ldi	r18, 0x00	; 0
    1d6a:	30 e0       	ldi	r19, 0x00	; 0
    1d6c:	40 e8       	ldi	r20, 0x80	; 128
    1d6e:	5f e3       	ldi	r21, 0x3F	; 63
    1d70:	0e 94 25 04 	call	0x84a	; 0x84a <__ltsf2>
    1d74:	88 23       	and	r24, r24
    1d76:	2c f4       	brge	.+10     	; 0x1d82 <LCD_displayCharacter+0x160>
		__ticks = 1;
    1d78:	81 e0       	ldi	r24, 0x01	; 1
    1d7a:	90 e0       	ldi	r25, 0x00	; 0
    1d7c:	9a a3       	std	Y+34, r25	; 0x22
    1d7e:	89 a3       	std	Y+33, r24	; 0x21
    1d80:	3f c0       	rjmp	.+126    	; 0x1e00 <LCD_displayCharacter+0x1de>
	else if (__tmp > 65535)
    1d82:	6b a1       	ldd	r22, Y+35	; 0x23
    1d84:	7c a1       	ldd	r23, Y+36	; 0x24
    1d86:	8d a1       	ldd	r24, Y+37	; 0x25
    1d88:	9e a1       	ldd	r25, Y+38	; 0x26
    1d8a:	20 e0       	ldi	r18, 0x00	; 0
    1d8c:	3f ef       	ldi	r19, 0xFF	; 255
    1d8e:	4f e7       	ldi	r20, 0x7F	; 127
    1d90:	57 e4       	ldi	r21, 0x47	; 71
    1d92:	0e 94 c5 03 	call	0x78a	; 0x78a <__gtsf2>
    1d96:	18 16       	cp	r1, r24
    1d98:	4c f5       	brge	.+82     	; 0x1dec <LCD_displayCharacter+0x1ca>
	{
		//	__ticks = requested delay in 1/10 ms
		__ticks = (uint16_t) (__ms * 10.0);
    1d9a:	6f a1       	ldd	r22, Y+39	; 0x27
    1d9c:	78 a5       	ldd	r23, Y+40	; 0x28
    1d9e:	89 a5       	ldd	r24, Y+41	; 0x29
    1da0:	9a a5       	ldd	r25, Y+42	; 0x2a
    1da2:	20 e0       	ldi	r18, 0x00	; 0
    1da4:	30 e0       	ldi	r19, 0x00	; 0
    1da6:	40 e2       	ldi	r20, 0x20	; 32
    1da8:	51 e4       	ldi	r21, 0x41	; 65
    1daa:	0e 94 1f 02 	call	0x43e	; 0x43e <__mulsf3>
    1dae:	dc 01       	movw	r26, r24
    1db0:	cb 01       	movw	r24, r22
    1db2:	bc 01       	movw	r22, r24
    1db4:	cd 01       	movw	r24, r26
    1db6:	0e 94 49 00 	call	0x92	; 0x92 <__fixunssfsi>
    1dba:	dc 01       	movw	r26, r24
    1dbc:	cb 01       	movw	r24, r22
    1dbe:	9a a3       	std	Y+34, r25	; 0x22
    1dc0:	89 a3       	std	Y+33, r24	; 0x21
    1dc2:	0f c0       	rjmp	.+30     	; 0x1de2 <LCD_displayCharacter+0x1c0>
    1dc4:	80 e9       	ldi	r24, 0x90	; 144
    1dc6:	91 e0       	ldi	r25, 0x01	; 1
    1dc8:	98 a3       	std	Y+32, r25	; 0x20
    1dca:	8f 8f       	std	Y+31, r24	; 0x1f
    1dcc:	8f 8d       	ldd	r24, Y+31	; 0x1f
    1dce:	98 a1       	ldd	r25, Y+32	; 0x20
    1dd0:	01 97       	sbiw	r24, 0x01	; 1
    1dd2:	f1 f7       	brne	.-4      	; 0x1dd0 <LCD_displayCharacter+0x1ae>
    1dd4:	98 a3       	std	Y+32, r25	; 0x20
    1dd6:	8f 8f       	std	Y+31, r24	; 0x1f
		while(__ticks)
		{
			// wait 1/10 ms
			_delay_loop_2(((F_CPU) / 4e3) / 10);
			__ticks --;
    1dd8:	89 a1       	ldd	r24, Y+33	; 0x21
    1dda:	9a a1       	ldd	r25, Y+34	; 0x22
    1ddc:	01 97       	sbiw	r24, 0x01	; 1
    1dde:	9a a3       	std	Y+34, r25	; 0x22
    1de0:	89 a3       	std	Y+33, r24	; 0x21
		__ticks = 1;
	else if (__tmp > 65535)
	{
		//	__ticks = requested delay in 1/10 ms
		__ticks = (uint16_t) (__ms * 10.0);
		while(__ticks)
    1de2:	89 a1       	ldd	r24, Y+33	; 0x21
    1de4:	9a a1       	ldd	r25, Y+34	; 0x22
    1de6:	00 97       	sbiw	r24, 0x00	; 0
    1de8:	69 f7       	brne	.-38     	; 0x1dc4 <LCD_displayCharacter+0x1a2>
    1dea:	14 c0       	rjmp	.+40     	; 0x1e14 <LCD_displayCharacter+0x1f2>
			__ticks --;
		}
		return;
	}
	else
		__ticks = (uint16_t)__tmp;
    1dec:	6b a1       	ldd	r22, Y+35	; 0x23
    1dee:	7c a1       	ldd	r23, Y+36	; 0x24
    1df0:	8d a1       	ldd	r24, Y+37	; 0x25
    1df2:	9e a1       	ldd	r25, Y+38	; 0x26
    1df4:	0e 94 49 00 	call	0x92	; 0x92 <__fixunssfsi>
    1df8:	dc 01       	movw	r26, r24
    1dfa:	cb 01       	movw	r24, r22
    1dfc:	9a a3       	std	Y+34, r25	; 0x22
    1dfe:	89 a3       	std	Y+33, r24	; 0x21
    1e00:	89 a1       	ldd	r24, Y+33	; 0x21
    1e02:	9a a1       	ldd	r25, Y+34	; 0x22
    1e04:	9e 8f       	std	Y+30, r25	; 0x1e
    1e06:	8d 8f       	std	Y+29, r24	; 0x1d
    1e08:	8d 8d       	ldd	r24, Y+29	; 0x1d
    1e0a:	9e 8d       	ldd	r25, Y+30	; 0x1e
    1e0c:	01 97       	sbiw	r24, 0x01	; 1
    1e0e:	f1 f7       	brne	.-4      	; 0x1e0c <LCD_displayCharacter+0x1ea>
    1e10:	9e 8f       	std	Y+30, r25	; 0x1e
    1e12:	8d 8f       	std	Y+29, r24	; 0x1d
	_delay_ms(1); /* delay for processing Tdsw = 100ns */
	GPIO_writePin(LCD_E_PORT_ID,LCD_E_PIN_ID,LOGIC_LOW); /* Disable LCD E=0 */
	_delay_ms(1); /* delay for processing Th = 13ns */

#elif(LCD_DATA_BITS_MODE == 8)
	GPIO_writePort(LCD_DATA_PORT_ID,data); /* out the required command to the data bus D0 --> D7 */
    1e14:	82 e0       	ldi	r24, 0x02	; 2
    1e16:	69 ad       	ldd	r22, Y+57	; 0x39
    1e18:	0e 94 c0 0a 	call	0x1580	; 0x1580 <GPIO_writePort>
    1e1c:	80 e0       	ldi	r24, 0x00	; 0
    1e1e:	90 e0       	ldi	r25, 0x00	; 0
    1e20:	a0 e8       	ldi	r26, 0x80	; 128
    1e22:	bf e3       	ldi	r27, 0x3F	; 63
    1e24:	89 8f       	std	Y+25, r24	; 0x19
    1e26:	9a 8f       	std	Y+26, r25	; 0x1a
    1e28:	ab 8f       	std	Y+27, r26	; 0x1b
    1e2a:	bc 8f       	std	Y+28, r27	; 0x1c
 */
void
_delay_ms(double __ms)
{
	uint16_t __ticks;
	double __tmp = ((F_CPU) / 4e3) * __ms;
    1e2c:	69 8d       	ldd	r22, Y+25	; 0x19
    1e2e:	7a 8d       	ldd	r23, Y+26	; 0x1a
    1e30:	8b 8d       	ldd	r24, Y+27	; 0x1b
    1e32:	9c 8d       	ldd	r25, Y+28	; 0x1c
    1e34:	20 e0       	ldi	r18, 0x00	; 0
    1e36:	30 e0       	ldi	r19, 0x00	; 0
    1e38:	4a e7       	ldi	r20, 0x7A	; 122
    1e3a:	55 e4       	ldi	r21, 0x45	; 69
    1e3c:	0e 94 1f 02 	call	0x43e	; 0x43e <__mulsf3>
    1e40:	dc 01       	movw	r26, r24
    1e42:	cb 01       	movw	r24, r22
    1e44:	8d 8b       	std	Y+21, r24	; 0x15
    1e46:	9e 8b       	std	Y+22, r25	; 0x16
    1e48:	af 8b       	std	Y+23, r26	; 0x17
    1e4a:	b8 8f       	std	Y+24, r27	; 0x18
	if (__tmp < 1.0)
    1e4c:	6d 89       	ldd	r22, Y+21	; 0x15
    1e4e:	7e 89       	ldd	r23, Y+22	; 0x16
    1e50:	8f 89       	ldd	r24, Y+23	; 0x17
    1e52:	98 8d       	ldd	r25, Y+24	; 0x18
    1e54:	20 e0       	ldi	r18, 0x00	; 0
    1e56:	30 e0       	ldi	r19, 0x00	; 0
    1e58:	40 e8       	ldi	r20, 0x80	; 128
    1e5a:	5f e3       	ldi	r21, 0x3F	; 63
    1e5c:	0e 94 25 04 	call	0x84a	; 0x84a <__ltsf2>
    1e60:	88 23       	and	r24, r24
    1e62:	2c f4       	brge	.+10     	; 0x1e6e <LCD_displayCharacter+0x24c>
		__ticks = 1;
    1e64:	81 e0       	ldi	r24, 0x01	; 1
    1e66:	90 e0       	ldi	r25, 0x00	; 0
    1e68:	9c 8b       	std	Y+20, r25	; 0x14
    1e6a:	8b 8b       	std	Y+19, r24	; 0x13
    1e6c:	3f c0       	rjmp	.+126    	; 0x1eec <LCD_displayCharacter+0x2ca>
	else if (__tmp > 65535)
    1e6e:	6d 89       	ldd	r22, Y+21	; 0x15
    1e70:	7e 89       	ldd	r23, Y+22	; 0x16
    1e72:	8f 89       	ldd	r24, Y+23	; 0x17
    1e74:	98 8d       	ldd	r25, Y+24	; 0x18
    1e76:	20 e0       	ldi	r18, 0x00	; 0
    1e78:	3f ef       	ldi	r19, 0xFF	; 255
    1e7a:	4f e7       	ldi	r20, 0x7F	; 127
    1e7c:	57 e4       	ldi	r21, 0x47	; 71
    1e7e:	0e 94 c5 03 	call	0x78a	; 0x78a <__gtsf2>
    1e82:	18 16       	cp	r1, r24
    1e84:	4c f5       	brge	.+82     	; 0x1ed8 <LCD_displayCharacter+0x2b6>
	{
		//	__ticks = requested delay in 1/10 ms
		__ticks = (uint16_t) (__ms * 10.0);
    1e86:	69 8d       	ldd	r22, Y+25	; 0x19
    1e88:	7a 8d       	ldd	r23, Y+26	; 0x1a
    1e8a:	8b 8d       	ldd	r24, Y+27	; 0x1b
    1e8c:	9c 8d       	ldd	r25, Y+28	; 0x1c
    1e8e:	20 e0       	ldi	r18, 0x00	; 0
    1e90:	30 e0       	ldi	r19, 0x00	; 0
    1e92:	40 e2       	ldi	r20, 0x20	; 32
    1e94:	51 e4       	ldi	r21, 0x41	; 65
    1e96:	0e 94 1f 02 	call	0x43e	; 0x43e <__mulsf3>
    1e9a:	dc 01       	movw	r26, r24
    1e9c:	cb 01       	movw	r24, r22
    1e9e:	bc 01       	movw	r22, r24
    1ea0:	cd 01       	movw	r24, r26
    1ea2:	0e 94 49 00 	call	0x92	; 0x92 <__fixunssfsi>
    1ea6:	dc 01       	movw	r26, r24
    1ea8:	cb 01       	movw	r24, r22
    1eaa:	9c 8b       	std	Y+20, r25	; 0x14
    1eac:	8b 8b       	std	Y+19, r24	; 0x13
    1eae:	0f c0       	rjmp	.+30     	; 0x1ece <LCD_displayCharacter+0x2ac>
    1eb0:	80 e9       	ldi	r24, 0x90	; 144
    1eb2:	91 e0       	ldi	r25, 0x01	; 1
    1eb4:	9a 8b       	std	Y+18, r25	; 0x12
    1eb6:	89 8b       	std	Y+17, r24	; 0x11
    1eb8:	89 89       	ldd	r24, Y+17	; 0x11
    1eba:	9a 89       	ldd	r25, Y+18	; 0x12
    1ebc:	01 97       	sbiw	r24, 0x01	; 1
    1ebe:	f1 f7       	brne	.-4      	; 0x1ebc <LCD_displayCharacter+0x29a>
    1ec0:	9a 8b       	std	Y+18, r25	; 0x12
    1ec2:	89 8b       	std	Y+17, r24	; 0x11
		while(__ticks)
		{
			// wait 1/10 ms
			_delay_loop_2(((F_CPU) / 4e3) / 10);
			__ticks --;
    1ec4:	8b 89       	ldd	r24, Y+19	; 0x13
    1ec6:	9c 89       	ldd	r25, Y+20	; 0x14
    1ec8:	01 97       	sbiw	r24, 0x01	; 1
    1eca:	9c 8b       	std	Y+20, r25	; 0x14
    1ecc:	8b 8b       	std	Y+19, r24	; 0x13
		__ticks = 1;
	else if (__tmp > 65535)
	{
		//	__ticks = requested delay in 1/10 ms
		__ticks = (uint16_t) (__ms * 10.0);
		while(__ticks)
    1ece:	8b 89       	ldd	r24, Y+19	; 0x13
    1ed0:	9c 89       	ldd	r25, Y+20	; 0x14
    1ed2:	00 97       	sbiw	r24, 0x00	; 0
    1ed4:	69 f7       	brne	.-38     	; 0x1eb0 <LCD_displayCharacter+0x28e>
    1ed6:	14 c0       	rjmp	.+40     	; 0x1f00 <LCD_displayCharacter+0x2de>
			__ticks --;
		}
		return;
	}
	else
		__ticks = (uint16_t)__tmp;
    1ed8:	6d 89       	ldd	r22, Y+21	; 0x15
    1eda:	7e 89       	ldd	r23, Y+22	; 0x16
    1edc:	8f 89       	ldd	r24, Y+23	; 0x17
    1ede:	98 8d       	ldd	r25, Y+24	; 0x18
    1ee0:	0e 94 49 00 	call	0x92	; 0x92 <__fixunssfsi>
    1ee4:	dc 01       	movw	r26, r24
    1ee6:	cb 01       	movw	r24, r22
    1ee8:	9c 8b       	std	Y+20, r25	; 0x14
    1eea:	8b 8b       	std	Y+19, r24	; 0x13
    1eec:	8b 89       	ldd	r24, Y+19	; 0x13
    1eee:	9c 89       	ldd	r25, Y+20	; 0x14
    1ef0:	98 8b       	std	Y+16, r25	; 0x10
    1ef2:	8f 87       	std	Y+15, r24	; 0x0f
    1ef4:	8f 85       	ldd	r24, Y+15	; 0x0f
    1ef6:	98 89       	ldd	r25, Y+16	; 0x10
    1ef8:	01 97       	sbiw	r24, 0x01	; 1
    1efa:	f1 f7       	brne	.-4      	; 0x1ef8 <LCD_displayCharacter+0x2d6>
    1efc:	98 8b       	std	Y+16, r25	; 0x10
    1efe:	8f 87       	std	Y+15, r24	; 0x0f
	_delay_ms(1); /* delay for processing Tdsw = 100ns */
	GPIO_writePin(LCD_E_PORT_ID,LCD_E_PIN_ID,LOGIC_LOW); /* Disable LCD E=0 */
    1f00:	83 e0       	ldi	r24, 0x03	; 3
    1f02:	61 e0       	ldi	r22, 0x01	; 1
    1f04:	40 e0       	ldi	r20, 0x00	; 0
    1f06:	0e 94 09 09 	call	0x1212	; 0x1212 <GPIO_writePin>
    1f0a:	80 e0       	ldi	r24, 0x00	; 0
    1f0c:	90 e0       	ldi	r25, 0x00	; 0
    1f0e:	a0 e8       	ldi	r26, 0x80	; 128
    1f10:	bf e3       	ldi	r27, 0x3F	; 63
    1f12:	8b 87       	std	Y+11, r24	; 0x0b
    1f14:	9c 87       	std	Y+12, r25	; 0x0c
    1f16:	ad 87       	std	Y+13, r26	; 0x0d
    1f18:	be 87       	std	Y+14, r27	; 0x0e
 */
void
_delay_ms(double __ms)
{
	uint16_t __ticks;
	double __tmp = ((F_CPU) / 4e3) * __ms;
    1f1a:	6b 85       	ldd	r22, Y+11	; 0x0b
    1f1c:	7c 85       	ldd	r23, Y+12	; 0x0c
    1f1e:	8d 85       	ldd	r24, Y+13	; 0x0d
    1f20:	9e 85       	ldd	r25, Y+14	; 0x0e
    1f22:	20 e0       	ldi	r18, 0x00	; 0
    1f24:	30 e0       	ldi	r19, 0x00	; 0
    1f26:	4a e7       	ldi	r20, 0x7A	; 122
    1f28:	55 e4       	ldi	r21, 0x45	; 69
    1f2a:	0e 94 1f 02 	call	0x43e	; 0x43e <__mulsf3>
    1f2e:	dc 01       	movw	r26, r24
    1f30:	cb 01       	movw	r24, r22
    1f32:	8f 83       	std	Y+7, r24	; 0x07
    1f34:	98 87       	std	Y+8, r25	; 0x08
    1f36:	a9 87       	std	Y+9, r26	; 0x09
    1f38:	ba 87       	std	Y+10, r27	; 0x0a
	if (__tmp < 1.0)
    1f3a:	6f 81       	ldd	r22, Y+7	; 0x07
    1f3c:	78 85       	ldd	r23, Y+8	; 0x08
    1f3e:	89 85       	ldd	r24, Y+9	; 0x09
    1f40:	9a 85       	ldd	r25, Y+10	; 0x0a
    1f42:	20 e0       	ldi	r18, 0x00	; 0
    1f44:	30 e0       	ldi	r19, 0x00	; 0
    1f46:	40 e8       	ldi	r20, 0x80	; 128
    1f48:	5f e3       	ldi	r21, 0x3F	; 63
    1f4a:	0e 94 25 04 	call	0x84a	; 0x84a <__ltsf2>
    1f4e:	88 23       	and	r24, r24
    1f50:	2c f4       	brge	.+10     	; 0x1f5c <LCD_displayCharacter+0x33a>
		__ticks = 1;
    1f52:	81 e0       	ldi	r24, 0x01	; 1
    1f54:	90 e0       	ldi	r25, 0x00	; 0
    1f56:	9e 83       	std	Y+6, r25	; 0x06
    1f58:	8d 83       	std	Y+5, r24	; 0x05
    1f5a:	3f c0       	rjmp	.+126    	; 0x1fda <LCD_displayCharacter+0x3b8>
	else if (__tmp > 65535)
    1f5c:	6f 81       	ldd	r22, Y+7	; 0x07
    1f5e:	78 85       	ldd	r23, Y+8	; 0x08
    1f60:	89 85       	ldd	r24, Y+9	; 0x09
    1f62:	9a 85       	ldd	r25, Y+10	; 0x0a
    1f64:	20 e0       	ldi	r18, 0x00	; 0
    1f66:	3f ef       	ldi	r19, 0xFF	; 255
    1f68:	4f e7       	ldi	r20, 0x7F	; 127
    1f6a:	57 e4       	ldi	r21, 0x47	; 71
    1f6c:	0e 94 c5 03 	call	0x78a	; 0x78a <__gtsf2>
    1f70:	18 16       	cp	r1, r24
    1f72:	4c f5       	brge	.+82     	; 0x1fc6 <LCD_displayCharacter+0x3a4>
	{
		//	__ticks = requested delay in 1/10 ms
		__ticks = (uint16_t) (__ms * 10.0);
    1f74:	6b 85       	ldd	r22, Y+11	; 0x0b
    1f76:	7c 85       	ldd	r23, Y+12	; 0x0c
    1f78:	8d 85       	ldd	r24, Y+13	; 0x0d
    1f7a:	9e 85       	ldd	r25, Y+14	; 0x0e
    1f7c:	20 e0       	ldi	r18, 0x00	; 0
    1f7e:	30 e0       	ldi	r19, 0x00	; 0
    1f80:	40 e2       	ldi	r20, 0x20	; 32
    1f82:	51 e4       	ldi	r21, 0x41	; 65
    1f84:	0e 94 1f 02 	call	0x43e	; 0x43e <__mulsf3>
    1f88:	dc 01       	movw	r26, r24
    1f8a:	cb 01       	movw	r24, r22
    1f8c:	bc 01       	movw	r22, r24
    1f8e:	cd 01       	movw	r24, r26
    1f90:	0e 94 49 00 	call	0x92	; 0x92 <__fixunssfsi>
    1f94:	dc 01       	movw	r26, r24
    1f96:	cb 01       	movw	r24, r22
    1f98:	9e 83       	std	Y+6, r25	; 0x06
    1f9a:	8d 83       	std	Y+5, r24	; 0x05
    1f9c:	0f c0       	rjmp	.+30     	; 0x1fbc <LCD_displayCharacter+0x39a>
    1f9e:	80 e9       	ldi	r24, 0x90	; 144
    1fa0:	91 e0       	ldi	r25, 0x01	; 1
    1fa2:	9c 83       	std	Y+4, r25	; 0x04
    1fa4:	8b 83       	std	Y+3, r24	; 0x03
    1fa6:	8b 81       	ldd	r24, Y+3	; 0x03
    1fa8:	9c 81       	ldd	r25, Y+4	; 0x04
    1faa:	01 97       	sbiw	r24, 0x01	; 1
    1fac:	f1 f7       	brne	.-4      	; 0x1faa <LCD_displayCharacter+0x388>
    1fae:	9c 83       	std	Y+4, r25	; 0x04
    1fb0:	8b 83       	std	Y+3, r24	; 0x03
		while(__ticks)
		{
			// wait 1/10 ms
			_delay_loop_2(((F_CPU) / 4e3) / 10);
			__ticks --;
    1fb2:	8d 81       	ldd	r24, Y+5	; 0x05
    1fb4:	9e 81       	ldd	r25, Y+6	; 0x06
    1fb6:	01 97       	sbiw	r24, 0x01	; 1
    1fb8:	9e 83       	std	Y+6, r25	; 0x06
    1fba:	8d 83       	std	Y+5, r24	; 0x05
		__ticks = 1;
	else if (__tmp > 65535)
	{
		//	__ticks = requested delay in 1/10 ms
		__ticks = (uint16_t) (__ms * 10.0);
		while(__ticks)
    1fbc:	8d 81       	ldd	r24, Y+5	; 0x05
    1fbe:	9e 81       	ldd	r25, Y+6	; 0x06
    1fc0:	00 97       	sbiw	r24, 0x00	; 0
    1fc2:	69 f7       	brne	.-38     	; 0x1f9e <LCD_displayCharacter+0x37c>
    1fc4:	14 c0       	rjmp	.+40     	; 0x1fee <LCD_displayCharacter+0x3cc>
			__ticks --;
		}
		return;
	}
	else
		__ticks = (uint16_t)__tmp;
    1fc6:	6f 81       	ldd	r22, Y+7	; 0x07
    1fc8:	78 85       	ldd	r23, Y+8	; 0x08
    1fca:	89 85       	ldd	r24, Y+9	; 0x09
    1fcc:	9a 85       	ldd	r25, Y+10	; 0x0a
    1fce:	0e 94 49 00 	call	0x92	; 0x92 <__fixunssfsi>
    1fd2:	dc 01       	movw	r26, r24
    1fd4:	cb 01       	movw	r24, r22
    1fd6:	9e 83       	std	Y+6, r25	; 0x06
    1fd8:	8d 83       	std	Y+5, r24	; 0x05
    1fda:	8d 81       	ldd	r24, Y+5	; 0x05
    1fdc:	9e 81       	ldd	r25, Y+6	; 0x06
    1fde:	9a 83       	std	Y+2, r25	; 0x02
    1fe0:	89 83       	std	Y+1, r24	; 0x01
    1fe2:	89 81       	ldd	r24, Y+1	; 0x01
    1fe4:	9a 81       	ldd	r25, Y+2	; 0x02
    1fe6:	01 97       	sbiw	r24, 0x01	; 1
    1fe8:	f1 f7       	brne	.-4      	; 0x1fe6 <LCD_displayCharacter+0x3c4>
    1fea:	9a 83       	std	Y+2, r25	; 0x02
    1fec:	89 83       	std	Y+1, r24	; 0x01
	_delay_ms(1); /* delay for processing Th = 13ns */
#endif
}
    1fee:	e9 96       	adiw	r28, 0x39	; 57
    1ff0:	0f b6       	in	r0, 0x3f	; 63
    1ff2:	f8 94       	cli
    1ff4:	de bf       	out	0x3e, r29	; 62
    1ff6:	0f be       	out	0x3f, r0	; 63
    1ff8:	cd bf       	out	0x3d, r28	; 61
    1ffa:	cf 91       	pop	r28
    1ffc:	df 91       	pop	r29
    1ffe:	08 95       	ret

00002000 <LCD_displayString>:
/*
 * Description :
 * Display the required string on the screen
 */
void LCD_displayString(const char *Str)
{
    2000:	df 93       	push	r29
    2002:	cf 93       	push	r28
    2004:	00 d0       	rcall	.+0      	; 0x2006 <LCD_displayString+0x6>
    2006:	0f 92       	push	r0
    2008:	cd b7       	in	r28, 0x3d	; 61
    200a:	de b7       	in	r29, 0x3e	; 62
    200c:	9b 83       	std	Y+3, r25	; 0x03
    200e:	8a 83       	std	Y+2, r24	; 0x02
	uint8 i = 0;
    2010:	19 82       	std	Y+1, r1	; 0x01
    2012:	0e c0       	rjmp	.+28     	; 0x2030 <LCD_displayString+0x30>
	while(Str[i] != '\0')
	{
		LCD_displayCharacter(Str[i]);
    2014:	89 81       	ldd	r24, Y+1	; 0x01
    2016:	28 2f       	mov	r18, r24
    2018:	30 e0       	ldi	r19, 0x00	; 0
    201a:	8a 81       	ldd	r24, Y+2	; 0x02
    201c:	9b 81       	ldd	r25, Y+3	; 0x03
    201e:	fc 01       	movw	r30, r24
    2020:	e2 0f       	add	r30, r18
    2022:	f3 1f       	adc	r31, r19
    2024:	80 81       	ld	r24, Z
    2026:	0e 94 11 0e 	call	0x1c22	; 0x1c22 <LCD_displayCharacter>
		i++;
    202a:	89 81       	ldd	r24, Y+1	; 0x01
    202c:	8f 5f       	subi	r24, 0xFF	; 255
    202e:	89 83       	std	Y+1, r24	; 0x01
 * Display the required string on the screen
 */
void LCD_displayString(const char *Str)
{
	uint8 i = 0;
	while(Str[i] != '\0')
    2030:	89 81       	ldd	r24, Y+1	; 0x01
    2032:	28 2f       	mov	r18, r24
    2034:	30 e0       	ldi	r19, 0x00	; 0
    2036:	8a 81       	ldd	r24, Y+2	; 0x02
    2038:	9b 81       	ldd	r25, Y+3	; 0x03
    203a:	fc 01       	movw	r30, r24
    203c:	e2 0f       	add	r30, r18
    203e:	f3 1f       	adc	r31, r19
    2040:	80 81       	ld	r24, Z
    2042:	88 23       	and	r24, r24
    2044:	39 f7       	brne	.-50     	; 0x2014 <LCD_displayString+0x14>
	{
		LCD_displayCharacter(*Str);
		Str++;
	}		
	*********************************************************/
}
    2046:	0f 90       	pop	r0
    2048:	0f 90       	pop	r0
    204a:	0f 90       	pop	r0
    204c:	cf 91       	pop	r28
    204e:	df 91       	pop	r29
    2050:	08 95       	ret

00002052 <LCD_moveCursor>:
/*
 * Description :
 * Move the cursor to a specified row and column index on the screen
 */
void LCD_moveCursor(uint8 row,uint8 col)
{
    2052:	df 93       	push	r29
    2054:	cf 93       	push	r28
    2056:	00 d0       	rcall	.+0      	; 0x2058 <LCD_moveCursor+0x6>
    2058:	00 d0       	rcall	.+0      	; 0x205a <LCD_moveCursor+0x8>
    205a:	0f 92       	push	r0
    205c:	cd b7       	in	r28, 0x3d	; 61
    205e:	de b7       	in	r29, 0x3e	; 62
    2060:	8a 83       	std	Y+2, r24	; 0x02
    2062:	6b 83       	std	Y+3, r22	; 0x03
	uint8 lcd_memory_address;
	
	/* Calculate the required address in the LCD DDRAM */
	switch(row)
    2064:	8a 81       	ldd	r24, Y+2	; 0x02
    2066:	28 2f       	mov	r18, r24
    2068:	30 e0       	ldi	r19, 0x00	; 0
    206a:	3d 83       	std	Y+5, r19	; 0x05
    206c:	2c 83       	std	Y+4, r18	; 0x04
    206e:	8c 81       	ldd	r24, Y+4	; 0x04
    2070:	9d 81       	ldd	r25, Y+5	; 0x05
    2072:	81 30       	cpi	r24, 0x01	; 1
    2074:	91 05       	cpc	r25, r1
    2076:	c1 f0       	breq	.+48     	; 0x20a8 <LCD_moveCursor+0x56>
    2078:	2c 81       	ldd	r18, Y+4	; 0x04
    207a:	3d 81       	ldd	r19, Y+5	; 0x05
    207c:	22 30       	cpi	r18, 0x02	; 2
    207e:	31 05       	cpc	r19, r1
    2080:	2c f4       	brge	.+10     	; 0x208c <LCD_moveCursor+0x3a>
    2082:	8c 81       	ldd	r24, Y+4	; 0x04
    2084:	9d 81       	ldd	r25, Y+5	; 0x05
    2086:	00 97       	sbiw	r24, 0x00	; 0
    2088:	61 f0       	breq	.+24     	; 0x20a2 <LCD_moveCursor+0x50>
    208a:	19 c0       	rjmp	.+50     	; 0x20be <LCD_moveCursor+0x6c>
    208c:	2c 81       	ldd	r18, Y+4	; 0x04
    208e:	3d 81       	ldd	r19, Y+5	; 0x05
    2090:	22 30       	cpi	r18, 0x02	; 2
    2092:	31 05       	cpc	r19, r1
    2094:	69 f0       	breq	.+26     	; 0x20b0 <LCD_moveCursor+0x5e>
    2096:	8c 81       	ldd	r24, Y+4	; 0x04
    2098:	9d 81       	ldd	r25, Y+5	; 0x05
    209a:	83 30       	cpi	r24, 0x03	; 3
    209c:	91 05       	cpc	r25, r1
    209e:	61 f0       	breq	.+24     	; 0x20b8 <LCD_moveCursor+0x66>
    20a0:	0e c0       	rjmp	.+28     	; 0x20be <LCD_moveCursor+0x6c>
	{
		case 0:
			lcd_memory_address=col;
    20a2:	8b 81       	ldd	r24, Y+3	; 0x03
    20a4:	89 83       	std	Y+1, r24	; 0x01
    20a6:	0b c0       	rjmp	.+22     	; 0x20be <LCD_moveCursor+0x6c>
				break;
		case 1:
			lcd_memory_address=col+0x40;
    20a8:	8b 81       	ldd	r24, Y+3	; 0x03
    20aa:	80 5c       	subi	r24, 0xC0	; 192
    20ac:	89 83       	std	Y+1, r24	; 0x01
    20ae:	07 c0       	rjmp	.+14     	; 0x20be <LCD_moveCursor+0x6c>
				break;
		case 2:
			lcd_memory_address=col+0x10;
    20b0:	8b 81       	ldd	r24, Y+3	; 0x03
    20b2:	80 5f       	subi	r24, 0xF0	; 240
    20b4:	89 83       	std	Y+1, r24	; 0x01
    20b6:	03 c0       	rjmp	.+6      	; 0x20be <LCD_moveCursor+0x6c>
				break;
		case 3:
			lcd_memory_address=col+0x50;
    20b8:	8b 81       	ldd	r24, Y+3	; 0x03
    20ba:	80 5b       	subi	r24, 0xB0	; 176
    20bc:	89 83       	std	Y+1, r24	; 0x01
				break;
	}					
	/* Move the LCD cursor to this specific address */
	LCD_sendCommand(lcd_memory_address | LCD_SET_CURSOR_LOCATION);
    20be:	89 81       	ldd	r24, Y+1	; 0x01
    20c0:	80 68       	ori	r24, 0x80	; 128
    20c2:	0e 94 22 0c 	call	0x1844	; 0x1844 <LCD_sendCommand>
}
    20c6:	0f 90       	pop	r0
    20c8:	0f 90       	pop	r0
    20ca:	0f 90       	pop	r0
    20cc:	0f 90       	pop	r0
    20ce:	0f 90       	pop	r0
    20d0:	cf 91       	pop	r28
    20d2:	df 91       	pop	r29
    20d4:	08 95       	ret

000020d6 <LCD_displayStringRowColumn>:
/*
 * Description :
 * Display the required string in a specified row and column index on the screen
 */
void LCD_displayStringRowColumn(uint8 row,uint8 col,const char *Str)
{
    20d6:	df 93       	push	r29
    20d8:	cf 93       	push	r28
    20da:	00 d0       	rcall	.+0      	; 0x20dc <LCD_displayStringRowColumn+0x6>
    20dc:	00 d0       	rcall	.+0      	; 0x20de <LCD_displayStringRowColumn+0x8>
    20de:	cd b7       	in	r28, 0x3d	; 61
    20e0:	de b7       	in	r29, 0x3e	; 62
    20e2:	89 83       	std	Y+1, r24	; 0x01
    20e4:	6a 83       	std	Y+2, r22	; 0x02
    20e6:	5c 83       	std	Y+4, r21	; 0x04
    20e8:	4b 83       	std	Y+3, r20	; 0x03
	LCD_moveCursor(row,col); /* go to to the required LCD position */
    20ea:	89 81       	ldd	r24, Y+1	; 0x01
    20ec:	6a 81       	ldd	r22, Y+2	; 0x02
    20ee:	0e 94 29 10 	call	0x2052	; 0x2052 <LCD_moveCursor>
	LCD_displayString(Str); /* display the string */
    20f2:	8b 81       	ldd	r24, Y+3	; 0x03
    20f4:	9c 81       	ldd	r25, Y+4	; 0x04
    20f6:	0e 94 00 10 	call	0x2000	; 0x2000 <LCD_displayString>
}
    20fa:	0f 90       	pop	r0
    20fc:	0f 90       	pop	r0
    20fe:	0f 90       	pop	r0
    2100:	0f 90       	pop	r0
    2102:	cf 91       	pop	r28
    2104:	df 91       	pop	r29
    2106:	08 95       	ret

00002108 <LCD_intgerToString>:
/*
 * Description :
 * Display the required decimal value on the screen
 */
void LCD_intgerToString(int data)
{
    2108:	df 93       	push	r29
    210a:	cf 93       	push	r28
    210c:	cd b7       	in	r28, 0x3d	; 61
    210e:	de b7       	in	r29, 0x3e	; 62
    2110:	62 97       	sbiw	r28, 0x12	; 18
    2112:	0f b6       	in	r0, 0x3f	; 63
    2114:	f8 94       	cli
    2116:	de bf       	out	0x3e, r29	; 62
    2118:	0f be       	out	0x3f, r0	; 63
    211a:	cd bf       	out	0x3d, r28	; 61
    211c:	9a 8b       	std	Y+18, r25	; 0x12
    211e:	89 8b       	std	Y+17, r24	; 0x11
   char buff[16]; /* String to hold the ascii result */
   itoa(data,buff,10); /* Use itoa C function to convert the data to its corresponding ASCII value, 10 for decimal */
    2120:	89 89       	ldd	r24, Y+17	; 0x11
    2122:	9a 89       	ldd	r25, Y+18	; 0x12
    2124:	9e 01       	movw	r18, r28
    2126:	2f 5f       	subi	r18, 0xFF	; 255
    2128:	3f 4f       	sbci	r19, 0xFF	; 255
    212a:	b9 01       	movw	r22, r18
    212c:	4a e0       	ldi	r20, 0x0A	; 10
    212e:	50 e0       	ldi	r21, 0x00	; 0
    2130:	0e 94 8d 13 	call	0x271a	; 0x271a <itoa>
   LCD_displayString(buff); /* Display the string */
    2134:	ce 01       	movw	r24, r28
    2136:	01 96       	adiw	r24, 0x01	; 1
    2138:	0e 94 00 10 	call	0x2000	; 0x2000 <LCD_displayString>
}
    213c:	62 96       	adiw	r28, 0x12	; 18
    213e:	0f b6       	in	r0, 0x3f	; 63
    2140:	f8 94       	cli
    2142:	de bf       	out	0x3e, r29	; 62
    2144:	0f be       	out	0x3f, r0	; 63
    2146:	cd bf       	out	0x3d, r28	; 61
    2148:	cf 91       	pop	r28
    214a:	df 91       	pop	r29
    214c:	08 95       	ret

0000214e <LCD_clearScreen>:
/*
 * Description :
 * Send the clear screen command
 */
void LCD_clearScreen(void)
{
    214e:	df 93       	push	r29
    2150:	cf 93       	push	r28
    2152:	cd b7       	in	r28, 0x3d	; 61
    2154:	de b7       	in	r29, 0x3e	; 62
	LCD_sendCommand(LCD_CLEAR_COMMAND); /* Send clear display command */
    2156:	81 e0       	ldi	r24, 0x01	; 1
    2158:	0e 94 22 0c 	call	0x1844	; 0x1844 <LCD_sendCommand>
}
    215c:	cf 91       	pop	r28
    215e:	df 91       	pop	r29
    2160:	08 95       	ret

00002162 <LDR_getLightIntensity>:
#include "ldr.h"
#include "../MCAL/adc.h"


uint16 LDR_getLightIntensity(void)
{
    2162:	df 93       	push	r29
    2164:	cf 93       	push	r28
    2166:	00 d0       	rcall	.+0      	; 0x2168 <LDR_getLightIntensity+0x6>
    2168:	cd b7       	in	r28, 0x3d	; 61
    216a:	de b7       	in	r29, 0x3e	; 62
	uint16 reading = ADC_readChannel(LDR_SENSOR_CHANNEL_ID);
    216c:	80 e0       	ldi	r24, 0x00	; 0
    216e:	0e 94 e7 07 	call	0xfce	; 0xfce <ADC_readChannel>
    2172:	9a 83       	std	Y+2, r25	; 0x02
    2174:	89 83       	std	Y+1, r24	; 0x01

	return (((ADC_REF_VOLT_VALUE / ADC_MAXIMUM_VALUE) * reading) / LDR_SENSOR_MAX_VOLT_VALUE) * LDR_SENSOR_MAX_LIGHT_INTENSITY;
    2176:	89 81       	ldd	r24, Y+1	; 0x01
    2178:	9a 81       	ldd	r25, Y+2	; 0x02
    217a:	cc 01       	movw	r24, r24
    217c:	a0 e0       	ldi	r26, 0x00	; 0
    217e:	b0 e0       	ldi	r27, 0x00	; 0
    2180:	bc 01       	movw	r22, r24
    2182:	cd 01       	movw	r24, r26
    2184:	0e 94 07 05 	call	0xa0e	; 0xa0e <__floatunsisf>
    2188:	dc 01       	movw	r26, r24
    218a:	cb 01       	movw	r24, r22
    218c:	bc 01       	movw	r22, r24
    218e:	cd 01       	movw	r24, r26
    2190:	2a e0       	ldi	r18, 0x0A	; 10
    2192:	30 e0       	ldi	r19, 0x00	; 0
    2194:	44 e2       	ldi	r20, 0x24	; 36
    2196:	5b e3       	ldi	r21, 0x3B	; 59
    2198:	0e 94 1f 02 	call	0x43e	; 0x43e <__mulsf3>
    219c:	dc 01       	movw	r26, r24
    219e:	cb 01       	movw	r24, r22
    21a0:	bc 01       	movw	r22, r24
    21a2:	cd 01       	movw	r24, r26
    21a4:	2a e0       	ldi	r18, 0x0A	; 10
    21a6:	37 ed       	ldi	r19, 0xD7	; 215
    21a8:	43 e2       	ldi	r20, 0x23	; 35
    21aa:	50 e4       	ldi	r21, 0x40	; 64
    21ac:	0e 94 19 03 	call	0x632	; 0x632 <__divsf3>
    21b0:	dc 01       	movw	r26, r24
    21b2:	cb 01       	movw	r24, r22
    21b4:	bc 01       	movw	r22, r24
    21b6:	cd 01       	movw	r24, r26
    21b8:	20 e0       	ldi	r18, 0x00	; 0
    21ba:	30 e0       	ldi	r19, 0x00	; 0
    21bc:	48 ec       	ldi	r20, 0xC8	; 200
    21be:	52 e4       	ldi	r21, 0x42	; 66
    21c0:	0e 94 1f 02 	call	0x43e	; 0x43e <__mulsf3>
    21c4:	dc 01       	movw	r26, r24
    21c6:	cb 01       	movw	r24, r22
    21c8:	bc 01       	movw	r22, r24
    21ca:	cd 01       	movw	r24, r26
    21cc:	0e 94 49 00 	call	0x92	; 0x92 <__fixunssfsi>
    21d0:	dc 01       	movw	r26, r24
    21d2:	cb 01       	movw	r24, r22
}
    21d4:	0f 90       	pop	r0
    21d6:	0f 90       	pop	r0
    21d8:	cf 91       	pop	r28
    21da:	df 91       	pop	r29
    21dc:	08 95       	ret

000021de <LEDS_init>:
#include "led.h"


void LEDS_init(void)
{
    21de:	df 93       	push	r29
    21e0:	cf 93       	push	r28
    21e2:	cd b7       	in	r28, 0x3d	; 61
    21e4:	de b7       	in	r29, 0x3e	; 62
	// initialize pins direction
	GPIO_setupPinDirection(RED_LED_PORT_ID, RED_LED_PIN_ID, PIN_OUTPUT);
    21e6:	81 e0       	ldi	r24, 0x01	; 1
    21e8:	65 e0       	ldi	r22, 0x05	; 5
    21ea:	41 e0       	ldi	r20, 0x01	; 1
    21ec:	0e 94 1e 08 	call	0x103c	; 0x103c <GPIO_setupPinDirection>
	GPIO_setupPinDirection(GREEN_LED_PORT_ID, GREEN_LED_PIN_ID, PIN_OUTPUT);
    21f0:	81 e0       	ldi	r24, 0x01	; 1
    21f2:	66 e0       	ldi	r22, 0x06	; 6
    21f4:	41 e0       	ldi	r20, 0x01	; 1
    21f6:	0e 94 1e 08 	call	0x103c	; 0x103c <GPIO_setupPinDirection>
	GPIO_setupPinDirection(BLUE_LED_PORT_ID, BLUE_LED_PIN_ID, PIN_OUTPUT);
    21fa:	81 e0       	ldi	r24, 0x01	; 1
    21fc:	67 e0       	ldi	r22, 0x07	; 7
    21fe:	41 e0       	ldi	r20, 0x01	; 1
    2200:	0e 94 1e 08 	call	0x103c	; 0x103c <GPIO_setupPinDirection>

#if LED_LOGIC == POSITIVE_LOGIC
	GPIO_writePin(RED_LED_PORT_ID, RED_LED_PIN_ID, LOGIC_LOW);
    2204:	81 e0       	ldi	r24, 0x01	; 1
    2206:	65 e0       	ldi	r22, 0x05	; 5
    2208:	40 e0       	ldi	r20, 0x00	; 0
    220a:	0e 94 09 09 	call	0x1212	; 0x1212 <GPIO_writePin>
	GPIO_writePin(GREEN_LED_PORT_ID, GREEN_LED_PIN_ID, LOGIC_LOW);
    220e:	81 e0       	ldi	r24, 0x01	; 1
    2210:	66 e0       	ldi	r22, 0x06	; 6
    2212:	40 e0       	ldi	r20, 0x00	; 0
    2214:	0e 94 09 09 	call	0x1212	; 0x1212 <GPIO_writePin>
	GPIO_writePin(BLUE_LED_PORT_ID, BLUE_LED_PIN_ID, LOGIC_LOW);
    2218:	81 e0       	ldi	r24, 0x01	; 1
    221a:	67 e0       	ldi	r22, 0x07	; 7
    221c:	40 e0       	ldi	r20, 0x00	; 0
    221e:	0e 94 09 09 	call	0x1212	; 0x1212 <GPIO_writePin>
#else
	GPIO_writePin(RED_LED_PORT_ID, RED_LED_PIN_ID, LOGIC_HIGH);
	GPIO_writePin(GREEN_LED_PORT_ID, GREEN_LED_PIN_ID, LOGIC_HIGH);
	GPIO_writePin(BLUE_LED_PORT_ID, BLUE_LED_PIN_ID, LOGIC_HIGH);
#endif
}
    2222:	cf 91       	pop	r28
    2224:	df 91       	pop	r29
    2226:	08 95       	ret

00002228 <LED_on>:

void LED_on(LED_ID id)
{
    2228:	df 93       	push	r29
    222a:	cf 93       	push	r28
    222c:	0f 92       	push	r0
    222e:	cd b7       	in	r28, 0x3d	; 61
    2230:	de b7       	in	r29, 0x3e	; 62
    2232:	89 83       	std	Y+1, r24	; 0x01
	if(id == RED)
    2234:	89 81       	ldd	r24, Y+1	; 0x01
    2236:	88 23       	and	r24, r24
    2238:	31 f4       	brne	.+12     	; 0x2246 <LED_on+0x1e>
	{
		GPIO_writePin(RED_LED_PORT_ID, RED_LED_PIN_ID, LOGIC_HIGH);
    223a:	81 e0       	ldi	r24, 0x01	; 1
    223c:	65 e0       	ldi	r22, 0x05	; 5
    223e:	41 e0       	ldi	r20, 0x01	; 1
    2240:	0e 94 09 09 	call	0x1212	; 0x1212 <GPIO_writePin>
    2244:	11 c0       	rjmp	.+34     	; 0x2268 <LED_on+0x40>
	}
	else if(id == GREEN)
    2246:	89 81       	ldd	r24, Y+1	; 0x01
    2248:	81 30       	cpi	r24, 0x01	; 1
    224a:	31 f4       	brne	.+12     	; 0x2258 <LED_on+0x30>
	{
		GPIO_writePin(GREEN_LED_PORT_ID, GREEN_LED_PIN_ID, LOGIC_HIGH);
    224c:	81 e0       	ldi	r24, 0x01	; 1
    224e:	66 e0       	ldi	r22, 0x06	; 6
    2250:	41 e0       	ldi	r20, 0x01	; 1
    2252:	0e 94 09 09 	call	0x1212	; 0x1212 <GPIO_writePin>
    2256:	08 c0       	rjmp	.+16     	; 0x2268 <LED_on+0x40>
	}
	else if(id == BLUE)
    2258:	89 81       	ldd	r24, Y+1	; 0x01
    225a:	82 30       	cpi	r24, 0x02	; 2
    225c:	29 f4       	brne	.+10     	; 0x2268 <LED_on+0x40>
	{
		GPIO_writePin(BLUE_LED_PORT_ID, BLUE_LED_PIN_ID, LOGIC_HIGH);
    225e:	81 e0       	ldi	r24, 0x01	; 1
    2260:	67 e0       	ldi	r22, 0x07	; 7
    2262:	41 e0       	ldi	r20, 0x01	; 1
    2264:	0e 94 09 09 	call	0x1212	; 0x1212 <GPIO_writePin>
	}
}
    2268:	0f 90       	pop	r0
    226a:	cf 91       	pop	r28
    226c:	df 91       	pop	r29
    226e:	08 95       	ret

00002270 <LED_off>:

void LED_off(LED_ID id)
{
    2270:	df 93       	push	r29
    2272:	cf 93       	push	r28
    2274:	0f 92       	push	r0
    2276:	cd b7       	in	r28, 0x3d	; 61
    2278:	de b7       	in	r29, 0x3e	; 62
    227a:	89 83       	std	Y+1, r24	; 0x01
	if(id == RED)
    227c:	89 81       	ldd	r24, Y+1	; 0x01
    227e:	88 23       	and	r24, r24
    2280:	31 f4       	brne	.+12     	; 0x228e <LED_off+0x1e>
	{
		GPIO_writePin(RED_LED_PORT_ID, RED_LED_PIN_ID, LOGIC_LOW);
    2282:	81 e0       	ldi	r24, 0x01	; 1
    2284:	65 e0       	ldi	r22, 0x05	; 5
    2286:	40 e0       	ldi	r20, 0x00	; 0
    2288:	0e 94 09 09 	call	0x1212	; 0x1212 <GPIO_writePin>
    228c:	11 c0       	rjmp	.+34     	; 0x22b0 <LED_off+0x40>
	}
	else if(id == GREEN)
    228e:	89 81       	ldd	r24, Y+1	; 0x01
    2290:	81 30       	cpi	r24, 0x01	; 1
    2292:	31 f4       	brne	.+12     	; 0x22a0 <LED_off+0x30>
	{
		GPIO_writePin(GREEN_LED_PORT_ID, GREEN_LED_PIN_ID, LOGIC_LOW);
    2294:	81 e0       	ldi	r24, 0x01	; 1
    2296:	66 e0       	ldi	r22, 0x06	; 6
    2298:	40 e0       	ldi	r20, 0x00	; 0
    229a:	0e 94 09 09 	call	0x1212	; 0x1212 <GPIO_writePin>
    229e:	08 c0       	rjmp	.+16     	; 0x22b0 <LED_off+0x40>
	}
	else if(id == BLUE)
    22a0:	89 81       	ldd	r24, Y+1	; 0x01
    22a2:	82 30       	cpi	r24, 0x02	; 2
    22a4:	29 f4       	brne	.+10     	; 0x22b0 <LED_off+0x40>
	{
		GPIO_writePin(BLUE_LED_PORT_ID, BLUE_LED_PIN_ID, LOGIC_LOW);
    22a6:	81 e0       	ldi	r24, 0x01	; 1
    22a8:	67 e0       	ldi	r22, 0x07	; 7
    22aa:	40 e0       	ldi	r20, 0x00	; 0
    22ac:	0e 94 09 09 	call	0x1212	; 0x1212 <GPIO_writePin>
	}

}
    22b0:	0f 90       	pop	r0
    22b2:	cf 91       	pop	r28
    22b4:	df 91       	pop	r29
    22b6:	08 95       	ret

000022b8 <LM35_getTemperature>:
/*
 * Description :
 * Function responsible for calculate the temperature from the ADC digital value.
 */
uint8 LM35_getTemperature(void)
{
    22b8:	df 93       	push	r29
    22ba:	cf 93       	push	r28
    22bc:	00 d0       	rcall	.+0      	; 0x22be <LM35_getTemperature+0x6>
    22be:	0f 92       	push	r0
    22c0:	cd b7       	in	r28, 0x3d	; 61
    22c2:	de b7       	in	r29, 0x3e	; 62
	uint8 temp_value = 0;
    22c4:	1b 82       	std	Y+3, r1	; 0x03

	uint16 adc_value = 0;
    22c6:	1a 82       	std	Y+2, r1	; 0x02
    22c8:	19 82       	std	Y+1, r1	; 0x01

	/* Read ADC channel where the temperature sensor is connected */
	adc_value = ADC_readChannel(SENSOR_CHANNEL_ID);
    22ca:	81 e0       	ldi	r24, 0x01	; 1
    22cc:	0e 94 e7 07 	call	0xfce	; 0xfce <ADC_readChannel>
    22d0:	9a 83       	std	Y+2, r25	; 0x02
    22d2:	89 83       	std	Y+1, r24	; 0x01

	/* Calculate the temperature from the ADC value*/
	temp_value = (uint8)(((uint32)adc_value*SENSOR_MAX_TEMPERATURE*ADC_REF_VOLT_VALUE)/(ADC_MAXIMUM_VALUE*SENSOR_MAX_VOLT_VALUE));
    22d4:	89 81       	ldd	r24, Y+1	; 0x01
    22d6:	9a 81       	ldd	r25, Y+2	; 0x02
    22d8:	cc 01       	movw	r24, r24
    22da:	a0 e0       	ldi	r26, 0x00	; 0
    22dc:	b0 e0       	ldi	r27, 0x00	; 0
    22de:	26 e9       	ldi	r18, 0x96	; 150
    22e0:	30 e0       	ldi	r19, 0x00	; 0
    22e2:	40 e0       	ldi	r20, 0x00	; 0
    22e4:	50 e0       	ldi	r21, 0x00	; 0
    22e6:	bc 01       	movw	r22, r24
    22e8:	cd 01       	movw	r24, r26
    22ea:	0e 94 37 13 	call	0x266e	; 0x266e <__mulsi3>
    22ee:	dc 01       	movw	r26, r24
    22f0:	cb 01       	movw	r24, r22
    22f2:	bc 01       	movw	r22, r24
    22f4:	cd 01       	movw	r24, r26
    22f6:	0e 94 07 05 	call	0xa0e	; 0xa0e <__floatunsisf>
    22fa:	dc 01       	movw	r26, r24
    22fc:	cb 01       	movw	r24, r22
    22fe:	bc 01       	movw	r22, r24
    2300:	cd 01       	movw	r24, r26
    2302:	2a e0       	ldi	r18, 0x0A	; 10
    2304:	37 ed       	ldi	r19, 0xD7	; 215
    2306:	43 e2       	ldi	r20, 0x23	; 35
    2308:	50 e4       	ldi	r21, 0x40	; 64
    230a:	0e 94 1f 02 	call	0x43e	; 0x43e <__mulsf3>
    230e:	dc 01       	movw	r26, r24
    2310:	cb 01       	movw	r24, r22
    2312:	bc 01       	movw	r22, r24
    2314:	cd 01       	movw	r24, r26
    2316:	20 e0       	ldi	r18, 0x00	; 0
    2318:	30 ed       	ldi	r19, 0xD0	; 208
    231a:	4f eb       	ldi	r20, 0xBF	; 191
    231c:	54 e4       	ldi	r21, 0x44	; 68
    231e:	0e 94 19 03 	call	0x632	; 0x632 <__divsf3>
    2322:	dc 01       	movw	r26, r24
    2324:	cb 01       	movw	r24, r22
    2326:	bc 01       	movw	r22, r24
    2328:	cd 01       	movw	r24, r26
    232a:	0e 94 49 00 	call	0x92	; 0x92 <__fixunssfsi>
    232e:	dc 01       	movw	r26, r24
    2330:	cb 01       	movw	r24, r22
    2332:	8b 83       	std	Y+3, r24	; 0x03

	return temp_value;
    2334:	8b 81       	ldd	r24, Y+3	; 0x03
}
    2336:	0f 90       	pop	r0
    2338:	0f 90       	pop	r0
    233a:	0f 90       	pop	r0
    233c:	cf 91       	pop	r28
    233e:	df 91       	pop	r29
    2340:	08 95       	ret

00002342 <DcMotor_Init>:
#include "motor.h"
#include "../MCAL/PWM.h"

void DcMotor_Init(void)
{
    2342:	df 93       	push	r29
    2344:	cf 93       	push	r28
    2346:	cd b7       	in	r28, 0x3d	; 61
    2348:	de b7       	in	r29, 0x3e	; 62
	GPIO_setupPinDirection(MOTOR_IN0_PORT_ID, MOTOR_IN0_PIN_ID, PIN_OUTPUT);
    234a:	81 e0       	ldi	r24, 0x01	; 1
    234c:	60 e0       	ldi	r22, 0x00	; 0
    234e:	41 e0       	ldi	r20, 0x01	; 1
    2350:	0e 94 1e 08 	call	0x103c	; 0x103c <GPIO_setupPinDirection>
	GPIO_setupPinDirection(MOTOR_IN1_PORT_ID, MOTOR_IN1_PIN_ID, PIN_OUTPUT);
    2354:	81 e0       	ldi	r24, 0x01	; 1
    2356:	61 e0       	ldi	r22, 0x01	; 1
    2358:	41 e0       	ldi	r20, 0x01	; 1
    235a:	0e 94 1e 08 	call	0x103c	; 0x103c <GPIO_setupPinDirection>
	GPIO_setupPinDirection(MOTOR_E_PORT_ID, MOTOR_E_PIN_ID, PIN_OUTPUT);
    235e:	81 e0       	ldi	r24, 0x01	; 1
    2360:	63 e0       	ldi	r22, 0x03	; 3
    2362:	41 e0       	ldi	r20, 0x01	; 1
    2364:	0e 94 1e 08 	call	0x103c	; 0x103c <GPIO_setupPinDirection>

	DcMotor_Rotate(STOP, -1);
    2368:	82 e0       	ldi	r24, 0x02	; 2
    236a:	6f ef       	ldi	r22, 0xFF	; 255
    236c:	0e 94 bb 11 	call	0x2376	; 0x2376 <DcMotor_Rotate>
}
    2370:	cf 91       	pop	r28
    2372:	df 91       	pop	r29
    2374:	08 95       	ret

00002376 <DcMotor_Rotate>:


void DcMotor_Rotate(DcMotor_State state, uint8 speed)
{
    2376:	df 93       	push	r29
    2378:	cf 93       	push	r28
    237a:	00 d0       	rcall	.+0      	; 0x237c <DcMotor_Rotate+0x6>
    237c:	cd b7       	in	r28, 0x3d	; 61
    237e:	de b7       	in	r29, 0x3e	; 62
    2380:	89 83       	std	Y+1, r24	; 0x01
    2382:	6a 83       	std	Y+2, r22	; 0x02
	if(state == CCW)
    2384:	89 81       	ldd	r24, Y+1	; 0x01
    2386:	88 23       	and	r24, r24
    2388:	71 f4       	brne	.+28     	; 0x23a6 <DcMotor_Rotate+0x30>
	{
		GPIO_writePin(MOTOR_IN0_PORT_ID, MOTOR_IN0_PIN_ID, LOGIC_HIGH);
    238a:	81 e0       	ldi	r24, 0x01	; 1
    238c:	60 e0       	ldi	r22, 0x00	; 0
    238e:	41 e0       	ldi	r20, 0x01	; 1
    2390:	0e 94 09 09 	call	0x1212	; 0x1212 <GPIO_writePin>
		GPIO_writePin(MOTOR_IN1_PORT_ID, MOTOR_IN1_PIN_ID, LOGIC_LOW);
    2394:	81 e0       	ldi	r24, 0x01	; 1
    2396:	61 e0       	ldi	r22, 0x01	; 1
    2398:	40 e0       	ldi	r20, 0x00	; 0
    239a:	0e 94 09 09 	call	0x1212	; 0x1212 <GPIO_writePin>

		PWM_Timer0_Start(speed);
    239e:	8a 81       	ldd	r24, Y+2	; 0x02
    23a0:	0e 94 75 07 	call	0xeea	; 0xeea <PWM_Timer0_Start>
    23a4:	21 c0       	rjmp	.+66     	; 0x23e8 <DcMotor_Rotate+0x72>
	}
	else if(state == CW)
    23a6:	89 81       	ldd	r24, Y+1	; 0x01
    23a8:	81 30       	cpi	r24, 0x01	; 1
    23aa:	71 f4       	brne	.+28     	; 0x23c8 <DcMotor_Rotate+0x52>
	{
		GPIO_writePin(MOTOR_IN0_PORT_ID, MOTOR_IN0_PIN_ID, LOGIC_LOW);
    23ac:	81 e0       	ldi	r24, 0x01	; 1
    23ae:	60 e0       	ldi	r22, 0x00	; 0
    23b0:	40 e0       	ldi	r20, 0x00	; 0
    23b2:	0e 94 09 09 	call	0x1212	; 0x1212 <GPIO_writePin>
		GPIO_writePin(MOTOR_IN1_PORT_ID, MOTOR_IN1_PIN_ID, LOGIC_HIGH);
    23b6:	81 e0       	ldi	r24, 0x01	; 1
    23b8:	61 e0       	ldi	r22, 0x01	; 1
    23ba:	41 e0       	ldi	r20, 0x01	; 1
    23bc:	0e 94 09 09 	call	0x1212	; 0x1212 <GPIO_writePin>

		PWM_Timer0_Start(speed);
    23c0:	8a 81       	ldd	r24, Y+2	; 0x02
    23c2:	0e 94 75 07 	call	0xeea	; 0xeea <PWM_Timer0_Start>
    23c6:	10 c0       	rjmp	.+32     	; 0x23e8 <DcMotor_Rotate+0x72>
	}
	else if(state == STOP)
    23c8:	89 81       	ldd	r24, Y+1	; 0x01
    23ca:	82 30       	cpi	r24, 0x02	; 2
    23cc:	69 f4       	brne	.+26     	; 0x23e8 <DcMotor_Rotate+0x72>
	{
		GPIO_writePin(MOTOR_IN0_PORT_ID, MOTOR_IN0_PIN_ID, LOGIC_LOW);
    23ce:	81 e0       	ldi	r24, 0x01	; 1
    23d0:	60 e0       	ldi	r22, 0x00	; 0
    23d2:	40 e0       	ldi	r20, 0x00	; 0
    23d4:	0e 94 09 09 	call	0x1212	; 0x1212 <GPIO_writePin>
		GPIO_writePin(MOTOR_IN1_PORT_ID, MOTOR_IN1_PIN_ID, LOGIC_LOW);
    23d8:	81 e0       	ldi	r24, 0x01	; 1
    23da:	61 e0       	ldi	r22, 0x01	; 1
    23dc:	40 e0       	ldi	r20, 0x00	; 0
    23de:	0e 94 09 09 	call	0x1212	; 0x1212 <GPIO_writePin>

		PWM_Timer0_Start(0);
    23e2:	80 e0       	ldi	r24, 0x00	; 0
    23e4:	0e 94 75 07 	call	0xeea	; 0xeea <PWM_Timer0_Start>
	}

}
    23e8:	0f 90       	pop	r0
    23ea:	0f 90       	pop	r0
    23ec:	cf 91       	pop	r28
    23ee:	df 91       	pop	r29
    23f0:	08 95       	ret

000023f2 <rotateFan>:
char* fanState  = "";
uint8 prevFlame = 0, prevTemp = 151, prev_ldr = 101;
const char * criticalAlert = "Critical Alert!";

void rotateFan(const uint8 temp)
{
    23f2:	df 93       	push	r29
    23f4:	cf 93       	push	r28
    23f6:	0f 92       	push	r0
    23f8:	cd b7       	in	r28, 0x3d	; 61
    23fa:	de b7       	in	r29, 0x3e	; 62
    23fc:	89 83       	std	Y+1, r24	; 0x01

	if(temp >= 40)
    23fe:	89 81       	ldd	r24, Y+1	; 0x01
    2400:	88 32       	cpi	r24, 0x28	; 40
    2402:	28 f0       	brcs	.+10     	; 0x240e <rotateFan+0x1c>
	{
		DcMotor_Rotate(CW, 100);
    2404:	81 e0       	ldi	r24, 0x01	; 1
    2406:	64 e6       	ldi	r22, 0x64	; 100
    2408:	0e 94 bb 11 	call	0x2376	; 0x2376 <DcMotor_Rotate>
    240c:	1c c0       	rjmp	.+56     	; 0x2446 <rotateFan+0x54>
	}
	else if(temp >= 35)
    240e:	89 81       	ldd	r24, Y+1	; 0x01
    2410:	83 32       	cpi	r24, 0x23	; 35
    2412:	28 f0       	brcs	.+10     	; 0x241e <rotateFan+0x2c>
	{
		DcMotor_Rotate(CW, 75);
    2414:	81 e0       	ldi	r24, 0x01	; 1
    2416:	6b e4       	ldi	r22, 0x4B	; 75
    2418:	0e 94 bb 11 	call	0x2376	; 0x2376 <DcMotor_Rotate>
    241c:	14 c0       	rjmp	.+40     	; 0x2446 <rotateFan+0x54>
	}
	else if(temp >= 30)
    241e:	89 81       	ldd	r24, Y+1	; 0x01
    2420:	8e 31       	cpi	r24, 0x1E	; 30
    2422:	28 f0       	brcs	.+10     	; 0x242e <rotateFan+0x3c>
	{
		DcMotor_Rotate(CW, 50);
    2424:	81 e0       	ldi	r24, 0x01	; 1
    2426:	62 e3       	ldi	r22, 0x32	; 50
    2428:	0e 94 bb 11 	call	0x2376	; 0x2376 <DcMotor_Rotate>
    242c:	0c c0       	rjmp	.+24     	; 0x2446 <rotateFan+0x54>
	}
	else if(temp >= 25)
    242e:	89 81       	ldd	r24, Y+1	; 0x01
    2430:	89 31       	cpi	r24, 0x19	; 25
    2432:	28 f0       	brcs	.+10     	; 0x243e <rotateFan+0x4c>
	{
		DcMotor_Rotate(CW, 25);
    2434:	81 e0       	ldi	r24, 0x01	; 1
    2436:	69 e1       	ldi	r22, 0x19	; 25
    2438:	0e 94 bb 11 	call	0x2376	; 0x2376 <DcMotor_Rotate>
    243c:	04 c0       	rjmp	.+8      	; 0x2446 <rotateFan+0x54>
	}
	else
	{
		DcMotor_Rotate(STOP, 0);
    243e:	82 e0       	ldi	r24, 0x02	; 2
    2440:	60 e0       	ldi	r22, 0x00	; 0
    2442:	0e 94 bb 11 	call	0x2376	; 0x2376 <DcMotor_Rotate>
	}


}
    2446:	0f 90       	pop	r0
    2448:	cf 91       	pop	r28
    244a:	df 91       	pop	r29
    244c:	08 95       	ret

0000244e <controlLeds>:

void controlLeds(const uint8 ldr)
{
    244e:	df 93       	push	r29
    2450:	cf 93       	push	r28
    2452:	0f 92       	push	r0
    2454:	cd b7       	in	r28, 0x3d	; 61
    2456:	de b7       	in	r29, 0x3e	; 62
    2458:	89 83       	std	Y+1, r24	; 0x01
	if(ldr < 15)
    245a:	89 81       	ldd	r24, Y+1	; 0x01
    245c:	8f 30       	cpi	r24, 0x0F	; 15
    245e:	50 f4       	brcc	.+20     	; 0x2474 <controlLeds+0x26>
	{
		LED_on(RED);
    2460:	80 e0       	ldi	r24, 0x00	; 0
    2462:	0e 94 14 11 	call	0x2228	; 0x2228 <LED_on>
		LED_on(GREEN);
    2466:	81 e0       	ldi	r24, 0x01	; 1
    2468:	0e 94 14 11 	call	0x2228	; 0x2228 <LED_on>
		LED_on(BLUE);
    246c:	82 e0       	ldi	r24, 0x02	; 2
    246e:	0e 94 14 11 	call	0x2228	; 0x2228 <LED_on>
    2472:	23 c0       	rjmp	.+70     	; 0x24ba <controlLeds+0x6c>
	}
	else if (ldr <= 50)
    2474:	89 81       	ldd	r24, Y+1	; 0x01
    2476:	83 33       	cpi	r24, 0x33	; 51
    2478:	50 f4       	brcc	.+20     	; 0x248e <controlLeds+0x40>
	{
		LED_on(RED);
    247a:	80 e0       	ldi	r24, 0x00	; 0
    247c:	0e 94 14 11 	call	0x2228	; 0x2228 <LED_on>
		LED_on(GREEN);
    2480:	81 e0       	ldi	r24, 0x01	; 1
    2482:	0e 94 14 11 	call	0x2228	; 0x2228 <LED_on>
		LED_off(BLUE);
    2486:	82 e0       	ldi	r24, 0x02	; 2
    2488:	0e 94 38 11 	call	0x2270	; 0x2270 <LED_off>
    248c:	16 c0       	rjmp	.+44     	; 0x24ba <controlLeds+0x6c>
	}
	else if (ldr <= 70)
    248e:	89 81       	ldd	r24, Y+1	; 0x01
    2490:	87 34       	cpi	r24, 0x47	; 71
    2492:	50 f4       	brcc	.+20     	; 0x24a8 <controlLeds+0x5a>
	{
		LED_on(RED);
    2494:	80 e0       	ldi	r24, 0x00	; 0
    2496:	0e 94 14 11 	call	0x2228	; 0x2228 <LED_on>
		LED_off(GREEN);
    249a:	81 e0       	ldi	r24, 0x01	; 1
    249c:	0e 94 38 11 	call	0x2270	; 0x2270 <LED_off>
		LED_off(BLUE);
    24a0:	82 e0       	ldi	r24, 0x02	; 2
    24a2:	0e 94 38 11 	call	0x2270	; 0x2270 <LED_off>
    24a6:	09 c0       	rjmp	.+18     	; 0x24ba <controlLeds+0x6c>
	}
	else
	{
		LED_off(RED);
    24a8:	80 e0       	ldi	r24, 0x00	; 0
    24aa:	0e 94 38 11 	call	0x2270	; 0x2270 <LED_off>
		LED_off(GREEN);
    24ae:	81 e0       	ldi	r24, 0x01	; 1
    24b0:	0e 94 38 11 	call	0x2270	; 0x2270 <LED_off>
		LED_off(BLUE);
    24b4:	82 e0       	ldi	r24, 0x02	; 2
    24b6:	0e 94 38 11 	call	0x2270	; 0x2270 <LED_off>
	}
}
    24ba:	0f 90       	pop	r0
    24bc:	cf 91       	pop	r28
    24be:	df 91       	pop	r29
    24c0:	08 95       	ret

000024c2 <printInfo>:

void printInfo(const uint8 temp, const uint8 ldr, const uint8 flame)
{
    24c2:	df 93       	push	r29
    24c4:	cf 93       	push	r28
    24c6:	00 d0       	rcall	.+0      	; 0x24c8 <printInfo+0x6>
    24c8:	00 d0       	rcall	.+0      	; 0x24ca <printInfo+0x8>
    24ca:	0f 92       	push	r0
    24cc:	cd b7       	in	r28, 0x3d	; 61
    24ce:	de b7       	in	r29, 0x3e	; 62
    24d0:	8b 83       	std	Y+3, r24	; 0x03
    24d2:	6c 83       	std	Y+4, r22	; 0x04
    24d4:	4d 83       	std	Y+5, r20	; 0x05
	char* newFanState;

	if(temp >= 25)
    24d6:	8b 81       	ldd	r24, Y+3	; 0x03
    24d8:	89 31       	cpi	r24, 0x19	; 25
    24da:	28 f0       	brcs	.+10     	; 0x24e6 <printInfo+0x24>
		newFanState = "FAN is ON       ";
    24dc:	81 e7       	ldi	r24, 0x71	; 113
    24de:	90 e0       	ldi	r25, 0x00	; 0
    24e0:	9a 83       	std	Y+2, r25	; 0x02
    24e2:	89 83       	std	Y+1, r24	; 0x01
    24e4:	04 c0       	rjmp	.+8      	; 0x24ee <printInfo+0x2c>
	else
		newFanState = "FAN is OFF      ";
    24e6:	82 e8       	ldi	r24, 0x82	; 130
    24e8:	90 e0       	ldi	r25, 0x00	; 0
    24ea:	9a 83       	std	Y+2, r25	; 0x02
    24ec:	89 83       	std	Y+1, r24	; 0x01



	if(flame && prevFlame == 0)
    24ee:	8d 81       	ldd	r24, Y+5	; 0x05
    24f0:	88 23       	and	r24, r24
    24f2:	69 f0       	breq	.+26     	; 0x250e <printInfo+0x4c>
    24f4:	80 91 b4 01 	lds	r24, 0x01B4
    24f8:	88 23       	and	r24, r24
    24fa:	49 f4       	brne	.+18     	; 0x250e <printInfo+0x4c>
	{
		LCD_clearScreen();
    24fc:	0e 94 a7 10 	call	0x214e	; 0x214e <LCD_clearScreen>
		LCD_displayString(criticalAlert);
    2500:	80 91 b1 01 	lds	r24, 0x01B1
    2504:	90 91 b2 01 	lds	r25, 0x01B2
    2508:	0e 94 00 10 	call	0x2000	; 0x2000 <LCD_displayString>
    250c:	47 c0       	rjmp	.+142    	; 0x259c <printInfo+0xda>

	}
	else if(flame == 0)
    250e:	8d 81       	ldd	r24, Y+5	; 0x05
    2510:	88 23       	and	r24, r24
    2512:	09 f0       	breq	.+2      	; 0x2516 <printInfo+0x54>
    2514:	43 c0       	rjmp	.+134    	; 0x259c <printInfo+0xda>
	{
		if(prevFlame == 1 || fanState != newFanState)
    2516:	80 91 b4 01 	lds	r24, 0x01B4
    251a:	81 30       	cpi	r24, 0x01	; 1
    251c:	49 f0       	breq	.+18     	; 0x2530 <printInfo+0x6e>
    251e:	20 91 ad 01 	lds	r18, 0x01AD
    2522:	30 91 ae 01 	lds	r19, 0x01AE
    2526:	89 81       	ldd	r24, Y+1	; 0x01
    2528:	9a 81       	ldd	r25, Y+2	; 0x02
    252a:	28 17       	cp	r18, r24
    252c:	39 07       	cpc	r19, r25
    252e:	41 f0       	breq	.+16     	; 0x2540 <printInfo+0x7e>
		{
			LCD_moveCursor(0, 0);
    2530:	80 e0       	ldi	r24, 0x00	; 0
    2532:	60 e0       	ldi	r22, 0x00	; 0
    2534:	0e 94 29 10 	call	0x2052	; 0x2052 <LCD_moveCursor>
			LCD_displayString(newFanState);
    2538:	89 81       	ldd	r24, Y+1	; 0x01
    253a:	9a 81       	ldd	r25, Y+2	; 0x02
    253c:	0e 94 00 10 	call	0x2000	; 0x2000 <LCD_displayString>
		}

		if(prevFlame == 1 || (temp != prevTemp || ldr != prev_ldr))
    2540:	80 91 b4 01 	lds	r24, 0x01B4
    2544:	81 30       	cpi	r24, 0x01	; 1
    2546:	51 f0       	breq	.+20     	; 0x255c <printInfo+0x9a>
    2548:	90 91 af 01 	lds	r25, 0x01AF
    254c:	8b 81       	ldd	r24, Y+3	; 0x03
    254e:	89 17       	cp	r24, r25
    2550:	29 f4       	brne	.+10     	; 0x255c <printInfo+0x9a>
    2552:	90 91 b0 01 	lds	r25, 0x01B0
    2556:	8c 81       	ldd	r24, Y+4	; 0x04
    2558:	89 17       	cp	r24, r25
    255a:	01 f1       	breq	.+64     	; 0x259c <printInfo+0xda>
		{
			LCD_moveCursor(1, 0);
    255c:	81 e0       	ldi	r24, 0x01	; 1
    255e:	60 e0       	ldi	r22, 0x00	; 0
    2560:	0e 94 29 10 	call	0x2052	; 0x2052 <LCD_moveCursor>
			LCD_displayString("TEMP=");
    2564:	83 e9       	ldi	r24, 0x93	; 147
    2566:	90 e0       	ldi	r25, 0x00	; 0
    2568:	0e 94 00 10 	call	0x2000	; 0x2000 <LCD_displayString>
			LCD_intgerToString(temp);
    256c:	8b 81       	ldd	r24, Y+3	; 0x03
    256e:	88 2f       	mov	r24, r24
    2570:	90 e0       	ldi	r25, 0x00	; 0
    2572:	0e 94 84 10 	call	0x2108	; 0x2108 <LCD_intgerToString>
			LCD_displayCharacter('C');
    2576:	83 e4       	ldi	r24, 0x43	; 67
    2578:	0e 94 11 0e 	call	0x1c22	; 0x1c22 <LCD_displayCharacter>

			LCD_displayCharacter(' ');
    257c:	80 e2       	ldi	r24, 0x20	; 32
    257e:	0e 94 11 0e 	call	0x1c22	; 0x1c22 <LCD_displayCharacter>
			LCD_displayString("LDR=");
    2582:	89 e9       	ldi	r24, 0x99	; 153
    2584:	90 e0       	ldi	r25, 0x00	; 0
    2586:	0e 94 00 10 	call	0x2000	; 0x2000 <LCD_displayString>
			LCD_intgerToString(ldr);
    258a:	8c 81       	ldd	r24, Y+4	; 0x04
    258c:	88 2f       	mov	r24, r24
    258e:	90 e0       	ldi	r25, 0x00	; 0
    2590:	0e 94 84 10 	call	0x2108	; 0x2108 <LCD_intgerToString>
			LCD_displayString("%     ");
    2594:	8e e9       	ldi	r24, 0x9E	; 158
    2596:	90 e0       	ldi	r25, 0x00	; 0
    2598:	0e 94 00 10 	call	0x2000	; 0x2000 <LCD_displayString>
		}

	}

	prevTemp = temp;
    259c:	8b 81       	ldd	r24, Y+3	; 0x03
    259e:	80 93 af 01 	sts	0x01AF, r24
	prev_ldr = ldr;
    25a2:	8c 81       	ldd	r24, Y+4	; 0x04
    25a4:	80 93 b0 01 	sts	0x01B0, r24
	fanState = newFanState;
    25a8:	89 81       	ldd	r24, Y+1	; 0x01
    25aa:	9a 81       	ldd	r25, Y+2	; 0x02
    25ac:	90 93 ae 01 	sts	0x01AE, r25
    25b0:	80 93 ad 01 	sts	0x01AD, r24
}
    25b4:	0f 90       	pop	r0
    25b6:	0f 90       	pop	r0
    25b8:	0f 90       	pop	r0
    25ba:	0f 90       	pop	r0
    25bc:	0f 90       	pop	r0
    25be:	cf 91       	pop	r28
    25c0:	df 91       	pop	r29
    25c2:	08 95       	ret

000025c4 <controlBuzzer>:


void controlBuzzer(const uint8 flame)
{
    25c4:	df 93       	push	r29
    25c6:	cf 93       	push	r28
    25c8:	0f 92       	push	r0
    25ca:	cd b7       	in	r28, 0x3d	; 61
    25cc:	de b7       	in	r29, 0x3e	; 62
    25ce:	89 83       	std	Y+1, r24	; 0x01
	if(flame)
    25d0:	89 81       	ldd	r24, Y+1	; 0x01
    25d2:	88 23       	and	r24, r24
    25d4:	31 f0       	breq	.+12     	; 0x25e2 <controlBuzzer+0x1e>
	{
		// critical alert
		Buzzer_on();
    25d6:	0e 94 57 0b 	call	0x16ae	; 0x16ae <Buzzer_on>
		prevFlame = flame;
    25da:	89 81       	ldd	r24, Y+1	; 0x01
    25dc:	80 93 b4 01 	sts	0x01B4, r24
    25e0:	07 c0       	rjmp	.+14     	; 0x25f0 <controlBuzzer+0x2c>
	}
	else if(flame == 0)
    25e2:	89 81       	ldd	r24, Y+1	; 0x01
    25e4:	88 23       	and	r24, r24
    25e6:	21 f4       	brne	.+8      	; 0x25f0 <controlBuzzer+0x2c>
	{
		Buzzer_off();
    25e8:	0e 94 63 0b 	call	0x16c6	; 0x16c6 <Buzzer_off>
		prevFlame = 0;
    25ec:	10 92 b4 01 	sts	0x01B4, r1
	}
}
    25f0:	0f 90       	pop	r0
    25f2:	cf 91       	pop	r28
    25f4:	df 91       	pop	r29
    25f6:	08 95       	ret

000025f8 <main>:

int main(void)
{
    25f8:	df 93       	push	r29
    25fa:	cf 93       	push	r28
    25fc:	cd b7       	in	r28, 0x3d	; 61
    25fe:	de b7       	in	r29, 0x3e	; 62
    2600:	27 97       	sbiw	r28, 0x07	; 7
    2602:	0f b6       	in	r0, 0x3f	; 63
    2604:	f8 94       	cli
    2606:	de bf       	out	0x3e, r29	; 62
    2608:	0f be       	out	0x3f, r0	; 63
    260a:	cd bf       	out	0x3d, r28	; 61
	struct ADC_Config config = {ADC_128_PRESCALER, INTERNAL_2_56V};
    260c:	87 e0       	ldi	r24, 0x07	; 7
    260e:	8e 83       	std	Y+6, r24	; 0x06
    2610:	83 e0       	ldi	r24, 0x03	; 3
    2612:	8f 83       	std	Y+7, r24	; 0x07
	struct ADC_Config* configPtr = &config;
    2614:	ce 01       	movw	r24, r28
    2616:	06 96       	adiw	r24, 0x06	; 6
    2618:	9d 83       	std	Y+5, r25	; 0x05
    261a:	8c 83       	std	Y+4, r24	; 0x04

	uint8 flame = 0, temp = 0, ldr = 0;
    261c:	1b 82       	std	Y+3, r1	; 0x03
    261e:	1a 82       	std	Y+2, r1	; 0x02
    2620:	19 82       	std	Y+1, r1	; 0x01

	ADC_init(configPtr);
    2622:	8c 81       	ldd	r24, Y+4	; 0x04
    2624:	9d 81       	ldd	r25, Y+5	; 0x05
    2626:	0e 94 c1 07 	call	0xf82	; 0xf82 <ADC_init>
	Buzzer_init();
    262a:	0e 94 49 0b 	call	0x1692	; 0x1692 <Buzzer_init>
	FlameSensor_init();
    262e:	0e 94 6f 0b 	call	0x16de	; 0x16de <FlameSensor_init>
	LCD_init();
    2632:	0e 94 86 0b 	call	0x170c	; 0x170c <LCD_init>

	LEDS_init();
    2636:	0e 94 ef 10 	call	0x21de	; 0x21de <LEDS_init>
	DcMotor_Init();
    263a:	0e 94 a1 11 	call	0x2342	; 0x2342 <DcMotor_Init>

	while(1)
	{
		flame = FlameSensor_getValue();
    263e:	0e 94 7b 0b 	call	0x16f6	; 0x16f6 <FlameSensor_getValue>
    2642:	8b 83       	std	Y+3, r24	; 0x03
		temp = LM35_getTemperature();
    2644:	0e 94 5c 11 	call	0x22b8	; 0x22b8 <LM35_getTemperature>
    2648:	8a 83       	std	Y+2, r24	; 0x02
		ldr = LDR_getLightIntensity();
    264a:	0e 94 b1 10 	call	0x2162	; 0x2162 <LDR_getLightIntensity>
    264e:	89 83       	std	Y+1, r24	; 0x01

		rotateFan(temp);
    2650:	8a 81       	ldd	r24, Y+2	; 0x02
    2652:	0e 94 f9 11 	call	0x23f2	; 0x23f2 <rotateFan>
		printInfo(temp, ldr, flame);
    2656:	8a 81       	ldd	r24, Y+2	; 0x02
    2658:	69 81       	ldd	r22, Y+1	; 0x01
    265a:	4b 81       	ldd	r20, Y+3	; 0x03
    265c:	0e 94 61 12 	call	0x24c2	; 0x24c2 <printInfo>
		controlLeds(ldr);
    2660:	89 81       	ldd	r24, Y+1	; 0x01
    2662:	0e 94 27 12 	call	0x244e	; 0x244e <controlLeds>
		controlBuzzer(flame);
    2666:	8b 81       	ldd	r24, Y+3	; 0x03
    2668:	0e 94 e2 12 	call	0x25c4	; 0x25c4 <controlBuzzer>
    266c:	e8 cf       	rjmp	.-48     	; 0x263e <main+0x46>

0000266e <__mulsi3>:
    266e:	62 9f       	mul	r22, r18
    2670:	d0 01       	movw	r26, r0
    2672:	73 9f       	mul	r23, r19
    2674:	f0 01       	movw	r30, r0
    2676:	82 9f       	mul	r24, r18
    2678:	e0 0d       	add	r30, r0
    267a:	f1 1d       	adc	r31, r1
    267c:	64 9f       	mul	r22, r20
    267e:	e0 0d       	add	r30, r0
    2680:	f1 1d       	adc	r31, r1
    2682:	92 9f       	mul	r25, r18
    2684:	f0 0d       	add	r31, r0
    2686:	83 9f       	mul	r24, r19
    2688:	f0 0d       	add	r31, r0
    268a:	74 9f       	mul	r23, r20
    268c:	f0 0d       	add	r31, r0
    268e:	65 9f       	mul	r22, r21
    2690:	f0 0d       	add	r31, r0
    2692:	99 27       	eor	r25, r25
    2694:	72 9f       	mul	r23, r18
    2696:	b0 0d       	add	r27, r0
    2698:	e1 1d       	adc	r30, r1
    269a:	f9 1f       	adc	r31, r25
    269c:	63 9f       	mul	r22, r19
    269e:	b0 0d       	add	r27, r0
    26a0:	e1 1d       	adc	r30, r1
    26a2:	f9 1f       	adc	r31, r25
    26a4:	bd 01       	movw	r22, r26
    26a6:	cf 01       	movw	r24, r30
    26a8:	11 24       	eor	r1, r1
    26aa:	08 95       	ret

000026ac <__prologue_saves__>:
    26ac:	2f 92       	push	r2
    26ae:	3f 92       	push	r3
    26b0:	4f 92       	push	r4
    26b2:	5f 92       	push	r5
    26b4:	6f 92       	push	r6
    26b6:	7f 92       	push	r7
    26b8:	8f 92       	push	r8
    26ba:	9f 92       	push	r9
    26bc:	af 92       	push	r10
    26be:	bf 92       	push	r11
    26c0:	cf 92       	push	r12
    26c2:	df 92       	push	r13
    26c4:	ef 92       	push	r14
    26c6:	ff 92       	push	r15
    26c8:	0f 93       	push	r16
    26ca:	1f 93       	push	r17
    26cc:	cf 93       	push	r28
    26ce:	df 93       	push	r29
    26d0:	cd b7       	in	r28, 0x3d	; 61
    26d2:	de b7       	in	r29, 0x3e	; 62
    26d4:	ca 1b       	sub	r28, r26
    26d6:	db 0b       	sbc	r29, r27
    26d8:	0f b6       	in	r0, 0x3f	; 63
    26da:	f8 94       	cli
    26dc:	de bf       	out	0x3e, r29	; 62
    26de:	0f be       	out	0x3f, r0	; 63
    26e0:	cd bf       	out	0x3d, r28	; 61
    26e2:	09 94       	ijmp

000026e4 <__epilogue_restores__>:
    26e4:	2a 88       	ldd	r2, Y+18	; 0x12
    26e6:	39 88       	ldd	r3, Y+17	; 0x11
    26e8:	48 88       	ldd	r4, Y+16	; 0x10
    26ea:	5f 84       	ldd	r5, Y+15	; 0x0f
    26ec:	6e 84       	ldd	r6, Y+14	; 0x0e
    26ee:	7d 84       	ldd	r7, Y+13	; 0x0d
    26f0:	8c 84       	ldd	r8, Y+12	; 0x0c
    26f2:	9b 84       	ldd	r9, Y+11	; 0x0b
    26f4:	aa 84       	ldd	r10, Y+10	; 0x0a
    26f6:	b9 84       	ldd	r11, Y+9	; 0x09
    26f8:	c8 84       	ldd	r12, Y+8	; 0x08
    26fa:	df 80       	ldd	r13, Y+7	; 0x07
    26fc:	ee 80       	ldd	r14, Y+6	; 0x06
    26fe:	fd 80       	ldd	r15, Y+5	; 0x05
    2700:	0c 81       	ldd	r16, Y+4	; 0x04
    2702:	1b 81       	ldd	r17, Y+3	; 0x03
    2704:	aa 81       	ldd	r26, Y+2	; 0x02
    2706:	b9 81       	ldd	r27, Y+1	; 0x01
    2708:	ce 0f       	add	r28, r30
    270a:	d1 1d       	adc	r29, r1
    270c:	0f b6       	in	r0, 0x3f	; 63
    270e:	f8 94       	cli
    2710:	de bf       	out	0x3e, r29	; 62
    2712:	0f be       	out	0x3f, r0	; 63
    2714:	cd bf       	out	0x3d, r28	; 61
    2716:	ed 01       	movw	r28, r26
    2718:	08 95       	ret

0000271a <itoa>:
    271a:	fb 01       	movw	r30, r22
    271c:	9f 01       	movw	r18, r30
    271e:	e8 94       	clt
    2720:	42 30       	cpi	r20, 0x02	; 2
    2722:	c4 f0       	brlt	.+48     	; 0x2754 <itoa+0x3a>
    2724:	45 32       	cpi	r20, 0x25	; 37
    2726:	b4 f4       	brge	.+44     	; 0x2754 <itoa+0x3a>
    2728:	4a 30       	cpi	r20, 0x0A	; 10
    272a:	29 f4       	brne	.+10     	; 0x2736 <itoa+0x1c>
    272c:	97 fb       	bst	r25, 7
    272e:	1e f4       	brtc	.+6      	; 0x2736 <itoa+0x1c>
    2730:	90 95       	com	r25
    2732:	81 95       	neg	r24
    2734:	9f 4f       	sbci	r25, 0xFF	; 255
    2736:	64 2f       	mov	r22, r20
    2738:	77 27       	eor	r23, r23
    273a:	0e 94 be 13 	call	0x277c	; 0x277c <__udivmodhi4>
    273e:	80 5d       	subi	r24, 0xD0	; 208
    2740:	8a 33       	cpi	r24, 0x3A	; 58
    2742:	0c f0       	brlt	.+2      	; 0x2746 <itoa+0x2c>
    2744:	89 5d       	subi	r24, 0xD9	; 217
    2746:	81 93       	st	Z+, r24
    2748:	cb 01       	movw	r24, r22
    274a:	00 97       	sbiw	r24, 0x00	; 0
    274c:	a1 f7       	brne	.-24     	; 0x2736 <itoa+0x1c>
    274e:	16 f4       	brtc	.+4      	; 0x2754 <itoa+0x3a>
    2750:	5d e2       	ldi	r21, 0x2D	; 45
    2752:	51 93       	st	Z+, r21
    2754:	10 82       	st	Z, r1
    2756:	c9 01       	movw	r24, r18
    2758:	0c 94 ae 13 	jmp	0x275c	; 0x275c <strrev>

0000275c <strrev>:
    275c:	dc 01       	movw	r26, r24
    275e:	fc 01       	movw	r30, r24
    2760:	67 2f       	mov	r22, r23
    2762:	71 91       	ld	r23, Z+
    2764:	77 23       	and	r23, r23
    2766:	e1 f7       	brne	.-8      	; 0x2760 <strrev+0x4>
    2768:	32 97       	sbiw	r30, 0x02	; 2
    276a:	04 c0       	rjmp	.+8      	; 0x2774 <strrev+0x18>
    276c:	7c 91       	ld	r23, X
    276e:	6d 93       	st	X+, r22
    2770:	70 83       	st	Z, r23
    2772:	62 91       	ld	r22, -Z
    2774:	ae 17       	cp	r26, r30
    2776:	bf 07       	cpc	r27, r31
    2778:	c8 f3       	brcs	.-14     	; 0x276c <strrev+0x10>
    277a:	08 95       	ret

0000277c <__udivmodhi4>:
    277c:	aa 1b       	sub	r26, r26
    277e:	bb 1b       	sub	r27, r27
    2780:	51 e1       	ldi	r21, 0x11	; 17
    2782:	07 c0       	rjmp	.+14     	; 0x2792 <__udivmodhi4_ep>

00002784 <__udivmodhi4_loop>:
    2784:	aa 1f       	adc	r26, r26
    2786:	bb 1f       	adc	r27, r27
    2788:	a6 17       	cp	r26, r22
    278a:	b7 07       	cpc	r27, r23
    278c:	10 f0       	brcs	.+4      	; 0x2792 <__udivmodhi4_ep>
    278e:	a6 1b       	sub	r26, r22
    2790:	b7 0b       	sbc	r27, r23

00002792 <__udivmodhi4_ep>:
    2792:	88 1f       	adc	r24, r24
    2794:	99 1f       	adc	r25, r25
    2796:	5a 95       	dec	r21
    2798:	a9 f7       	brne	.-22     	; 0x2784 <__udivmodhi4_loop>
    279a:	80 95       	com	r24
    279c:	90 95       	com	r25
    279e:	bc 01       	movw	r22, r24
    27a0:	cd 01       	movw	r24, r26
    27a2:	08 95       	ret

000027a4 <_exit>:
    27a4:	f8 94       	cli

000027a6 <__stop_program>:
    27a6:	ff cf       	rjmp	.-2      	; 0x27a6 <__stop_program>
