22:31:57 **** Build of configuration Debug for project Car_Parking_System ****
make all 
Building file: ../MCAL/gpio.c
Invoking: AVR Compiler
avr-gcc -Wall -g2 -gstabs -O0 -fpack-struct -fshort-enums -ffunction-sections -fdata-sections -std=gnu99 -funsigned-char -funsigned-bitfields -mmcu=atmega32 -DF_CPU=16000000UL -MMD -MP -MF"MCAL/gpio.d" -MT"MCAL/gpio.o" -c -o "MCAL/gpio.o" "../MCAL/gpio.c"
Finished building: ../MCAL/gpio.c
 
Building file: ../MCAL/icu.c
Invoking: AVR Compiler
avr-gcc -Wall -g2 -gstabs -O0 -fpack-struct -fshort-enums -ffunction-sections -fdata-sections -std=gnu99 -funsigned-char -funsigned-bitfields -mmcu=atmega32 -DF_CPU=16000000UL -MMD -MP -MF"MCAL/icu.d" -MT"MCAL/icu.o" -c -o "MCAL/icu.o" "../MCAL/icu.c"
../MCAL/icu.c:10: error: conflicting types for 'ICU_getRisingEdge'
../MCAL/icu.h:7: error: previous declaration of 'ICU_getRisingEdge' was here
make: *** [MCAL/icu.o] Error 1
"make all" terminated with exit code 2. Build might be incomplete.
22:32:16 **** Incremental Build of configuration Debug for project Car_Parking_System ****
make all 
Building file: ../MCAL/icu.c
Invoking: AVR Compiler
avr-gcc -Wall -g2 -gstabs -O0 -fpack-struct -fshort-enums -ffunction-sections -fdata-sections -std=gnu99 -funsigned-char -funsigned-bitfields -mmcu=atmega32 -DF_CPU=16000000UL -MMD -MP -MF"MCAL/icu.d" -MT"MCAL/icu.o" -c -o "MCAL/icu.o" "../MCAL/icu.c"
Finished building: ../MCAL/icu.c
 
Building file: ../HAL/buzzer.c
Invoking: AVR Compiler
avr-gcc -Wall -g2 -gstabs -O0 -fpack-struct -fshort-enums -ffunction-sections -fdata-sections -std=gnu99 -funsigned-char -funsigned-bitfields -mmcu=atmega32 -DF_CPU=16000000UL -MMD -MP -MF"HAL/buzzer.d" -MT"HAL/buzzer.o" -c -o "HAL/buzzer.o" "../HAL/buzzer.c"
Finished building: ../HAL/buzzer.c
 
Building file: ../HAL/lcd.c
Invoking: AVR Compiler
avr-gcc -Wall -g2 -gstabs -O0 -fpack-struct -fshort-enums -ffunction-sections -fdata-sections -std=gnu99 -funsigned-char -funsigned-bitfields -mmcu=atmega32 -DF_CPU=16000000UL -MMD -MP -MF"HAL/lcd.d" -MT"HAL/lcd.o" -c -o "HAL/lcd.o" "../HAL/lcd.c"
In file included from ../HAL/lcd.c:13:
c:/winavr-20100110/lib/gcc/../../avr/include/util/delay.h:90:3: warning: #warning "Compiler optimizations disabled; functions from <util/delay.h> won't work as designed"
../HAL/lcd.c: In function 'LCD_intgerToString':
../HAL/lcd.c:209: warning: implicit declaration of function 'itoa'
Finished building: ../HAL/lcd.c
 
Building file: ../HAL/led.c
Invoking: AVR Compiler
avr-gcc -Wall -g2 -gstabs -O0 -fpack-struct -fshort-enums -ffunction-sections -fdata-sections -std=gnu99 -funsigned-char -funsigned-bitfields -mmcu=atmega32 -DF_CPU=16000000UL -MMD -MP -MF"HAL/led.d" -MT"HAL/led.o" -c -o "HAL/led.o" "../HAL/led.c"
Finished building: ../HAL/led.c
 
Building file: ../HAL/ultrasonic.c
Invoking: AVR Compiler
avr-gcc -Wall -g2 -gstabs -O0 -fpack-struct -fshort-enums -ffunction-sections -fdata-sections -std=gnu99 -funsigned-char -funsigned-bitfields -mmcu=atmega32 -DF_CPU=16000000UL -MMD -MP -MF"HAL/ultrasonic.d" -MT"HAL/ultrasonic.o" -c -o "HAL/ultrasonic.o" "../HAL/ultrasonic.c"
Finished building: ../HAL/ultrasonic.c
 
Building file: ../main.c
Invoking: AVR Compiler
avr-gcc -Wall -g2 -gstabs -O0 -fpack-struct -fshort-enums -ffunction-sections -fdata-sections -std=gnu99 -funsigned-char -funsigned-bitfields -mmcu=atmega32 -DF_CPU=16000000UL -MMD -MP -MF"main.d" -MT"main.o" -c -o "main.o" "../main.c"
In file included from ../main.c:1:
c:/winavr-20100110/lib/gcc/../../avr/include/avr/delay.h:36:2: warning: #warning "This file has been moved to <util/delay.h>."
In file included from c:/winavr-20100110/lib/gcc/../../avr/include/avr/delay.h:37,
                 from ../main.c:1:
c:/winavr-20100110/lib/gcc/../../avr/include/util/delay.h:90:3: warning: #warning "Compiler optimizations disabled; functions from <util/delay.h> won't work as designed"
Finished building: ../main.c
 
Building target: Car_Parking_System.elf
Invoking: AVR C Linker
avr-gcc -Wl,-Map,Car_Parking_System.map -mmcu=atmega32 -o "Car_Parking_System.elf"  ./MCAL/gpio.o ./MCAL/icu.o  ./HAL/buzzer.o ./HAL/lcd.o ./HAL/led.o ./HAL/ultrasonic.o  ./main.o   
Finished building target: Car_Parking_System.elf
 
Invoking: AVR Create Extended Listing
avr-objdump -h -S Car_Parking_System.elf  >"Car_Parking_System.lss"
Finished building: Car_Parking_System.lss
 
Invoking: Print Size
avr-size --format=avr --mcu=atmega32 Car_Parking_System.elf
AVR Memory Usage
----------------
Device: atmega32

Program:    7786 bytes (23.8% Full)
(.text + .data + .bootloader)

Data:          8 bytes (0.4% Full)
(.data + .bss + .noinit)


Finished building: sizedummy
 
02:38:02 **** Incremental Build of configuration Debug for project Car_Parking_System ****
make all 
Building file: ../MCAL/icu.c
Invoking: AVR Compiler
avr-gcc -Wall -g2 -gstabs -O0 -fpack-struct -fshort-enums -ffunction-sections -fdata-sections -std=gnu99 -funsigned-char -funsigned-bitfields -mmcu=atmega32 -DF_CPU=16000000UL -MMD -MP -MF"MCAL/icu.d" -MT"MCAL/icu.o" -c -o "MCAL/icu.o" "../MCAL/icu.c"
../MCAL/icu.c:10: warning: return type defaults to 'int'
../MCAL/icu.c: In function 'ISR':
../MCAL/icu.c:10: warning: type of '__vector_6' defaults to 'int'
../MCAL/icu.c:15: warning: control reaches end of non-void function
Finished building: ../MCAL/icu.c
 
Building file: ../HAL/ultrasonic.c
Invoking: AVR Compiler
avr-gcc -Wall -g2 -gstabs -O0 -fpack-struct -fshort-enums -ffunction-sections -fdata-sections -std=gnu99 -funsigned-char -funsigned-bitfields -mmcu=atmega32 -DF_CPU=16000000UL -MMD -MP -MF"HAL/ultrasonic.d" -MT"HAL/ultrasonic.o" -c -o "HAL/ultrasonic.o" "../HAL/ultrasonic.c"
../HAL/ultrasonic.c: In function 'Ultrasonic_Trigger':
../HAL/ultrasonic.c:26: warning: implicit declaration of function '_delay_ms'
Finished building: ../HAL/ultrasonic.c
 
Building file: ../main.c
Invoking: AVR Compiler
avr-gcc -Wall -g2 -gstabs -O0 -fpack-struct -fshort-enums -ffunction-sections -fdata-sections -std=gnu99 -funsigned-char -funsigned-bitfields -mmcu=atmega32 -DF_CPU=16000000UL -MMD -MP -MF"main.d" -MT"main.o" -c -o "main.o" "../main.c"
In file included from ../main.c:1:
c:/winavr-20100110/lib/gcc/../../avr/include/avr/delay.h:36:2: warning: #warning "This file has been moved to <util/delay.h>."
In file included from c:/winavr-20100110/lib/gcc/../../avr/include/avr/delay.h:37,
                 from ../main.c:1:
c:/winavr-20100110/lib/gcc/../../avr/include/util/delay.h:90:3: warning: #warning "Compiler optimizations disabled; functions from <util/delay.h> won't work as designed"
Finished building: ../main.c
 
Building target: Car_Parking_System.elf
Invoking: AVR C Linker
avr-gcc -Wl,-Map,Car_Parking_System.map -mmcu=atmega32 -o "Car_Parking_System.elf"  ./MCAL/gpio.o ./MCAL/icu.o  ./HAL/buzzer.o ./HAL/lcd.o ./HAL/led.o ./HAL/ultrasonic.o  ./main.o   
./HAL/ultrasonic.o: In function `Ultrasonic_init':
../HAL/ultrasonic.c:14: undefined reference to `_delay_ms'
make: *** [Car_Parking_System.elf] Error 1
"make all" terminated with exit code 2. Build might be incomplete.
02:38:20 **** Incremental Build of configuration Debug for project Car_Parking_System ****
make all 
Building file: ../HAL/ultrasonic.c
Invoking: AVR Compiler
avr-gcc -Wall -g2 -gstabs -O0 -fpack-struct -fshort-enums -ffunction-sections -fdata-sections -std=gnu99 -funsigned-char -funsigned-bitfields -mmcu=atmega32 -DF_CPU=16000000UL -MMD -MP -MF"HAL/ultrasonic.d" -MT"HAL/ultrasonic.o" -c -o "HAL/ultrasonic.o" "../HAL/ultrasonic.c"
In file included from ../HAL/ultrasonic.c:1:
c:/winavr-20100110/lib/gcc/../../avr/include/avr/delay.h:36:2: warning: #warning "This file has been moved to <util/delay.h>."
In file included from c:/winavr-20100110/lib/gcc/../../avr/include/avr/delay.h:37,
                 from ../HAL/ultrasonic.c:1:
c:/winavr-20100110/lib/gcc/../../avr/include/util/delay.h:90:3: warning: #warning "Compiler optimizations disabled; functions from <util/delay.h> won't work as designed"
Finished building: ../HAL/ultrasonic.c
 
Building target: Car_Parking_System.elf
Invoking: AVR C Linker
avr-gcc -Wl,-Map,Car_Parking_System.map -mmcu=atmega32 -o "Car_Parking_System.elf"  ./MCAL/gpio.o ./MCAL/icu.o  ./HAL/buzzer.o ./HAL/lcd.o ./HAL/led.o ./HAL/ultrasonic.o  ./main.o   
Finished building target: Car_Parking_System.elf
 
Invoking: AVR Create Extended Listing
avr-objdump -h -S Car_Parking_System.elf  >"Car_Parking_System.lss"
Finished building: Car_Parking_System.lss
 
Invoking: Print Size
avr-size --format=avr --mcu=atmega32 Car_Parking_System.elf
AVR Memory Usage
----------------
Device: atmega32

Program:    9290 bytes (28.4% Full)
(.text + .data + .bootloader)

Data:        271 bytes (13.2% Full)
(.data + .bss + .noinit)


Finished building: sizedummy
 
02:48:11 **** Incremental Build of configuration Debug for project Car_Parking_System ****
make all 
Building file: ../HAL/buzzer.c
Invoking: AVR Compiler
avr-gcc -Wall -g2 -gstabs -O0 -fpack-struct -fshort-enums -ffunction-sections -fdata-sections -std=gnu99 -funsigned-char -funsigned-bitfields -mmcu=atmega32 -DF_CPU=16000000UL -MMD -MP -MF"HAL/buzzer.d" -MT"HAL/buzzer.o" -c -o "HAL/buzzer.o" "../HAL/buzzer.c"
Finished building: ../HAL/buzzer.c
 
Building file: ../HAL/lcd.c
Invoking: AVR Compiler
avr-gcc -Wall -g2 -gstabs -O0 -fpack-struct -fshort-enums -ffunction-sections -fdata-sections -std=gnu99 -funsigned-char -funsigned-bitfields -mmcu=atmega32 -DF_CPU=16000000UL -MMD -MP -MF"HAL/lcd.d" -MT"HAL/lcd.o" -c -o "HAL/lcd.o" "../HAL/lcd.c"
In file included from ../HAL/lcd.c:13:
c:/winavr-20100110/lib/gcc/../../avr/include/util/delay.h:90:3: warning: #warning "Compiler optimizations disabled; functions from <util/delay.h> won't work as designed"
../HAL/lcd.c: In function 'LCD_intgerToString':
../HAL/lcd.c:209: warning: implicit declaration of function 'itoa'
Finished building: ../HAL/lcd.c
 
Building file: ../HAL/led.c
Invoking: AVR Compiler
avr-gcc -Wall -g2 -gstabs -O0 -fpack-struct -fshort-enums -ffunction-sections -fdata-sections -std=gnu99 -funsigned-char -funsigned-bitfields -mmcu=atmega32 -DF_CPU=16000000UL -MMD -MP -MF"HAL/led.d" -MT"HAL/led.o" -c -o "HAL/led.o" "../HAL/led.c"
Finished building: ../HAL/led.c
 
Building file: ../HAL/ultrasonic.c
Invoking: AVR Compiler
avr-gcc -Wall -g2 -gstabs -O0 -fpack-struct -fshort-enums -ffunction-sections -fdata-sections -std=gnu99 -funsigned-char -funsigned-bitfields -mmcu=atmega32 -DF_CPU=16000000UL -MMD -MP -MF"HAL/ultrasonic.d" -MT"HAL/ultrasonic.o" -c -o "HAL/ultrasonic.o" "../HAL/ultrasonic.c"
In file included from ../HAL/ultrasonic.c:1:
c:/winavr-20100110/lib/gcc/../../avr/include/avr/delay.h:36:2: warning: #warning "This file has been moved to <util/delay.h>."
In file included from c:/winavr-20100110/lib/gcc/../../avr/include/avr/delay.h:37,
                 from ../HAL/ultrasonic.c:1:
c:/winavr-20100110/lib/gcc/../../avr/include/util/delay.h:90:3: warning: #warning "Compiler optimizations disabled; functions from <util/delay.h> won't work as designed"
../HAL/ultrasonic.c: In function 'Ultrasonic_readDistance':
../HAL/ultrasonic.c:43: error: 'risingTime' undeclared (first use in this function)
../HAL/ultrasonic.c:43: error: (Each undeclared identifier is reported only once
../HAL/ultrasonic.c:43: error: for each function it appears in.)
../HAL/ultrasonic.c:43: warning: unused variable 'timeInSeconds'
../HAL/ultrasonic.c:44: warning: control reaches end of non-void function
make: *** [HAL/ultrasonic.o] Error 1
"make all" terminated with exit code 2. Build might be incomplete.
02:48:15 **** Incremental Build of configuration Debug for project Car_Parking_System ****
make all 
Building file: ../HAL/ultrasonic.c
Invoking: AVR Compiler
avr-gcc -Wall -g2 -gstabs -O0 -fpack-struct -fshort-enums -ffunction-sections -fdata-sections -std=gnu99 -funsigned-char -funsigned-bitfields -mmcu=atmega32 -DF_CPU=16000000UL -MMD -MP -MF"HAL/ultrasonic.d" -MT"HAL/ultrasonic.o" -c -o "HAL/ultrasonic.o" "../HAL/ultrasonic.c"
In file included from ../HAL/ultrasonic.c:1:
c:/winavr-20100110/lib/gcc/../../avr/include/avr/delay.h:36:2: warning: #warning "This file has been moved to <util/delay.h>."
In file included from c:/winavr-20100110/lib/gcc/../../avr/include/avr/delay.h:37,
                 from ../HAL/ultrasonic.c:1:
c:/winavr-20100110/lib/gcc/../../avr/include/util/delay.h:90:3: warning: #warning "Compiler optimizations disabled; functions from <util/delay.h> won't work as designed"
../HAL/ultrasonic.c: In function 'Ultrasonic_readDistance':
../HAL/ultrasonic.c:43: warning: unused variable 'timeInSeconds'
../HAL/ultrasonic.c:44: warning: control reaches end of non-void function
Finished building: ../HAL/ultrasonic.c
 
Building file: ../main.c
Invoking: AVR Compiler
avr-gcc -Wall -g2 -gstabs -O0 -fpack-struct -fshort-enums -ffunction-sections -fdata-sections -std=gnu99 -funsigned-char -funsigned-bitfields -mmcu=atmega32 -DF_CPU=16000000UL -MMD -MP -MF"main.d" -MT"main.o" -c -o "main.o" "../main.c"
In file included from ../main.c:1:
c:/winavr-20100110/lib/gcc/../../avr/include/avr/delay.h:36:2: warning: #warning "This file has been moved to <util/delay.h>."
In file included from c:/winavr-20100110/lib/gcc/../../avr/include/avr/delay.h:37,
                 from ../main.c:1:
c:/winavr-20100110/lib/gcc/../../avr/include/util/delay.h:90:3: warning: #warning "Compiler optimizations disabled; functions from <util/delay.h> won't work as designed"
../main.c: In function 'main':
../main.c:24: error: expected '(' before '}' token
make: *** [main.o] Error 1
"make all" terminated with exit code 2. Build might be incomplete.
02:49:40 **** Incremental Build of configuration Debug for project Car_Parking_System ****
make all 
Building file: ../HAL/ultrasonic.c
Invoking: AVR Compiler
avr-gcc -Wall -g2 -gstabs -O0 -fpack-struct -fshort-enums -ffunction-sections -fdata-sections -std=gnu99 -funsigned-char -funsigned-bitfields -mmcu=atmega32 -DF_CPU=16000000UL -MMD -MP -MF"HAL/ultrasonic.d" -MT"HAL/ultrasonic.o" -c -o "HAL/ultrasonic.o" "../HAL/ultrasonic.c"
In file included from ../HAL/ultrasonic.c:1:
c:/winavr-20100110/lib/gcc/../../avr/include/avr/delay.h:36:2: warning: #warning "This file has been moved to <util/delay.h>."
In file included from c:/winavr-20100110/lib/gcc/../../avr/include/avr/delay.h:37,
                 from ../HAL/ultrasonic.c:1:
c:/winavr-20100110/lib/gcc/../../avr/include/util/delay.h:90:3: warning: #warning "Compiler optimizations disabled; functions from <util/delay.h> won't work as designed"
Finished building: ../HAL/ultrasonic.c
 
Building file: ../main.c
Invoking: AVR Compiler
avr-gcc -Wall -g2 -gstabs -O0 -fpack-struct -fshort-enums -ffunction-sections -fdata-sections -std=gnu99 -funsigned-char -funsigned-bitfields -mmcu=atmega32 -DF_CPU=16000000UL -MMD -MP -MF"main.d" -MT"main.o" -c -o "main.o" "../main.c"
In file included from ../main.c:1:
c:/winavr-20100110/lib/gcc/../../avr/include/avr/delay.h:36:2: warning: #warning "This file has been moved to <util/delay.h>."
In file included from c:/winavr-20100110/lib/gcc/../../avr/include/avr/delay.h:37,
                 from ../main.c:1:
c:/winavr-20100110/lib/gcc/../../avr/include/util/delay.h:90:3: warning: #warning "Compiler optimizations disabled; functions from <util/delay.h> won't work as designed"
../main.c: In function 'main':
../main.c:24: error: expected '(' before '}' token
make: *** [main.o] Error 1
"make all" terminated with exit code 2. Build might be incomplete.
02:53:16 **** Incremental Build of configuration Debug for project Car_Parking_System ****
make all 
Building file: ../main.c
Invoking: AVR Compiler
avr-gcc -Wall -g2 -gstabs -O0 -fpack-struct -fshort-enums -ffunction-sections -fdata-sections -std=gnu99 -funsigned-char -funsigned-bitfields -mmcu=atmega32 -DF_CPU=16000000UL -MMD -MP -MF"main.d" -MT"main.o" -c -o "main.o" "../main.c"
In file included from ../main.c:1:
c:/winavr-20100110/lib/gcc/../../avr/include/avr/delay.h:36:2: warning: #warning "This file has been moved to <util/delay.h>."
In file included from c:/winavr-20100110/lib/gcc/../../avr/include/avr/delay.h:37,
                 from ../main.c:1:
c:/winavr-20100110/lib/gcc/../../avr/include/util/delay.h:90:3: warning: #warning "Compiler optimizations disabled; functions from <util/delay.h> won't work as designed"
Finished building: ../main.c
 
Building target: Car_Parking_System.elf
Invoking: AVR C Linker
avr-gcc -Wl,-Map,Car_Parking_System.map -mmcu=atmega32 -o "Car_Parking_System.elf"  ./MCAL/gpio.o ./MCAL/icu.o  ./HAL/buzzer.o ./HAL/lcd.o ./HAL/led.o ./HAL/ultrasonic.o  ./main.o   
Finished building target: Car_Parking_System.elf
 
Invoking: AVR Create Extended Listing
avr-objdump -h -S Car_Parking_System.elf  >"Car_Parking_System.lss"
Finished building: Car_Parking_System.lss
 
Invoking: Print Size
avr-size --format=avr --mcu=atmega32 Car_Parking_System.elf
AVR Memory Usage
----------------
Device: atmega32

Program:   11872 bytes (36.2% Full)
(.text + .data + .bootloader)

Data:        271 bytes (13.2% Full)
(.data + .bss + .noinit)


Finished building: sizedummy
 
03:01:22 **** Incremental Build of configuration Debug for project Car_Parking_System ****
make all 
Building file: ../main.c
Invoking: AVR Compiler
avr-gcc -Wall -g2 -gstabs -O0 -fpack-struct -fshort-enums -ffunction-sections -fdata-sections -std=gnu99 -funsigned-char -funsigned-bitfields -mmcu=atmega32 -DF_CPU=16000000UL -MMD -MP -MF"main.d" -MT"main.o" -c -o "main.o" "../main.c"
In file included from ../main.c:1:
c:/winavr-20100110/lib/gcc/../../avr/include/avr/delay.h:36:2: warning: #warning "This file has been moved to <util/delay.h>."
In file included from c:/winavr-20100110/lib/gcc/../../avr/include/avr/delay.h:37,
                 from ../main.c:1:
c:/winavr-20100110/lib/gcc/../../avr/include/util/delay.h:90:3: warning: #warning "Compiler optimizations disabled; functions from <util/delay.h> won't work as designed"
../main.c: In function 'controlLEDs':
../main.c:12: warning: type defaults to 'int' in declaration of 'flashState'
Finished building: ../main.c
 
Building target: Car_Parking_System.elf
Invoking: AVR C Linker
avr-gcc -Wl,-Map,Car_Parking_System.map -mmcu=atmega32 -o "Car_Parking_System.elf"  ./MCAL/gpio.o ./MCAL/icu.o  ./HAL/buzzer.o ./HAL/lcd.o ./HAL/led.o ./HAL/ultrasonic.o  ./main.o   
Finished building target: Car_Parking_System.elf
 
Invoking: AVR Create Extended Listing
avr-objdump -h -S Car_Parking_System.elf  >"Car_Parking_System.lss"
Finished building: Car_Parking_System.lss
 
Invoking: Print Size
avr-size --format=avr --mcu=atmega32 Car_Parking_System.elf
AVR Memory Usage
----------------
Device: atmega32

Program:   12066 bytes (36.8% Full)
(.text + .data + .bootloader)

Data:        272 bytes (13.3% Full)
(.data + .bss + .noinit)


Finished building: sizedummy
 
03:03:13 **** Incremental Build of configuration Debug for project Car_Parking_System ****
make all 
Building file: ../main.c
Invoking: AVR Compiler
avr-gcc -Wall -g2 -gstabs -O0 -fpack-struct -fshort-enums -ffunction-sections -fdata-sections -std=gnu99 -funsigned-char -funsigned-bitfields -mmcu=atmega32 -DF_CPU=16000000UL -MMD -MP -MF"main.d" -MT"main.o" -c -o "main.o" "../main.c"
In file included from ../main.c:1:
c:/winavr-20100110/lib/gcc/../../avr/include/avr/delay.h:36:2: warning: #warning "This file has been moved to <util/delay.h>."
In file included from c:/winavr-20100110/lib/gcc/../../avr/include/avr/delay.h:37,
                 from ../main.c:1:
c:/winavr-20100110/lib/gcc/../../avr/include/util/delay.h:90:3: warning: #warning "Compiler optimizations disabled; functions from <util/delay.h> won't work as designed"
../main.c:11: error: two or more data types in declaration specifiers
../main.c: In function 'controlLEDs':
../main.c:13: warning: type defaults to 'int' in declaration of 'flashState'
../main.c:59: warning: control reaches end of non-void function
make: *** [main.o] Error 1
"make all" terminated with exit code 2. Build might be incomplete.
03:03:53 **** Incremental Build of configuration Debug for project Car_Parking_System ****
make all 
Building file: ../main.c
Invoking: AVR Compiler
avr-gcc -Wall -g2 -gstabs -O0 -fpack-struct -fshort-enums -ffunction-sections -fdata-sections -std=gnu99 -funsigned-char -funsigned-bitfields -mmcu=atmega32 -DF_CPU=16000000UL -MMD -MP -MF"main.d" -MT"main.o" -c -o "main.o" "../main.c"
In file included from ../main.c:1:
c:/winavr-20100110/lib/gcc/../../avr/include/avr/delay.h:36:2: warning: #warning "This file has been moved to <util/delay.h>."
In file included from c:/winavr-20100110/lib/gcc/../../avr/include/avr/delay.h:37,
                 from ../main.c:1:
c:/winavr-20100110/lib/gcc/../../avr/include/util/delay.h:90:3: warning: #warning "Compiler optimizations disabled; functions from <util/delay.h> won't work as designed"
../main.c: In function 'controlLEDs':
../main.c:13: warning: type defaults to 'int' in declaration of 'flashState'
Finished building: ../main.c
 
Building target: Car_Parking_System.elf
Invoking: AVR C Linker
avr-gcc -Wl,-Map,Car_Parking_System.map -mmcu=atmega32 -o "Car_Parking_System.elf"  ./MCAL/gpio.o ./MCAL/icu.o  ./HAL/buzzer.o ./HAL/lcd.o ./HAL/led.o ./HAL/ultrasonic.o  ./main.o   
Finished building target: Car_Parking_System.elf
 
Invoking: AVR Create Extended Listing
avr-objdump -h -S Car_Parking_System.elf  >"Car_Parking_System.lss"
Finished building: Car_Parking_System.lss
 
Invoking: Print Size
avr-size --format=avr --mcu=atmega32 Car_Parking_System.elf
AVR Memory Usage
----------------
Device: atmega32

Program:   12098 bytes (36.9% Full)
(.text + .data + .bootloader)

Data:        274 bytes (13.4% Full)
(.data + .bss + .noinit)


Finished building: sizedummy
 
03:06:58 **** Incremental Build of configuration Debug for project Car_Parking_System ****
make all 
Building file: ../main.c
Invoking: AVR Compiler
avr-gcc -Wall -g2 -gstabs -O0 -fpack-struct -fshort-enums -ffunction-sections -fdata-sections -std=gnu99 -funsigned-char -funsigned-bitfields -mmcu=atmega32 -DF_CPU=16000000UL -MMD -MP -MF"main.d" -MT"main.o" -c -o "main.o" "../main.c"
In file included from ../main.c:1:
c:/winavr-20100110/lib/gcc/../../avr/include/avr/delay.h:36:2: warning: #warning "This file has been moved to <util/delay.h>."
In file included from c:/winavr-20100110/lib/gcc/../../avr/include/avr/delay.h:37,
                 from ../main.c:1:
c:/winavr-20100110/lib/gcc/../../avr/include/util/delay.h:90:3: warning: #warning "Compiler optimizations disabled; functions from <util/delay.h> won't work as designed"
../main.c: In function 'controlLEDs':
../main.c:14: warning: type defaults to 'int' in declaration of 'flashState'
Finished building: ../main.c
 
Building target: Car_Parking_System.elf
Invoking: AVR C Linker
avr-gcc -Wl,-Map,Car_Parking_System.map -mmcu=atmega32 -o "Car_Parking_System.elf"  ./MCAL/gpio.o ./MCAL/icu.o  ./HAL/buzzer.o ./HAL/lcd.o ./HAL/led.o ./HAL/ultrasonic.o  ./main.o   
Finished building target: Car_Parking_System.elf
 
Invoking: AVR Create Extended Listing
avr-objdump -h -S Car_Parking_System.elf  >"Car_Parking_System.lss"
Finished building: Car_Parking_System.lss
 
Invoking: Print Size
avr-size --format=avr --mcu=atmega32 Car_Parking_System.elf
AVR Memory Usage
----------------
Device: atmega32

Program:   12184 bytes (37.2% Full)
(.text + .data + .bootloader)

Data:        291 bytes (14.2% Full)
(.data + .bss + .noinit)


Finished building: sizedummy
 
03:07:28 **** Incremental Build of configuration Debug for project Car_Parking_System ****
make all 
Building file: ../main.c
Invoking: AVR Compiler
avr-gcc -Wall -g2 -gstabs -O0 -fpack-struct -fshort-enums -ffunction-sections -fdata-sections -std=gnu99 -funsigned-char -funsigned-bitfields -mmcu=atmega32 -DF_CPU=16000000UL -MMD -MP -MF"main.d" -MT"main.o" -c -o "main.o" "../main.c"
In file included from ../main.c:1:
c:/winavr-20100110/lib/gcc/../../avr/include/avr/delay.h:36:2: warning: #warning "This file has been moved to <util/delay.h>."
In file included from c:/winavr-20100110/lib/gcc/../../avr/include/avr/delay.h:37,
                 from ../main.c:1:
c:/winavr-20100110/lib/gcc/../../avr/include/util/delay.h:90:3: warning: #warning "Compiler optimizations disabled; functions from <util/delay.h> won't work as designed"
Finished building: ../main.c
 
Building target: Car_Parking_System.elf
Invoking: AVR C Linker
avr-gcc -Wl,-Map,Car_Parking_System.map -mmcu=atmega32 -o "Car_Parking_System.elf"  ./MCAL/gpio.o ./MCAL/icu.o  ./HAL/buzzer.o ./HAL/lcd.o ./HAL/led.o ./HAL/ultrasonic.o  ./main.o   
Finished building target: Car_Parking_System.elf
 
Invoking: AVR Create Extended Listing
avr-objdump -h -S Car_Parking_System.elf  >"Car_Parking_System.lss"
Finished building: Car_Parking_System.lss
 
Invoking: Print Size
avr-size --format=avr --mcu=atmega32 Car_Parking_System.elf
AVR Memory Usage
----------------
Device: atmega32

Program:   12196 bytes (37.2% Full)
(.text + .data + .bootloader)

Data:        291 bytes (14.2% Full)
(.data + .bss + .noinit)


Finished building: sizedummy
 
03:07:32 **** Incremental Build of configuration Debug for project Car_Parking_System ****
make all 
Building file: ../main.c
Invoking: AVR Compiler
avr-gcc -Wall -g2 -gstabs -O0 -fpack-struct -fshort-enums -ffunction-sections -fdata-sections -std=gnu99 -funsigned-char -funsigned-bitfields -mmcu=atmega32 -DF_CPU=16000000UL -MMD -MP -MF"main.d" -MT"main.o" -c -o "main.o" "../main.c"
In file included from ../main.c:1:
c:/winavr-20100110/lib/gcc/../../avr/include/avr/delay.h:36:2: warning: #warning "This file has been moved to <util/delay.h>."
In file included from c:/winavr-20100110/lib/gcc/../../avr/include/avr/delay.h:37,
                 from ../main.c:1:
c:/winavr-20100110/lib/gcc/../../avr/include/util/delay.h:90:3: warning: #warning "Compiler optimizations disabled; functions from <util/delay.h> won't work as designed"
Finished building: ../main.c
 
Building target: Car_Parking_System.elf
Invoking: AVR C Linker
avr-gcc -Wl,-Map,Car_Parking_System.map -mmcu=atmega32 -o "Car_Parking_System.elf"  ./MCAL/gpio.o ./MCAL/icu.o  ./HAL/buzzer.o ./HAL/lcd.o ./HAL/led.o ./HAL/ultrasonic.o  ./main.o   
Finished building target: Car_Parking_System.elf
 
Invoking: AVR Create Extended Listing
avr-objdump -h -S Car_Parking_System.elf  >"Car_Parking_System.lss"
Finished building: Car_Parking_System.lss
 
Invoking: Print Size
avr-size --format=avr --mcu=atmega32 Car_Parking_System.elf
AVR Memory Usage
----------------
Device: atmega32

Program:   12174 bytes (37.2% Full)
(.text + .data + .bootloader)

Data:        290 bytes (14.2% Full)
(.data + .bss + .noinit)


Finished building: sizedummy
 
03:09:12 **** Incremental Build of configuration Debug for project Car_Parking_System ****
make all 
Building file: ../main.c
Invoking: AVR Compiler
avr-gcc -Wall -g2 -gstabs -O0 -fpack-struct -fshort-enums -ffunction-sections -fdata-sections -std=gnu99 -funsigned-char -funsigned-bitfields -mmcu=atmega32 -DF_CPU=16000000UL -MMD -MP -MF"main.d" -MT"main.o" -c -o "main.o" "../main.c"
In file included from ../main.c:1:
c:/winavr-20100110/lib/gcc/../../avr/include/avr/delay.h:36:2: warning: #warning "This file has been moved to <util/delay.h>."
In file included from c:/winavr-20100110/lib/gcc/../../avr/include/avr/delay.h:37,
                 from ../main.c:1:
c:/winavr-20100110/lib/gcc/../../avr/include/util/delay.h:90:3: warning: #warning "Compiler optimizations disabled; functions from <util/delay.h> won't work as designed"
Finished building: ../main.c
 
Building target: Car_Parking_System.elf
Invoking: AVR C Linker
avr-gcc -Wl,-Map,Car_Parking_System.map -mmcu=atmega32 -o "Car_Parking_System.elf"  ./MCAL/gpio.o ./MCAL/icu.o  ./HAL/buzzer.o ./HAL/lcd.o ./HAL/led.o ./HAL/ultrasonic.o  ./main.o   
Finished building target: Car_Parking_System.elf
 
Invoking: AVR Create Extended Listing
avr-objdump -h -S Car_Parking_System.elf  >"Car_Parking_System.lss"
Finished building: Car_Parking_System.lss
 
Invoking: Print Size
avr-size --format=avr --mcu=atmega32 Car_Parking_System.elf
AVR Memory Usage
----------------
Device: atmega32

Program:   12126 bytes (37.0% Full)
(.text + .data + .bootloader)

Data:        290 bytes (14.2% Full)
(.data + .bss + .noinit)


Finished building: sizedummy
 
03:09:37 **** Incremental Build of configuration Debug for project Car_Parking_System ****
make all 
Building file: ../main.c
Invoking: AVR Compiler
avr-gcc -Wall -g2 -gstabs -O0 -fpack-struct -fshort-enums -ffunction-sections -fdata-sections -std=gnu99 -funsigned-char -funsigned-bitfields -mmcu=atmega32 -DF_CPU=16000000UL -MMD -MP -MF"main.d" -MT"main.o" -c -o "main.o" "../main.c"
In file included from ../main.c:1:
c:/winavr-20100110/lib/gcc/../../avr/include/avr/delay.h:36:2: warning: #warning "This file has been moved to <util/delay.h>."
In file included from c:/winavr-20100110/lib/gcc/../../avr/include/avr/delay.h:37,
                 from ../main.c:1:
c:/winavr-20100110/lib/gcc/../../avr/include/util/delay.h:90:3: warning: #warning "Compiler optimizations disabled; functions from <util/delay.h> won't work as designed"
Finished building: ../main.c
 
Building target: Car_Parking_System.elf
Invoking: AVR C Linker
avr-gcc -Wl,-Map,Car_Parking_System.map -mmcu=atmega32 -o "Car_Parking_System.elf"  ./MCAL/gpio.o ./MCAL/icu.o  ./HAL/buzzer.o ./HAL/lcd.o ./HAL/led.o ./HAL/ultrasonic.o  ./main.o   
Finished building target: Car_Parking_System.elf
 
Invoking: AVR Create Extended Listing
avr-objdump -h -S Car_Parking_System.elf  >"Car_Parking_System.lss"
Finished building: Car_Parking_System.lss
 
Invoking: Print Size
avr-size --format=avr --mcu=atmega32 Car_Parking_System.elf
AVR Memory Usage
----------------
Device: atmega32

Program:   12134 bytes (37.0% Full)
(.text + .data + .bootloader)

Data:        290 bytes (14.2% Full)
(.data + .bss + .noinit)


Finished building: sizedummy
 
03:12:13 **** Incremental Build of configuration Debug for project Car_Parking_System ****
make all 
Building file: ../MCAL/icu.c
Invoking: AVR Compiler
avr-gcc -Wall -g2 -gstabs -O0 -fpack-struct -fshort-enums -ffunction-sections -fdata-sections -std=gnu99 -funsigned-char -funsigned-bitfields -mmcu=atmega32 -DF_CPU=16000000UL -MMD -MP -MF"MCAL/icu.d" -MT"MCAL/icu.o" -c -o "MCAL/icu.o" "../MCAL/icu.c"
../MCAL/icu.c:10: warning: return type defaults to 'int'
../MCAL/icu.c: In function 'ISR':
../MCAL/icu.c:10: warning: type of '__vector_6' defaults to 'int'
../MCAL/icu.c:15: warning: control reaches end of non-void function
Finished building: ../MCAL/icu.c
 
Building file: ../HAL/ultrasonic.c
Invoking: AVR Compiler
avr-gcc -Wall -g2 -gstabs -O0 -fpack-struct -fshort-enums -ffunction-sections -fdata-sections -std=gnu99 -funsigned-char -funsigned-bitfields -mmcu=atmega32 -DF_CPU=16000000UL -MMD -MP -MF"HAL/ultrasonic.d" -MT"HAL/ultrasonic.o" -c -o "HAL/ultrasonic.o" "../HAL/ultrasonic.c"
In file included from ../HAL/ultrasonic.c:1:
c:/winavr-20100110/lib/gcc/../../avr/include/avr/delay.h:36:2: warning: #warning "This file has been moved to <util/delay.h>."
In file included from c:/winavr-20100110/lib/gcc/../../avr/include/avr/delay.h:37,
                 from ../HAL/ultrasonic.c:1:
c:/winavr-20100110/lib/gcc/../../avr/include/util/delay.h:90:3: warning: #warning "Compiler optimizations disabled; functions from <util/delay.h> won't work as designed"
Finished building: ../HAL/ultrasonic.c
 
Building file: ../main.c
Invoking: AVR Compiler
avr-gcc -Wall -g2 -gstabs -O0 -fpack-struct -fshort-enums -ffunction-sections -fdata-sections -std=gnu99 -funsigned-char -funsigned-bitfields -mmcu=atmega32 -DF_CPU=16000000UL -MMD -MP -MF"main.d" -MT"main.o" -c -o "main.o" "../main.c"
In file included from ../main.c:2:
c:/winavr-20100110/lib/gcc/../../avr/include/avr/delay.h:36:2: warning: #warning "This file has been moved to <util/delay.h>."
In file included from c:/winavr-20100110/lib/gcc/../../avr/include/avr/delay.h:37,
                 from ../main.c:2:
c:/winavr-20100110/lib/gcc/../../avr/include/util/delay.h:90:3: warning: #warning "Compiler optimizations disabled; functions from <util/delay.h> won't work as designed"
Finished building: ../main.c
 
Building target: Car_Parking_System.elf
Invoking: AVR C Linker
avr-gcc -Wl,-Map,Car_Parking_System.map -mmcu=atmega32 -o "Car_Parking_System.elf"  ./MCAL/gpio.o ./MCAL/icu.o  ./HAL/buzzer.o ./HAL/lcd.o ./HAL/led.o ./HAL/ultrasonic.o  ./main.o   
Finished building target: Car_Parking_System.elf
 
Invoking: AVR Create Extended Listing
avr-objdump -h -S Car_Parking_System.elf  >"Car_Parking_System.lss"
Finished building: Car_Parking_System.lss
 
Invoking: Print Size
avr-size --format=avr --mcu=atmega32 Car_Parking_System.elf
AVR Memory Usage
----------------
Device: atmega32

Program:   12158 bytes (37.1% Full)
(.text + .data + .bootloader)

Data:        290 bytes (14.2% Full)
(.data + .bss + .noinit)


Finished building: sizedummy
 
03:12:37 **** Incremental Build of configuration Debug for project Car_Parking_System ****
make all 
Invoking: Print Size
avr-size --format=avr --mcu=atmega32 Car_Parking_System.elf
AVR Memory Usage
----------------
Device: atmega32

Program:   12158 bytes (37.1% Full)
(.text + .data + .bootloader)

Data:        290 bytes (14.2% Full)
(.data + .bss + .noinit)


Finished building: sizedummy
 
03:13:36 **** Incremental Build of configuration Debug for project Car_Parking_System ****
make all 
Building file: ../HAL/ultrasonic.c
Invoking: AVR Compiler
avr-gcc -Wall -g2 -gstabs -O0 -fpack-struct -fshort-enums -ffunction-sections -fdata-sections -std=gnu99 -funsigned-char -funsigned-bitfields -mmcu=atmega32 -DF_CPU=16000000UL -MMD -MP -MF"HAL/ultrasonic.d" -MT"HAL/ultrasonic.o" -c -o "HAL/ultrasonic.o" "../HAL/ultrasonic.c"
In file included from ../HAL/ultrasonic.c:1:
c:/winavr-20100110/lib/gcc/../../avr/include/avr/delay.h:36:2: warning: #warning "This file has been moved to <util/delay.h>."
In file included from c:/winavr-20100110/lib/gcc/../../avr/include/avr/delay.h:37,
                 from ../HAL/ultrasonic.c:1:
c:/winavr-20100110/lib/gcc/../../avr/include/util/delay.h:90:3: warning: #warning "Compiler optimizations disabled; functions from <util/delay.h> won't work as designed"
Finished building: ../HAL/ultrasonic.c
 
Building target: Car_Parking_System.elf
Invoking: AVR C Linker
avr-gcc -Wl,-Map,Car_Parking_System.map -mmcu=atmega32 -o "Car_Parking_System.elf"  ./MCAL/gpio.o ./MCAL/icu.o  ./HAL/buzzer.o ./HAL/lcd.o ./HAL/led.o ./HAL/ultrasonic.o  ./main.o   
Finished building target: Car_Parking_System.elf
 
Invoking: AVR Create Extended Listing
avr-objdump -h -S Car_Parking_System.elf  >"Car_Parking_System.lss"
Finished building: Car_Parking_System.lss
 
Invoking: Print Size
avr-size --format=avr --mcu=atmega32 Car_Parking_System.elf
AVR Memory Usage
----------------
Device: atmega32

Program:   12654 bytes (38.6% Full)
(.text + .data + .bootloader)

Data:        290 bytes (14.2% Full)
(.data + .bss + .noinit)


Finished building: sizedummy
 
03:15:22 **** Incremental Build of configuration Debug for project Car_Parking_System ****
make all 
Building file: ../HAL/ultrasonic.c
Invoking: AVR Compiler
avr-gcc -Wall -g2 -gstabs -O0 -fpack-struct -fshort-enums -ffunction-sections -fdata-sections -std=gnu99 -funsigned-char -funsigned-bitfields -mmcu=atmega32 -DF_CPU=16000000UL -MMD -MP -MF"HAL/ultrasonic.d" -MT"HAL/ultrasonic.o" -c -o "HAL/ultrasonic.o" "../HAL/ultrasonic.c"
In file included from ../HAL/ultrasonic.c:1:
c:/winavr-20100110/lib/gcc/../../avr/include/avr/delay.h:36:2: warning: #warning "This file has been moved to <util/delay.h>."
In file included from c:/winavr-20100110/lib/gcc/../../avr/include/avr/delay.h:37,
                 from ../HAL/ultrasonic.c:1:
c:/winavr-20100110/lib/gcc/../../avr/include/util/delay.h:90:3: warning: #warning "Compiler optimizations disabled; functions from <util/delay.h> won't work as designed"
Finished building: ../HAL/ultrasonic.c
 
Building target: Car_Parking_System.elf
Invoking: AVR C Linker
avr-gcc -Wl,-Map,Car_Parking_System.map -mmcu=atmega32 -o "Car_Parking_System.elf"  ./MCAL/gpio.o ./MCAL/icu.o  ./HAL/buzzer.o ./HAL/lcd.o ./HAL/led.o ./HAL/ultrasonic.o  ./main.o   
Finished building target: Car_Parking_System.elf
 
Invoking: AVR Create Extended Listing
avr-objdump -h -S Car_Parking_System.elf  >"Car_Parking_System.lss"
Finished building: Car_Parking_System.lss
 
Invoking: Print Size
avr-size --format=avr --mcu=atmega32 Car_Parking_System.elf
AVR Memory Usage
----------------
Device: atmega32

Program:   12644 bytes (38.6% Full)
(.text + .data + .bootloader)

Data:        290 bytes (14.2% Full)
(.data + .bss + .noinit)


Finished building: sizedummy
 
03:16:04 **** Incremental Build of configuration Debug for project Car_Parking_System ****
make all 
Building file: ../MCAL/icu.c
Invoking: AVR Compiler
avr-gcc -Wall -g2 -gstabs -O0 -fpack-struct -fshort-enums -ffunction-sections -fdata-sections -std=gnu99 -funsigned-char -funsigned-bitfields -mmcu=atmega32 -DF_CPU=16000000UL -MMD -MP -MF"MCAL/icu.d" -MT"MCAL/icu.o" -c -o "MCAL/icu.o" "../MCAL/icu.c"
../MCAL/icu.c:10: warning: return type defaults to 'int'
../MCAL/icu.c: In function 'ISR':
../MCAL/icu.c:10: warning: type of '__vector_6' defaults to 'int'
../MCAL/icu.c:15: warning: control reaches end of non-void function
Finished building: ../MCAL/icu.c
 
Building target: Car_Parking_System.elf
Invoking: AVR C Linker
avr-gcc -Wl,-Map,Car_Parking_System.map -mmcu=atmega32 -o "Car_Parking_System.elf"  ./MCAL/gpio.o ./MCAL/icu.o  ./HAL/buzzer.o ./HAL/lcd.o ./HAL/led.o ./HAL/ultrasonic.o  ./main.o   
Finished building target: Car_Parking_System.elf
 
Invoking: AVR Create Extended Listing
avr-objdump -h -S Car_Parking_System.elf  >"Car_Parking_System.lss"
Finished building: Car_Parking_System.lss
 
Invoking: Print Size
avr-size --format=avr --mcu=atmega32 Car_Parking_System.elf
AVR Memory Usage
----------------
Device: atmega32

Program:   12644 bytes (38.6% Full)
(.text + .data + .bootloader)

Data:        290 bytes (14.2% Full)
(.data + .bss + .noinit)


Finished building: sizedummy
 
03:18:10 **** Incremental Build of configuration Debug for project Car_Parking_System ****
make all 
Building file: ../HAL/ultrasonic.c
Invoking: AVR Compiler
avr-gcc -Wall -g2 -gstabs -O0 -fpack-struct -fshort-enums -ffunction-sections -fdata-sections -std=gnu99 -funsigned-char -funsigned-bitfields -mmcu=atmega32 -DF_CPU=16000000UL -MMD -MP -MF"HAL/ultrasonic.d" -MT"HAL/ultrasonic.o" -c -o "HAL/ultrasonic.o" "../HAL/ultrasonic.c"
In file included from ../HAL/ultrasonic.c:1:
c:/winavr-20100110/lib/gcc/../../avr/include/avr/delay.h:36:2: warning: #warning "This file has been moved to <util/delay.h>."
In file included from c:/winavr-20100110/lib/gcc/../../avr/include/avr/delay.h:37,
                 from ../HAL/ultrasonic.c:1:
c:/winavr-20100110/lib/gcc/../../avr/include/util/delay.h:90:3: warning: #warning "Compiler optimizations disabled; functions from <util/delay.h> won't work as designed"
Finished building: ../HAL/ultrasonic.c
 
Building target: Car_Parking_System.elf
Invoking: AVR C Linker
avr-gcc -Wl,-Map,Car_Parking_System.map -mmcu=atmega32 -o "Car_Parking_System.elf"  ./MCAL/gpio.o ./MCAL/icu.o  ./HAL/buzzer.o ./HAL/lcd.o ./HAL/led.o ./HAL/ultrasonic.o  ./main.o   
Finished building target: Car_Parking_System.elf
 
Invoking: AVR Create Extended Listing
avr-objdump -h -S Car_Parking_System.elf  >"Car_Parking_System.lss"
Finished building: Car_Parking_System.lss
 
Invoking: Print Size
avr-size --format=avr --mcu=atmega32 Car_Parking_System.elf
AVR Memory Usage
----------------
Device: atmega32

Program:   12648 bytes (38.6% Full)
(.text + .data + .bootloader)

Data:        290 bytes (14.2% Full)
(.data + .bss + .noinit)


Finished building: sizedummy
 
03:18:20 **** Incremental Build of configuration Debug for project Car_Parking_System ****
make all 
Building file: ../HAL/ultrasonic.c
Invoking: AVR Compiler
avr-gcc -Wall -g2 -gstabs -O0 -fpack-struct -fshort-enums -ffunction-sections -fdata-sections -std=gnu99 -funsigned-char -funsigned-bitfields -mmcu=atmega32 -DF_CPU=16000000UL -MMD -MP -MF"HAL/ultrasonic.d" -MT"HAL/ultrasonic.o" -c -o "HAL/ultrasonic.o" "../HAL/ultrasonic.c"
In file included from ../HAL/ultrasonic.c:1:
c:/winavr-20100110/lib/gcc/../../avr/include/avr/delay.h:36:2: warning: #warning "This file has been moved to <util/delay.h>."
In file included from c:/winavr-20100110/lib/gcc/../../avr/include/avr/delay.h:37,
                 from ../HAL/ultrasonic.c:1:
c:/winavr-20100110/lib/gcc/../../avr/include/util/delay.h:90:3: warning: #warning "Compiler optimizations disabled; functions from <util/delay.h> won't work as designed"
Finished building: ../HAL/ultrasonic.c
 
Building target: Car_Parking_System.elf
Invoking: AVR C Linker
avr-gcc -Wl,-Map,Car_Parking_System.map -mmcu=atmega32 -o "Car_Parking_System.elf"  ./MCAL/gpio.o ./MCAL/icu.o  ./HAL/buzzer.o ./HAL/lcd.o ./HAL/led.o ./HAL/ultrasonic.o  ./main.o   
Finished building target: Car_Parking_System.elf
 
Invoking: AVR Create Extended Listing
avr-objdump -h -S Car_Parking_System.elf  >"Car_Parking_System.lss"
Finished building: Car_Parking_System.lss
 
Invoking: Print Size
avr-size --format=avr --mcu=atmega32 Car_Parking_System.elf
AVR Memory Usage
----------------
Device: atmega32

Program:   12648 bytes (38.6% Full)
(.text + .data + .bootloader)

Data:        290 bytes (14.2% Full)
(.data + .bss + .noinit)


Finished building: sizedummy
 
03:22:03 **** Incremental Build of configuration Debug for project Car_Parking_System ****
make all 
Building file: ../HAL/ultrasonic.c
Invoking: AVR Compiler
avr-gcc -Wall -g2 -gstabs -O0 -fpack-struct -fshort-enums -ffunction-sections -fdata-sections -std=gnu99 -funsigned-char -funsigned-bitfields -mmcu=atmega32 -DF_CPU=16000000UL -MMD -MP -MF"HAL/ultrasonic.d" -MT"HAL/ultrasonic.o" -c -o "HAL/ultrasonic.o" "../HAL/ultrasonic.c"
In file included from ../HAL/ultrasonic.c:1:
c:/winavr-20100110/lib/gcc/../../avr/include/avr/delay.h:36:2: warning: #warning "This file has been moved to <util/delay.h>."
In file included from c:/winavr-20100110/lib/gcc/../../avr/include/avr/delay.h:37,
                 from ../HAL/ultrasonic.c:1:
c:/winavr-20100110/lib/gcc/../../avr/include/util/delay.h:90:3: warning: #warning "Compiler optimizations disabled; functions from <util/delay.h> won't work as designed"
Finished building: ../HAL/ultrasonic.c
 
Building target: Car_Parking_System.elf
Invoking: AVR C Linker
avr-gcc -Wl,-Map,Car_Parking_System.map -mmcu=atmega32 -o "Car_Parking_System.elf"  ./MCAL/gpio.o ./MCAL/icu.o  ./HAL/buzzer.o ./HAL/lcd.o ./HAL/led.o ./HAL/ultrasonic.o  ./main.o   
Finished building target: Car_Parking_System.elf
 
Invoking: AVR Create Extended Listing
avr-objdump -h -S Car_Parking_System.elf  >"Car_Parking_System.lss"
Finished building: Car_Parking_System.lss
 
Invoking: Print Size
avr-size --format=avr --mcu=atmega32 Car_Parking_System.elf
AVR Memory Usage
----------------
Device: atmega32

Program:   12648 bytes (38.6% Full)
(.text + .data + .bootloader)

Data:        290 bytes (14.2% Full)
(.data + .bss + .noinit)


Finished building: sizedummy
 
03:23:40 **** Incremental Build of configuration Debug for project Car_Parking_System ****
make all 
Building file: ../HAL/ultrasonic.c
Invoking: AVR Compiler
avr-gcc -Wall -g2 -gstabs -O0 -fpack-struct -fshort-enums -ffunction-sections -fdata-sections -std=gnu99 -funsigned-char -funsigned-bitfields -mmcu=atmega32 -DF_CPU=16000000UL -MMD -MP -MF"HAL/ultrasonic.d" -MT"HAL/ultrasonic.o" -c -o "HAL/ultrasonic.o" "../HAL/ultrasonic.c"
In file included from ../HAL/ultrasonic.c:1:
c:/winavr-20100110/lib/gcc/../../avr/include/avr/delay.h:36:2: warning: #warning "This file has been moved to <util/delay.h>."
In file included from c:/winavr-20100110/lib/gcc/../../avr/include/avr/delay.h:37,
                 from ../HAL/ultrasonic.c:1:
c:/winavr-20100110/lib/gcc/../../avr/include/util/delay.h:90:3: warning: #warning "Compiler optimizations disabled; functions from <util/delay.h> won't work as designed"
Finished building: ../HAL/ultrasonic.c
 
Building target: Car_Parking_System.elf
Invoking: AVR C Linker
avr-gcc -Wl,-Map,Car_Parking_System.map -mmcu=atmega32 -o "Car_Parking_System.elf"  ./MCAL/gpio.o ./MCAL/icu.o  ./HAL/buzzer.o ./HAL/lcd.o ./HAL/led.o ./HAL/ultrasonic.o  ./main.o   
Finished building target: Car_Parking_System.elf
 
Invoking: AVR Create Extended Listing
avr-objdump -h -S Car_Parking_System.elf  >"Car_Parking_System.lss"
Finished building: Car_Parking_System.lss
 
Invoking: Print Size
avr-size --format=avr --mcu=atmega32 Car_Parking_System.elf
AVR Memory Usage
----------------
Device: atmega32

Program:   12652 bytes (38.6% Full)
(.text + .data + .bootloader)

Data:        290 bytes (14.2% Full)
(.data + .bss + .noinit)


Finished building: sizedummy
 
03:28:45 **** Incremental Build of configuration Debug for project Car_Parking_System ****
make all 
Building file: ../HAL/ultrasonic.c
Invoking: AVR Compiler
avr-gcc -Wall -g2 -gstabs -O0 -fpack-struct -fshort-enums -ffunction-sections -fdata-sections -std=gnu99 -funsigned-char -funsigned-bitfields -mmcu=atmega32 -DF_CPU=16000000UL -MMD -MP -MF"HAL/ultrasonic.d" -MT"HAL/ultrasonic.o" -c -o "HAL/ultrasonic.o" "../HAL/ultrasonic.c"
In file included from ../HAL/ultrasonic.c:1:
c:/winavr-20100110/lib/gcc/../../avr/include/avr/delay.h:36:2: warning: #warning "This file has been moved to <util/delay.h>."
In file included from c:/winavr-20100110/lib/gcc/../../avr/include/avr/delay.h:37,
                 from ../HAL/ultrasonic.c:1:
c:/winavr-20100110/lib/gcc/../../avr/include/util/delay.h:90:3: warning: #warning "Compiler optimizations disabled; functions from <util/delay.h> won't work as designed"
Finished building: ../HAL/ultrasonic.c
 
Building target: Car_Parking_System.elf
Invoking: AVR C Linker
avr-gcc -Wl,-Map,Car_Parking_System.map -mmcu=atmega32 -o "Car_Parking_System.elf"  ./MCAL/gpio.o ./MCAL/icu.o  ./HAL/buzzer.o ./HAL/lcd.o ./HAL/led.o ./HAL/ultrasonic.o  ./main.o   
Finished building target: Car_Parking_System.elf
 
Invoking: AVR Create Extended Listing
avr-objdump -h -S Car_Parking_System.elf  >"Car_Parking_System.lss"
Finished building: Car_Parking_System.lss
 
Invoking: Print Size
avr-size --format=avr --mcu=atmega32 Car_Parking_System.elf
AVR Memory Usage
----------------
Device: atmega32

Program:   12658 bytes (38.6% Full)
(.text + .data + .bootloader)

Data:        290 bytes (14.2% Full)
(.data + .bss + .noinit)


Finished building: sizedummy
 
03:29:27 **** Incremental Build of configuration Debug for project Car_Parking_System ****
make all 
Building file: ../HAL/ultrasonic.c
Invoking: AVR Compiler
avr-gcc -Wall -g2 -gstabs -O0 -fpack-struct -fshort-enums -ffunction-sections -fdata-sections -std=gnu99 -funsigned-char -funsigned-bitfields -mmcu=atmega32 -DF_CPU=16000000UL -MMD -MP -MF"HAL/ultrasonic.d" -MT"HAL/ultrasonic.o" -c -o "HAL/ultrasonic.o" "../HAL/ultrasonic.c"
In file included from ../HAL/ultrasonic.c:1:
c:/winavr-20100110/lib/gcc/../../avr/include/avr/delay.h:36:2: warning: #warning "This file has been moved to <util/delay.h>."
In file included from c:/winavr-20100110/lib/gcc/../../avr/include/avr/delay.h:37,
                 from ../HAL/ultrasonic.c:1:
c:/winavr-20100110/lib/gcc/../../avr/include/util/delay.h:90:3: warning: #warning "Compiler optimizations disabled; functions from <util/delay.h> won't work as designed"
Finished building: ../HAL/ultrasonic.c
 
Building target: Car_Parking_System.elf
Invoking: AVR C Linker
avr-gcc -Wl,-Map,Car_Parking_System.map -mmcu=atmega32 -o "Car_Parking_System.elf"  ./MCAL/gpio.o ./MCAL/icu.o  ./HAL/buzzer.o ./HAL/lcd.o ./HAL/led.o ./HAL/ultrasonic.o  ./main.o   
Finished building target: Car_Parking_System.elf
 
Invoking: AVR Create Extended Listing
avr-objdump -h -S Car_Parking_System.elf  >"Car_Parking_System.lss"
Finished building: Car_Parking_System.lss
 
Invoking: Print Size
avr-size --format=avr --mcu=atmega32 Car_Parking_System.elf
AVR Memory Usage
----------------
Device: atmega32

Program:   12654 bytes (38.6% Full)
(.text + .data + .bootloader)

Data:        290 bytes (14.2% Full)
(.data + .bss + .noinit)


Finished building: sizedummy
 
03:29:36 **** Incremental Build of configuration Debug for project Car_Parking_System ****
make all 
Building file: ../HAL/ultrasonic.c
Invoking: AVR Compiler
avr-gcc -Wall -g2 -gstabs -O0 -fpack-struct -fshort-enums -ffunction-sections -fdata-sections -std=gnu99 -funsigned-char -funsigned-bitfields -mmcu=atmega32 -DF_CPU=16000000UL -MMD -MP -MF"HAL/ultrasonic.d" -MT"HAL/ultrasonic.o" -c -o "HAL/ultrasonic.o" "../HAL/ultrasonic.c"
In file included from ../HAL/ultrasonic.c:1:
c:/winavr-20100110/lib/gcc/../../avr/include/avr/delay.h:36:2: warning: #warning "This file has been moved to <util/delay.h>."
In file included from c:/winavr-20100110/lib/gcc/../../avr/include/avr/delay.h:37,
                 from ../HAL/ultrasonic.c:1:
c:/winavr-20100110/lib/gcc/../../avr/include/util/delay.h:90:3: warning: #warning "Compiler optimizations disabled; functions from <util/delay.h> won't work as designed"
Finished building: ../HAL/ultrasonic.c
 
Building target: Car_Parking_System.elf
Invoking: AVR C Linker
avr-gcc -Wl,-Map,Car_Parking_System.map -mmcu=atmega32 -o "Car_Parking_System.elf"  ./MCAL/gpio.o ./MCAL/icu.o  ./HAL/buzzer.o ./HAL/lcd.o ./HAL/led.o ./HAL/ultrasonic.o  ./main.o   
Finished building target: Car_Parking_System.elf
 
Invoking: AVR Create Extended Listing
avr-objdump -h -S Car_Parking_System.elf  >"Car_Parking_System.lss"
Finished building: Car_Parking_System.lss
 
Invoking: Print Size
avr-size --format=avr --mcu=atmega32 Car_Parking_System.elf
AVR Memory Usage
----------------
Device: atmega32

Program:   12650 bytes (38.6% Full)
(.text + .data + .bootloader)

Data:        290 bytes (14.2% Full)
(.data + .bss + .noinit)


Finished building: sizedummy
 
03:30:45 **** Incremental Build of configuration Debug for project Car_Parking_System ****
make all 
Building file: ../HAL/ultrasonic.c
Invoking: AVR Compiler
avr-gcc -Wall -g2 -gstabs -O0 -fpack-struct -fshort-enums -ffunction-sections -fdata-sections -std=gnu99 -funsigned-char -funsigned-bitfields -mmcu=atmega32 -DF_CPU=16000000UL -MMD -MP -MF"HAL/ultrasonic.d" -MT"HAL/ultrasonic.o" -c -o "HAL/ultrasonic.o" "../HAL/ultrasonic.c"
In file included from ../HAL/ultrasonic.c:1:
c:/winavr-20100110/lib/gcc/../../avr/include/avr/delay.h:36:2: warning: #warning "This file has been moved to <util/delay.h>."
In file included from c:/winavr-20100110/lib/gcc/../../avr/include/avr/delay.h:37,
                 from ../HAL/ultrasonic.c:1:
c:/winavr-20100110/lib/gcc/../../avr/include/util/delay.h:90:3: warning: #warning "Compiler optimizations disabled; functions from <util/delay.h> won't work as designed"
Finished building: ../HAL/ultrasonic.c
 
Building target: Car_Parking_System.elf
Invoking: AVR C Linker
avr-gcc -Wl,-Map,Car_Parking_System.map -mmcu=atmega32 -o "Car_Parking_System.elf"  ./MCAL/gpio.o ./MCAL/icu.o  ./HAL/buzzer.o ./HAL/lcd.o ./HAL/led.o ./HAL/ultrasonic.o  ./main.o   
Finished building target: Car_Parking_System.elf
 
Invoking: AVR Create Extended Listing
avr-objdump -h -S Car_Parking_System.elf  >"Car_Parking_System.lss"
Finished building: Car_Parking_System.lss
 
Invoking: Print Size
avr-size --format=avr --mcu=atmega32 Car_Parking_System.elf
AVR Memory Usage
----------------
Device: atmega32

Program:   12642 bytes (38.6% Full)
(.text + .data + .bootloader)

Data:        290 bytes (14.2% Full)
(.data + .bss + .noinit)


Finished building: sizedummy
 
03:31:59 **** Incremental Build of configuration Debug for project Car_Parking_System ****
make all 
Building file: ../HAL/ultrasonic.c
Invoking: AVR Compiler
avr-gcc -Wall -g2 -gstabs -O0 -fpack-struct -fshort-enums -ffunction-sections -fdata-sections -std=gnu99 -funsigned-char -funsigned-bitfields -mmcu=atmega32 -DF_CPU=16000000UL -MMD -MP -MF"HAL/ultrasonic.d" -MT"HAL/ultrasonic.o" -c -o "HAL/ultrasonic.o" "../HAL/ultrasonic.c"
In file included from ../HAL/ultrasonic.c:1:
c:/winavr-20100110/lib/gcc/../../avr/include/avr/delay.h:36:2: warning: #warning "This file has been moved to <util/delay.h>."
In file included from c:/winavr-20100110/lib/gcc/../../avr/include/avr/delay.h:37,
                 from ../HAL/ultrasonic.c:1:
c:/winavr-20100110/lib/gcc/../../avr/include/util/delay.h:90:3: warning: #warning "Compiler optimizations disabled; functions from <util/delay.h> won't work as designed"
Finished building: ../HAL/ultrasonic.c
 
Building target: Car_Parking_System.elf
Invoking: AVR C Linker
avr-gcc -Wl,-Map,Car_Parking_System.map -mmcu=atmega32 -o "Car_Parking_System.elf"  ./MCAL/gpio.o ./MCAL/icu.o  ./HAL/buzzer.o ./HAL/lcd.o ./HAL/led.o ./HAL/ultrasonic.o  ./main.o   
Finished building target: Car_Parking_System.elf
 
Invoking: AVR Create Extended Listing
avr-objdump -h -S Car_Parking_System.elf  >"Car_Parking_System.lss"
Finished building: Car_Parking_System.lss
 
Invoking: Print Size
avr-size --format=avr --mcu=atmega32 Car_Parking_System.elf
AVR Memory Usage
----------------
Device: atmega32

Program:   12644 bytes (38.6% Full)
(.text + .data + .bootloader)

Data:        290 bytes (14.2% Full)
(.data + .bss + .noinit)


Finished building: sizedummy
 
03:45:36 **** Incremental Build of configuration Debug for project Car_Parking_System ****
make all 
Building file: ../MCAL/icu.c
Invoking: AVR Compiler
avr-gcc -Wall -g2 -gstabs -O0 -fpack-struct -fshort-enums -ffunction-sections -fdata-sections -std=gnu99 -funsigned-char -funsigned-bitfields -mmcu=atmega32 -DF_CPU=16000000UL -MMD -MP -MF"MCAL/icu.d" -MT"MCAL/icu.o" -c -o "MCAL/icu.o" "../MCAL/icu.c"
../MCAL/icu.c:10: warning: return type defaults to 'int'
../MCAL/icu.c: In function 'ISR':
../MCAL/icu.c:10: warning: type of '__vector_6' defaults to 'int'
../MCAL/icu.c:15: warning: control reaches end of non-void function
Finished building: ../MCAL/icu.c
 
Building file: ../HAL/ultrasonic.c
Invoking: AVR Compiler
avr-gcc -Wall -g2 -gstabs -O0 -fpack-struct -fshort-enums -ffunction-sections -fdata-sections -std=gnu99 -funsigned-char -funsigned-bitfields -mmcu=atmega32 -DF_CPU=16000000UL -MMD -MP -MF"HAL/ultrasonic.d" -MT"HAL/ultrasonic.o" -c -o "HAL/ultrasonic.o" "../HAL/ultrasonic.c"
In file included from ../HAL/ultrasonic.c:1:
c:/winavr-20100110/lib/gcc/../../avr/include/avr/delay.h:36:2: warning: #warning "This file has been moved to <util/delay.h>."
In file included from c:/winavr-20100110/lib/gcc/../../avr/include/avr/delay.h:37,
                 from ../HAL/ultrasonic.c:1:
c:/winavr-20100110/lib/gcc/../../avr/include/util/delay.h:90:3: warning: #warning "Compiler optimizations disabled; functions from <util/delay.h> won't work as designed"
Finished building: ../HAL/ultrasonic.c
 
Building target: Car_Parking_System.elf
Invoking: AVR C Linker
avr-gcc -Wl,-Map,Car_Parking_System.map -mmcu=atmega32 -o "Car_Parking_System.elf"  ./MCAL/gpio.o ./MCAL/icu.o  ./HAL/buzzer.o ./HAL/lcd.o ./HAL/led.o ./HAL/ultrasonic.o  ./main.o   
Finished building target: Car_Parking_System.elf
 
Invoking: AVR Create Extended Listing
avr-objdump -h -S Car_Parking_System.elf  >"Car_Parking_System.lss"
Finished building: Car_Parking_System.lss
 
Invoking: Print Size
avr-size --format=avr --mcu=atmega32 Car_Parking_System.elf
AVR Memory Usage
----------------
Device: atmega32

Program:   12650 bytes (38.6% Full)
(.text + .data + .bootloader)

Data:        290 bytes (14.2% Full)
(.data + .bss + .noinit)


Finished building: sizedummy
 
03:48:03 **** Incremental Build of configuration Debug for project Car_Parking_System ****
make all 
Building file: ../HAL/ultrasonic.c
Invoking: AVR Compiler
avr-gcc -Wall -g2 -gstabs -O0 -fpack-struct -fshort-enums -ffunction-sections -fdata-sections -std=gnu99 -funsigned-char -funsigned-bitfields -mmcu=atmega32 -DF_CPU=16000000UL -MMD -MP -MF"HAL/ultrasonic.d" -MT"HAL/ultrasonic.o" -c -o "HAL/ultrasonic.o" "../HAL/ultrasonic.c"
In file included from ../HAL/ultrasonic.c:1:
c:/winavr-20100110/lib/gcc/../../avr/include/avr/delay.h:36:2: warning: #warning "This file has been moved to <util/delay.h>."
In file included from c:/winavr-20100110/lib/gcc/../../avr/include/avr/delay.h:37,
                 from ../HAL/ultrasonic.c:1:
c:/winavr-20100110/lib/gcc/../../avr/include/util/delay.h:90:3: warning: #warning "Compiler optimizations disabled; functions from <util/delay.h> won't work as designed"
Finished building: ../HAL/ultrasonic.c
 
Building target: Car_Parking_System.elf
Invoking: AVR C Linker
avr-gcc -Wl,-Map,Car_Parking_System.map -mmcu=atmega32 -o "Car_Parking_System.elf"  ./MCAL/gpio.o ./MCAL/icu.o  ./HAL/buzzer.o ./HAL/lcd.o ./HAL/led.o ./HAL/ultrasonic.o  ./main.o   
Finished building target: Car_Parking_System.elf
 
Invoking: AVR Create Extended Listing
avr-objdump -h -S Car_Parking_System.elf  >"Car_Parking_System.lss"
Finished building: Car_Parking_System.lss
 
Invoking: Print Size
avr-size --format=avr --mcu=atmega32 Car_Parking_System.elf
AVR Memory Usage
----------------
Device: atmega32

Program:   12644 bytes (38.6% Full)
(.text + .data + .bootloader)

Data:        290 bytes (14.2% Full)
(.data + .bss + .noinit)


Finished building: sizedummy
 
03:48:40 **** Incremental Build of configuration Debug for project Car_Parking_System ****
make all 
Building file: ../HAL/ultrasonic.c
Invoking: AVR Compiler
avr-gcc -Wall -g2 -gstabs -O0 -fpack-struct -fshort-enums -ffunction-sections -fdata-sections -std=gnu99 -funsigned-char -funsigned-bitfields -mmcu=atmega32 -DF_CPU=16000000UL -MMD -MP -MF"HAL/ultrasonic.d" -MT"HAL/ultrasonic.o" -c -o "HAL/ultrasonic.o" "../HAL/ultrasonic.c"
In file included from ../HAL/ultrasonic.c:1:
c:/winavr-20100110/lib/gcc/../../avr/include/avr/delay.h:36:2: warning: #warning "This file has been moved to <util/delay.h>."
In file included from c:/winavr-20100110/lib/gcc/../../avr/include/avr/delay.h:37,
                 from ../HAL/ultrasonic.c:1:
c:/winavr-20100110/lib/gcc/../../avr/include/util/delay.h:90:3: warning: #warning "Compiler optimizations disabled; functions from <util/delay.h> won't work as designed"
Finished building: ../HAL/ultrasonic.c
 
Building target: Car_Parking_System.elf
Invoking: AVR C Linker
avr-gcc -Wl,-Map,Car_Parking_System.map -mmcu=atmega32 -o "Car_Parking_System.elf"  ./MCAL/gpio.o ./MCAL/icu.o  ./HAL/buzzer.o ./HAL/lcd.o ./HAL/led.o ./HAL/ultrasonic.o  ./main.o   
Finished building target: Car_Parking_System.elf
 
Invoking: AVR Create Extended Listing
avr-objdump -h -S Car_Parking_System.elf  >"Car_Parking_System.lss"
Finished building: Car_Parking_System.lss
 
Invoking: Print Size
avr-size --format=avr --mcu=atmega32 Car_Parking_System.elf
AVR Memory Usage
----------------
Device: atmega32

Program:   12148 bytes (37.1% Full)
(.text + .data + .bootloader)

Data:        290 bytes (14.2% Full)
(.data + .bss + .noinit)


Finished building: sizedummy
 
03:52:05 **** Incremental Build of configuration Debug for project Car_Parking_System ****
make all 
Building file: ../HAL/ultrasonic.c
Invoking: AVR Compiler
avr-gcc -Wall -g2 -gstabs -O0 -fpack-struct -fshort-enums -ffunction-sections -fdata-sections -std=gnu99 -funsigned-char -funsigned-bitfields -mmcu=atmega32 -DF_CPU=16000000UL -MMD -MP -MF"HAL/ultrasonic.d" -MT"HAL/ultrasonic.o" -c -o "HAL/ultrasonic.o" "../HAL/ultrasonic.c"
In file included from ../HAL/ultrasonic.c:1:
c:/winavr-20100110/lib/gcc/../../avr/include/avr/delay.h:36:2: warning: #warning "This file has been moved to <util/delay.h>."
In file included from c:/winavr-20100110/lib/gcc/../../avr/include/avr/delay.h:37,
                 from ../HAL/ultrasonic.c:1:
c:/winavr-20100110/lib/gcc/../../avr/include/util/delay.h:90:3: warning: #warning "Compiler optimizations disabled; functions from <util/delay.h> won't work as designed"
Finished building: ../HAL/ultrasonic.c
 
Building target: Car_Parking_System.elf
Invoking: AVR C Linker
avr-gcc -Wl,-Map,Car_Parking_System.map -mmcu=atmega32 -o "Car_Parking_System.elf"  ./MCAL/gpio.o ./MCAL/icu.o  ./HAL/buzzer.o ./HAL/lcd.o ./HAL/led.o ./HAL/ultrasonic.o  ./main.o   
Finished building target: Car_Parking_System.elf
 
Invoking: AVR Create Extended Listing
avr-objdump -h -S Car_Parking_System.elf  >"Car_Parking_System.lss"
Finished building: Car_Parking_System.lss
 
Invoking: Print Size
avr-size --format=avr --mcu=atmega32 Car_Parking_System.elf
AVR Memory Usage
----------------
Device: atmega32

Program:   12640 bytes (38.6% Full)
(.text + .data + .bootloader)

Data:        290 bytes (14.2% Full)
(.data + .bss + .noinit)


Finished building: sizedummy
 
03:52:18 **** Incremental Build of configuration Debug for project Car_Parking_System ****
make all 
Building file: ../HAL/ultrasonic.c
Invoking: AVR Compiler
avr-gcc -Wall -g2 -gstabs -O0 -fpack-struct -fshort-enums -ffunction-sections -fdata-sections -std=gnu99 -funsigned-char -funsigned-bitfields -mmcu=atmega32 -DF_CPU=16000000UL -MMD -MP -MF"HAL/ultrasonic.d" -MT"HAL/ultrasonic.o" -c -o "HAL/ultrasonic.o" "../HAL/ultrasonic.c"
In file included from ../HAL/ultrasonic.c:1:
c:/winavr-20100110/lib/gcc/../../avr/include/avr/delay.h:36:2: warning: #warning "This file has been moved to <util/delay.h>."
In file included from c:/winavr-20100110/lib/gcc/../../avr/include/avr/delay.h:37,
                 from ../HAL/ultrasonic.c:1:
c:/winavr-20100110/lib/gcc/../../avr/include/util/delay.h:90:3: warning: #warning "Compiler optimizations disabled; functions from <util/delay.h> won't work as designed"
Finished building: ../HAL/ultrasonic.c
 
Building target: Car_Parking_System.elf
Invoking: AVR C Linker
avr-gcc -Wl,-Map,Car_Parking_System.map -mmcu=atmega32 -o "Car_Parking_System.elf"  ./MCAL/gpio.o ./MCAL/icu.o  ./HAL/buzzer.o ./HAL/lcd.o ./HAL/led.o ./HAL/ultrasonic.o  ./main.o   
Finished building target: Car_Parking_System.elf
 
Invoking: AVR Create Extended Listing
avr-objdump -h -S Car_Parking_System.elf  >"Car_Parking_System.lss"
Finished building: Car_Parking_System.lss
 
Invoking: Print Size
avr-size --format=avr --mcu=atmega32 Car_Parking_System.elf
AVR Memory Usage
----------------
Device: atmega32

Program:   12646 bytes (38.6% Full)
(.text + .data + .bootloader)

Data:        290 bytes (14.2% Full)
(.data + .bss + .noinit)


Finished building: sizedummy
 
12:04:36 **** Incremental Build of configuration Debug for project Car_Parking_System ****
make all 
Invoking: Print Size
avr-size --format=avr --mcu=atmega32 Car_Parking_System.elf
AVR Memory Usage
----------------
Device: atmega32

Program:   12646 bytes (38.6% Full)
(.text + .data + .bootloader)

Data:        290 bytes (14.2% Full)
(.data + .bss + .noinit)


Finished building: sizedummy
 
12:05:00 **** Incremental Build of configuration Debug for project Car_Parking_System ****
make all 
Invoking: Print Size
avr-size --format=avr --mcu=atmega32 Car_Parking_System.elf
AVR Memory Usage
----------------
Device: atmega32

Program:   12646 bytes (38.6% Full)
(.text + .data + .bootloader)

Data:        290 bytes (14.2% Full)
(.data + .bss + .noinit)


Finished building: sizedummy
 
12:06:56 **** Incremental Build of configuration Debug for project Car_Parking_System ****
make all 
Building file: ../HAL/ultrasonic.c
Invoking: AVR Compiler
avr-gcc -Wall -g2 -gstabs -O0 -fpack-struct -fshort-enums -ffunction-sections -fdata-sections -std=gnu99 -funsigned-char -funsigned-bitfields -mmcu=atmega32 -DF_CPU=16000000UL -MMD -MP -MF"HAL/ultrasonic.d" -MT"HAL/ultrasonic.o" -c -o "HAL/ultrasonic.o" "../HAL/ultrasonic.c"
In file included from ../HAL/ultrasonic.c:1:
c:/winavr-20100110/lib/gcc/../../avr/include/avr/delay.h:36:2: warning: #warning "This file has been moved to <util/delay.h>."
In file included from c:/winavr-20100110/lib/gcc/../../avr/include/avr/delay.h:37,
                 from ../HAL/ultrasonic.c:1:
c:/winavr-20100110/lib/gcc/../../avr/include/util/delay.h:90:3: warning: #warning "Compiler optimizations disabled; functions from <util/delay.h> won't work as designed"
Finished building: ../HAL/ultrasonic.c
 
Building target: Car_Parking_System.elf
Invoking: AVR C Linker
avr-gcc -Wl,-Map,Car_Parking_System.map -mmcu=atmega32 -o "Car_Parking_System.elf"  ./MCAL/gpio.o ./MCAL/icu.o  ./HAL/buzzer.o ./HAL/lcd.o ./HAL/led.o ./HAL/ultrasonic.o  ./main.o   
Finished building target: Car_Parking_System.elf
 
Invoking: AVR Create Extended Listing
avr-objdump -h -S Car_Parking_System.elf  >"Car_Parking_System.lss"
Finished building: Car_Parking_System.lss
 
Invoking: Print Size
avr-size --format=avr --mcu=atmega32 Car_Parking_System.elf
AVR Memory Usage
----------------
Device: atmega32

Program:   12646 bytes (38.6% Full)
(.text + .data + .bootloader)

Data:        290 bytes (14.2% Full)
(.data + .bss + .noinit)


Finished building: sizedummy
 
12:08:11 **** Incremental Build of configuration Debug for project Car_Parking_System ****
make all 
Building file: ../HAL/ultrasonic.c
Invoking: AVR Compiler
avr-gcc -Wall -g2 -gstabs -O0 -fpack-struct -fshort-enums -ffunction-sections -fdata-sections -std=gnu99 -funsigned-char -funsigned-bitfields -mmcu=atmega32 -DF_CPU=16000000UL -MMD -MP -MF"HAL/ultrasonic.d" -MT"HAL/ultrasonic.o" -c -o "HAL/ultrasonic.o" "../HAL/ultrasonic.c"
In file included from ../HAL/ultrasonic.c:1:
c:/winavr-20100110/lib/gcc/../../avr/include/avr/delay.h:36:2: warning: #warning "This file has been moved to <util/delay.h>."
In file included from c:/winavr-20100110/lib/gcc/../../avr/include/avr/delay.h:37,
                 from ../HAL/ultrasonic.c:1:
c:/winavr-20100110/lib/gcc/../../avr/include/util/delay.h:90:3: warning: #warning "Compiler optimizations disabled; functions from <util/delay.h> won't work as designed"
Finished building: ../HAL/ultrasonic.c
 
Building target: Car_Parking_System.elf
Invoking: AVR C Linker
avr-gcc -Wl,-Map,Car_Parking_System.map -mmcu=atmega32 -o "Car_Parking_System.elf"  ./MCAL/gpio.o ./MCAL/icu.o  ./HAL/buzzer.o ./HAL/lcd.o ./HAL/led.o ./HAL/ultrasonic.o  ./main.o   
Finished building target: Car_Parking_System.elf
 
Invoking: AVR Create Extended Listing
avr-objdump -h -S Car_Parking_System.elf  >"Car_Parking_System.lss"
Finished building: Car_Parking_System.lss
 
Invoking: Print Size
avr-size --format=avr --mcu=atmega32 Car_Parking_System.elf
AVR Memory Usage
----------------
Device: atmega32

Program:   12646 bytes (38.6% Full)
(.text + .data + .bootloader)

Data:        290 bytes (14.2% Full)
(.data + .bss + .noinit)


Finished building: sizedummy
 
12:09:29 **** Incremental Build of configuration Debug for project Car_Parking_System ****
make all 
Building file: ../HAL/ultrasonic.c
Invoking: AVR Compiler
avr-gcc -Wall -g2 -gstabs -O0 -fpack-struct -fshort-enums -ffunction-sections -fdata-sections -std=gnu99 -funsigned-char -funsigned-bitfields -mmcu=atmega32 -DF_CPU=16000000UL -MMD -MP -MF"HAL/ultrasonic.d" -MT"HAL/ultrasonic.o" -c -o "HAL/ultrasonic.o" "../HAL/ultrasonic.c"
In file included from ../HAL/ultrasonic.c:2:
c:/winavr-20100110/lib/gcc/../../avr/include/avr/delay.h:36:2: warning: #warning "This file has been moved to <util/delay.h>."
In file included from c:/winavr-20100110/lib/gcc/../../avr/include/avr/delay.h:37,
                 from ../HAL/ultrasonic.c:2:
c:/winavr-20100110/lib/gcc/../../avr/include/util/delay.h:90:3: warning: #warning "Compiler optimizations disabled; functions from <util/delay.h> won't work as designed"
Finished building: ../HAL/ultrasonic.c
 
Building file: ../main.c
Invoking: AVR Compiler
avr-gcc -Wall -g2 -gstabs -O0 -fpack-struct -fshort-enums -ffunction-sections -fdata-sections -std=gnu99 -funsigned-char -funsigned-bitfields -mmcu=atmega32 -DF_CPU=16000000UL -MMD -MP -MF"main.d" -MT"main.o" -c -o "main.o" "../main.c"
In file included from ../main.c:2:
c:/winavr-20100110/lib/gcc/../../avr/include/avr/delay.h:36:2: warning: #warning "This file has been moved to <util/delay.h>."
In file included from c:/winavr-20100110/lib/gcc/../../avr/include/avr/delay.h:37,
                 from ../main.c:2:
c:/winavr-20100110/lib/gcc/../../avr/include/util/delay.h:90:3: warning: #warning "Compiler optimizations disabled; functions from <util/delay.h> won't work as designed"
Finished building: ../main.c
 
Building target: Car_Parking_System.elf
Invoking: AVR C Linker
avr-gcc -Wl,-Map,Car_Parking_System.map -mmcu=atmega32 -o "Car_Parking_System.elf"  ./MCAL/gpio.o ./MCAL/icu.o  ./HAL/buzzer.o ./HAL/lcd.o ./HAL/led.o ./HAL/ultrasonic.o  ./main.o   
Finished building target: Car_Parking_System.elf
 
Invoking: AVR Create Extended Listing
avr-objdump -h -S Car_Parking_System.elf  >"Car_Parking_System.lss"
Finished building: Car_Parking_System.lss
 
Invoking: Print Size
avr-size --format=avr --mcu=atmega32 Car_Parking_System.elf
AVR Memory Usage
----------------
Device: atmega32

Program:   12646 bytes (38.6% Full)
(.text + .data + .bootloader)

Data:        290 bytes (14.2% Full)
(.data + .bss + .noinit)


Finished building: sizedummy
 
12:09:40 **** Incremental Build of configuration Debug for project Car_Parking_System ****
make all 
Building file: ../HAL/ultrasonic.c
Invoking: AVR Compiler
avr-gcc -Wall -g2 -gstabs -O0 -fpack-struct -fshort-enums -ffunction-sections -fdata-sections -std=gnu99 -funsigned-char -funsigned-bitfields -mmcu=atmega32 -DF_CPU=16000000UL -MMD -MP -MF"HAL/ultrasonic.d" -MT"HAL/ultrasonic.o" -c -o "HAL/ultrasonic.o" "../HAL/ultrasonic.c"
In file included from ../HAL/ultrasonic.c:2:
c:/winavr-20100110/lib/gcc/../../avr/include/avr/delay.h:36:2: warning: #warning "This file has been moved to <util/delay.h>."
In file included from c:/winavr-20100110/lib/gcc/../../avr/include/avr/delay.h:37,
                 from ../HAL/ultrasonic.c:2:
c:/winavr-20100110/lib/gcc/../../avr/include/util/delay.h:90:3: warning: #warning "Compiler optimizations disabled; functions from <util/delay.h> won't work as designed"
Finished building: ../HAL/ultrasonic.c
 
Building target: Car_Parking_System.elf
Invoking: AVR C Linker
avr-gcc -Wl,-Map,Car_Parking_System.map -mmcu=atmega32 -o "Car_Parking_System.elf"  ./MCAL/gpio.o ./MCAL/icu.o  ./HAL/buzzer.o ./HAL/lcd.o ./HAL/led.o ./HAL/ultrasonic.o  ./main.o   
Finished building target: Car_Parking_System.elf
 
Invoking: AVR Create Extended Listing
avr-objdump -h -S Car_Parking_System.elf  >"Car_Parking_System.lss"
Finished building: Car_Parking_System.lss
 
Invoking: Print Size
avr-size --format=avr --mcu=atmega32 Car_Parking_System.elf
AVR Memory Usage
----------------
Device: atmega32

Program:   12646 bytes (38.6% Full)
(.text + .data + .bootloader)

Data:        290 bytes (14.2% Full)
(.data + .bss + .noinit)


Finished building: sizedummy
 
12:11:20 **** Incremental Build of configuration Debug for project Car_Parking_System ****
make all 
Building file: ../MCAL/icu.c
Invoking: AVR Compiler
avr-gcc -Wall -g2 -gstabs -O0 -fpack-struct -fshort-enums -ffunction-sections -fdata-sections -std=gnu99 -funsigned-char -funsigned-bitfields -mmcu=atmega32 -DF_CPU=16000000UL -MMD -MP -MF"MCAL/icu.d" -MT"MCAL/icu.o" -c -o "MCAL/icu.o" "../MCAL/icu.c"
../MCAL/icu.c:10: warning: return type defaults to 'int'
../MCAL/icu.c: In function 'ISR':
../MCAL/icu.c:10: warning: type of '__vector_6' defaults to 'int'
../MCAL/icu.c:16: warning: control reaches end of non-void function
Finished building: ../MCAL/icu.c
 
Building file: ../HAL/ultrasonic.c
Invoking: AVR Compiler
avr-gcc -Wall -g2 -gstabs -O0 -fpack-struct -fshort-enums -ffunction-sections -fdata-sections -std=gnu99 -funsigned-char -funsigned-bitfields -mmcu=atmega32 -DF_CPU=16000000UL -MMD -MP -MF"HAL/ultrasonic.d" -MT"HAL/ultrasonic.o" -c -o "HAL/ultrasonic.o" "../HAL/ultrasonic.c"
In file included from ../HAL/ultrasonic.c:2:
c:/winavr-20100110/lib/gcc/../../avr/include/avr/delay.h:36:2: warning: #warning "This file has been moved to <util/delay.h>."
In file included from c:/winavr-20100110/lib/gcc/../../avr/include/avr/delay.h:37,
                 from ../HAL/ultrasonic.c:2:
c:/winavr-20100110/lib/gcc/../../avr/include/util/delay.h:90:3: warning: #warning "Compiler optimizations disabled; functions from <util/delay.h> won't work as designed"
Finished building: ../HAL/ultrasonic.c
 
Building file: ../main.c
Invoking: AVR Compiler
avr-gcc -Wall -g2 -gstabs -O0 -fpack-struct -fshort-enums -ffunction-sections -fdata-sections -std=gnu99 -funsigned-char -funsigned-bitfields -mmcu=atmega32 -DF_CPU=16000000UL -MMD -MP -MF"main.d" -MT"main.o" -c -o "main.o" "../main.c"
In file included from ../main.c:2:
c:/winavr-20100110/lib/gcc/../../avr/include/avr/delay.h:36:2: warning: #warning "This file has been moved to <util/delay.h>."
In file included from c:/winavr-20100110/lib/gcc/../../avr/include/avr/delay.h:37,
                 from ../main.c:2:
c:/winavr-20100110/lib/gcc/../../avr/include/util/delay.h:90:3: warning: #warning "Compiler optimizations disabled; functions from <util/delay.h> won't work as designed"
Finished building: ../main.c
 
Building target: Car_Parking_System.elf
Invoking: AVR C Linker
avr-gcc -Wl,-Map,Car_Parking_System.map -mmcu=atmega32 -o "Car_Parking_System.elf"  ./MCAL/gpio.o ./MCAL/icu.o  ./HAL/buzzer.o ./HAL/lcd.o ./HAL/led.o ./HAL/ultrasonic.o  ./main.o   
Finished building target: Car_Parking_System.elf
 
Invoking: AVR Create Extended Listing
avr-objdump -h -S Car_Parking_System.elf  >"Car_Parking_System.lss"
Finished building: Car_Parking_System.lss
 
Invoking: Print Size
avr-size --format=avr --mcu=atmega32 Car_Parking_System.elf
AVR Memory Usage
----------------
Device: atmega32

Program:   12656 bytes (38.6% Full)
(.text + .data + .bootloader)

Data:        290 bytes (14.2% Full)
(.data + .bss + .noinit)


Finished building: sizedummy
 
12:11:28 **** Incremental Build of configuration Debug for project Car_Parking_System ****
make all 
Building file: ../HAL/ultrasonic.c
Invoking: AVR Compiler
avr-gcc -Wall -g2 -gstabs -O0 -fpack-struct -fshort-enums -ffunction-sections -fdata-sections -std=gnu99 -funsigned-char -funsigned-bitfields -mmcu=atmega32 -DF_CPU=16000000UL -MMD -MP -MF"HAL/ultrasonic.d" -MT"HAL/ultrasonic.o" -c -o "HAL/ultrasonic.o" "../HAL/ultrasonic.c"
In file included from ../HAL/ultrasonic.c:2:
c:/winavr-20100110/lib/gcc/../../avr/include/avr/delay.h:36:2: warning: #warning "This file has been moved to <util/delay.h>."
In file included from c:/winavr-20100110/lib/gcc/../../avr/include/avr/delay.h:37,
                 from ../HAL/ultrasonic.c:2:
c:/winavr-20100110/lib/gcc/../../avr/include/util/delay.h:90:3: warning: #warning "Compiler optimizations disabled; functions from <util/delay.h> won't work as designed"
Finished building: ../HAL/ultrasonic.c
 
Building target: Car_Parking_System.elf
Invoking: AVR C Linker
avr-gcc -Wl,-Map,Car_Parking_System.map -mmcu=atmega32 -o "Car_Parking_System.elf"  ./MCAL/gpio.o ./MCAL/icu.o  ./HAL/buzzer.o ./HAL/lcd.o ./HAL/led.o ./HAL/ultrasonic.o  ./main.o   
Finished building target: Car_Parking_System.elf
 
Invoking: AVR Create Extended Listing
avr-objdump -h -S Car_Parking_System.elf  >"Car_Parking_System.lss"
Finished building: Car_Parking_System.lss
 
Invoking: Print Size
avr-size --format=avr --mcu=atmega32 Car_Parking_System.elf
AVR Memory Usage
----------------
Device: atmega32

Program:   12656 bytes (38.6% Full)
(.text + .data + .bootloader)

Data:        290 bytes (14.2% Full)
(.data + .bss + .noinit)


Finished building: sizedummy
 
12:11:38 **** Incremental Build of configuration Debug for project Car_Parking_System ****
make all 
Invoking: Print Size
avr-size --format=avr --mcu=atmega32 Car_Parking_System.elf
AVR Memory Usage
----------------
Device: atmega32

Program:   12656 bytes (38.6% Full)
(.text + .data + .bootloader)

Data:        290 bytes (14.2% Full)
(.data + .bss + .noinit)


Finished building: sizedummy
 
12:18:31 **** Incremental Build of configuration Debug for project Car_Parking_System ****
make all 
Building file: ../MCAL/icu.c
Invoking: AVR Compiler
avr-gcc -Wall -g2 -gstabs -O0 -fpack-struct -fshort-enums -ffunction-sections -fdata-sections -std=gnu99 -funsigned-char -funsigned-bitfields -mmcu=atmega32 -DF_CPU=16000000UL -MMD -MP -MF"MCAL/icu.d" -MT"MCAL/icu.o" -c -o "MCAL/icu.o" "../MCAL/icu.c"
../MCAL/icu.c:18: warning: return type defaults to 'int'
../MCAL/icu.c: In function 'ISR':
../MCAL/icu.c:18: warning: type of '__vector_6' defaults to 'int'
../MCAL/icu.c:24: warning: control reaches end of non-void function
../MCAL/icu.c: In function 'ICU_setCallBack':
../MCAL/icu.c:70: warning: function return types not compatible due to 'volatile'
Finished building: ../MCAL/icu.c
 
Building target: Car_Parking_System.elf
Invoking: AVR C Linker
avr-gcc -Wl,-Map,Car_Parking_System.map -mmcu=atmega32 -o "Car_Parking_System.elf"  ./MCAL/gpio.o ./MCAL/icu.o  ./HAL/buzzer.o ./HAL/lcd.o ./HAL/led.o ./HAL/ultrasonic.o  ./main.o   
Finished building target: Car_Parking_System.elf
 
Invoking: AVR Create Extended Listing
avr-objdump -h -S Car_Parking_System.elf  >"Car_Parking_System.lss"
Finished building: Car_Parking_System.lss
 
Invoking: Print Size
avr-size --format=avr --mcu=atmega32 Car_Parking_System.elf
AVR Memory Usage
----------------
Device: atmega32

Program:   12662 bytes (38.6% Full)
(.text + .data + .bootloader)

Data:        290 bytes (14.2% Full)
(.data + .bss + .noinit)


Finished building: sizedummy
 
12:20:04 **** Incremental Build of configuration Debug for project Car_Parking_System ****
make all 
Invoking: Print Size
avr-size --format=avr --mcu=atmega32 Car_Parking_System.elf
AVR Memory Usage
----------------
Device: atmega32

Program:   12662 bytes (38.6% Full)
(.text + .data + .bootloader)

Data:        290 bytes (14.2% Full)
(.data + .bss + .noinit)


Finished building: sizedummy
 
12:24:38 **** Incremental Build of configuration Debug for project Car_Parking_System ****
make all 
Building file: ../MCAL/icu.c
Invoking: AVR Compiler
avr-gcc -Wall -g2 -gstabs -O0 -fpack-struct -fshort-enums -ffunction-sections -fdata-sections -std=gnu99 -funsigned-char -funsigned-bitfields -mmcu=atmega32 -DF_CPU=16000000UL -MMD -MP -MF"MCAL/icu.d" -MT"MCAL/icu.o" -c -o "MCAL/icu.o" "../MCAL/icu.c"
../MCAL/icu.c:10: warning: return type defaults to 'int'
../MCAL/icu.c: In function 'ISR':
../MCAL/icu.c:10: warning: type of '__vector_6' defaults to 'int'
../MCAL/icu.c:16: warning: control reaches end of non-void function
Finished building: ../MCAL/icu.c
 
Building target: Car_Parking_System.elf
Invoking: AVR C Linker
avr-gcc -Wl,-Map,Car_Parking_System.map -mmcu=atmega32 -o "Car_Parking_System.elf"  ./MCAL/gpio.o ./MCAL/icu.o  ./HAL/buzzer.o ./HAL/lcd.o ./HAL/led.o ./HAL/ultrasonic.o  ./main.o   
Finished building target: Car_Parking_System.elf
 
Invoking: AVR Create Extended Listing
avr-objdump -h -S Car_Parking_System.elf  >"Car_Parking_System.lss"
Finished building: Car_Parking_System.lss
 
Invoking: Print Size
avr-size --format=avr --mcu=atmega32 Car_Parking_System.elf
AVR Memory Usage
----------------
Device: atmega32

Program:   12656 bytes (38.6% Full)
(.text + .data + .bootloader)

Data:        290 bytes (14.2% Full)
(.data + .bss + .noinit)


Finished building: sizedummy
 
12:25:33 **** Incremental Build of configuration Debug for project Car_Parking_System ****
make all 
Building file: ../HAL/led.c
Invoking: AVR Compiler
avr-gcc -Wall -g2 -gstabs -O0 -fpack-struct -fshort-enums -ffunction-sections -fdata-sections -std=gnu99 -funsigned-char -funsigned-bitfields -mmcu=atmega32 -DF_CPU=16000000UL -MMD -MP -MF"HAL/led.d" -MT"HAL/led.o" -c -o "HAL/led.o" "../HAL/led.c"
Finished building: ../HAL/led.c
 
Building file: ../main.c
Invoking: AVR Compiler
avr-gcc -Wall -g2 -gstabs -O0 -fpack-struct -fshort-enums -ffunction-sections -fdata-sections -std=gnu99 -funsigned-char -funsigned-bitfields -mmcu=atmega32 -DF_CPU=16000000UL -MMD -MP -MF"main.d" -MT"main.o" -c -o "main.o" "../main.c"
In file included from ../main.c:2:
c:/winavr-20100110/lib/gcc/../../avr/include/avr/delay.h:36:2: warning: #warning "This file has been moved to <util/delay.h>."
In file included from c:/winavr-20100110/lib/gcc/../../avr/include/avr/delay.h:37,
                 from ../main.c:2:
c:/winavr-20100110/lib/gcc/../../avr/include/util/delay.h:90:3: warning: #warning "Compiler optimizations disabled; functions from <util/delay.h> won't work as designed"
Finished building: ../main.c
 
Building target: Car_Parking_System.elf
Invoking: AVR C Linker
avr-gcc -Wl,-Map,Car_Parking_System.map -mmcu=atmega32 -o "Car_Parking_System.elf"  ./MCAL/gpio.o ./MCAL/icu.o  ./HAL/buzzer.o ./HAL/lcd.o ./HAL/led.o ./HAL/ultrasonic.o  ./main.o   
Finished building target: Car_Parking_System.elf
 
Invoking: AVR Create Extended Listing
avr-objdump -h -S Car_Parking_System.elf  >"Car_Parking_System.lss"
Finished building: Car_Parking_System.lss
 
Invoking: Print Size
avr-size --format=avr --mcu=atmega32 Car_Parking_System.elf
AVR Memory Usage
----------------
Device: atmega32

Program:   12656 bytes (38.6% Full)
(.text + .data + .bootloader)

Data:        290 bytes (14.2% Full)
(.data + .bss + .noinit)


Finished building: sizedummy
 
12:25:52 **** Incremental Build of configuration Debug for project Car_Parking_System ****
make all 
Building file: ../HAL/buzzer.c
Invoking: AVR Compiler
avr-gcc -Wall -g2 -gstabs -O0 -fpack-struct -fshort-enums -ffunction-sections -fdata-sections -std=gnu99 -funsigned-char -funsigned-bitfields -mmcu=atmega32 -DF_CPU=16000000UL -MMD -MP -MF"HAL/buzzer.d" -MT"HAL/buzzer.o" -c -o "HAL/buzzer.o" "../HAL/buzzer.c"
Finished building: ../HAL/buzzer.c
 
Building file: ../HAL/led.c
Invoking: AVR Compiler
avr-gcc -Wall -g2 -gstabs -O0 -fpack-struct -fshort-enums -ffunction-sections -fdata-sections -std=gnu99 -funsigned-char -funsigned-bitfields -mmcu=atmega32 -DF_CPU=16000000UL -MMD -MP -MF"HAL/led.d" -MT"HAL/led.o" -c -o "HAL/led.o" "../HAL/led.c"
Finished building: ../HAL/led.c
 
Building file: ../main.c
Invoking: AVR Compiler
avr-gcc -Wall -g2 -gstabs -O0 -fpack-struct -fshort-enums -ffunction-sections -fdata-sections -std=gnu99 -funsigned-char -funsigned-bitfields -mmcu=atmega32 -DF_CPU=16000000UL -MMD -MP -MF"main.d" -MT"main.o" -c -o "main.o" "../main.c"
In file included from ../main.c:2:
c:/winavr-20100110/lib/gcc/../../avr/include/avr/delay.h:36:2: warning: #warning "This file has been moved to <util/delay.h>."
In file included from c:/winavr-20100110/lib/gcc/../../avr/include/avr/delay.h:37,
                 from ../main.c:2:
c:/winavr-20100110/lib/gcc/../../avr/include/util/delay.h:90:3: warning: #warning "Compiler optimizations disabled; functions from <util/delay.h> won't work as designed"
Finished building: ../main.c
 
Building target: Car_Parking_System.elf
Invoking: AVR C Linker
avr-gcc -Wl,-Map,Car_Parking_System.map -mmcu=atmega32 -o "Car_Parking_System.elf"  ./MCAL/gpio.o ./MCAL/icu.o  ./HAL/buzzer.o ./HAL/lcd.o ./HAL/led.o ./HAL/ultrasonic.o  ./main.o   
Finished building target: Car_Parking_System.elf
 
Invoking: AVR Create Extended Listing
avr-objdump -h -S Car_Parking_System.elf  >"Car_Parking_System.lss"
Finished building: Car_Parking_System.lss
 
Invoking: Print Size
avr-size --format=avr --mcu=atmega32 Car_Parking_System.elf
AVR Memory Usage
----------------
Device: atmega32

Program:   12656 bytes (38.6% Full)
(.text + .data + .bootloader)

Data:        290 bytes (14.2% Full)
(.data + .bss + .noinit)


Finished building: sizedummy
 
12:27:04 **** Incremental Build of configuration Debug for project Car_Parking_System ****
make all 
Building file: ../HAL/ultrasonic.c
Invoking: AVR Compiler
avr-gcc -Wall -g2 -gstabs -O0 -fpack-struct -fshort-enums -ffunction-sections -fdata-sections -std=gnu99 -funsigned-char -funsigned-bitfields -mmcu=atmega32 -DF_CPU=16000000UL -MMD -MP -MF"HAL/ultrasonic.d" -MT"HAL/ultrasonic.o" -c -o "HAL/ultrasonic.o" "../HAL/ultrasonic.c"
In file included from ../HAL/ultrasonic.c:2:
c:/winavr-20100110/lib/gcc/../../avr/include/avr/delay.h:36:2: warning: #warning "This file has been moved to <util/delay.h>."
In file included from c:/winavr-20100110/lib/gcc/../../avr/include/avr/delay.h:37,
                 from ../HAL/ultrasonic.c:2:
c:/winavr-20100110/lib/gcc/../../avr/include/util/delay.h:90:3: warning: #warning "Compiler optimizations disabled; functions from <util/delay.h> won't work as designed"
Finished building: ../HAL/ultrasonic.c
 
Building target: Car_Parking_System.elf
Invoking: AVR C Linker
avr-gcc -Wl,-Map,Car_Parking_System.map -mmcu=atmega32 -o "Car_Parking_System.elf"  ./MCAL/gpio.o ./MCAL/icu.o  ./HAL/buzzer.o ./HAL/lcd.o ./HAL/led.o ./HAL/ultrasonic.o  ./main.o   
Finished building target: Car_Parking_System.elf
 
Invoking: AVR Create Extended Listing
avr-objdump -h -S Car_Parking_System.elf  >"Car_Parking_System.lss"
Finished building: Car_Parking_System.lss
 
Invoking: Print Size
avr-size --format=avr --mcu=atmega32 Car_Parking_System.elf
AVR Memory Usage
----------------
Device: atmega32

Program:   12648 bytes (38.6% Full)
(.text + .data + .bootloader)

Data:        290 bytes (14.2% Full)
(.data + .bss + .noinit)


Finished building: sizedummy
 
12:29:56 **** Incremental Build of configuration Debug for project Car_Parking_System ****
make all 
Building file: ../MCAL/icu.c
Invoking: AVR Compiler
avr-gcc -Wall -g2 -gstabs -O0 -fpack-struct -fshort-enums -ffunction-sections -fdata-sections -std=gnu99 -funsigned-char -funsigned-bitfields -mmcu=atmega32 -DF_CPU=16000000UL -MMD -MP -MF"MCAL/icu.d" -MT"MCAL/icu.o" -c -o "MCAL/icu.o" "../MCAL/icu.c"
../MCAL/icu.c:10: warning: return type defaults to 'int'
../MCAL/icu.c: In function 'ISR':
../MCAL/icu.c:10: warning: type of '__vector_6' defaults to 'int'
../MCAL/icu.c:16: warning: control reaches end of non-void function
Finished building: ../MCAL/icu.c
 
Building target: Car_Parking_System.elf
Invoking: AVR C Linker
avr-gcc -Wl,-Map,Car_Parking_System.map -mmcu=atmega32 -o "Car_Parking_System.elf"  ./MCAL/gpio.o ./MCAL/icu.o  ./HAL/buzzer.o ./HAL/lcd.o ./HAL/led.o ./HAL/ultrasonic.o  ./main.o   
Finished building target: Car_Parking_System.elf
 
Invoking: AVR Create Extended Listing
avr-objdump -h -S Car_Parking_System.elf  >"Car_Parking_System.lss"
Finished building: Car_Parking_System.lss
 
Invoking: Print Size
avr-size --format=avr --mcu=atmega32 Car_Parking_System.elf
AVR Memory Usage
----------------
Device: atmega32

Program:   12648 bytes (38.6% Full)
(.text + .data + .bootloader)

Data:        290 bytes (14.2% Full)
(.data + .bss + .noinit)


Finished building: sizedummy
 
12:30:23 **** Incremental Build of configuration Debug for project Car_Parking_System ****
make all 
Building file: ../MCAL/icu.c
Invoking: AVR Compiler
avr-gcc -Wall -g2 -gstabs -O0 -fpack-struct -fshort-enums -ffunction-sections -fdata-sections -std=gnu99 -funsigned-char -funsigned-bitfields -mmcu=atmega32 -DF_CPU=16000000UL -MMD -MP -MF"MCAL/icu.d" -MT"MCAL/icu.o" -c -o "MCAL/icu.o" "../MCAL/icu.c"
../MCAL/icu.c:10: warning: return type defaults to 'int'
../MCAL/icu.c: In function 'ISR':
../MCAL/icu.c:10: warning: type of '__vector_6' defaults to 'int'
../MCAL/icu.c:15: warning: control reaches end of non-void function
Finished building: ../MCAL/icu.c
 
Building file: ../main.c
Invoking: AVR Compiler
avr-gcc -Wall -g2 -gstabs -O0 -fpack-struct -fshort-enums -ffunction-sections -fdata-sections -std=gnu99 -funsigned-char -funsigned-bitfields -mmcu=atmega32 -DF_CPU=16000000UL -MMD -MP -MF"main.d" -MT"main.o" -c -o "main.o" "../main.c"
In file included from ../main.c:2:
c:/winavr-20100110/lib/gcc/../../avr/include/avr/delay.h:36:2: warning: #warning "This file has been moved to <util/delay.h>."
In file included from c:/winavr-20100110/lib/gcc/../../avr/include/avr/delay.h:37,
                 from ../main.c:2:
c:/winavr-20100110/lib/gcc/../../avr/include/util/delay.h:90:3: warning: #warning "Compiler optimizations disabled; functions from <util/delay.h> won't work as designed"
Finished building: ../main.c
 
Building target: Car_Parking_System.elf
Invoking: AVR C Linker
avr-gcc -Wl,-Map,Car_Parking_System.map -mmcu=atmega32 -o "Car_Parking_System.elf"  ./MCAL/gpio.o ./MCAL/icu.o  ./HAL/buzzer.o ./HAL/lcd.o ./HAL/led.o ./HAL/ultrasonic.o  ./main.o   
Finished building target: Car_Parking_System.elf
 
Invoking: AVR Create Extended Listing
avr-objdump -h -S Car_Parking_System.elf  >"Car_Parking_System.lss"
Finished building: Car_Parking_System.lss
 
Invoking: Print Size
avr-size --format=avr --mcu=atmega32 Car_Parking_System.elf
AVR Memory Usage
----------------
Device: atmega32

Program:   12648 bytes (38.6% Full)
(.text + .data + .bootloader)

Data:        290 bytes (14.2% Full)
(.data + .bss + .noinit)


Finished building: sizedummy
 
12:30:36 **** Incremental Build of configuration Debug for project Car_Parking_System ****
make all 
Building file: ../MCAL/icu.c
Invoking: AVR Compiler
avr-gcc -Wall -g2 -gstabs -O0 -fpack-struct -fshort-enums -ffunction-sections -fdata-sections -std=gnu99 -funsigned-char -funsigned-bitfields -mmcu=atmega32 -DF_CPU=16000000UL -MMD -MP -MF"MCAL/icu.d" -MT"MCAL/icu.o" -c -o "MCAL/icu.o" "../MCAL/icu.c"
../MCAL/icu.c:10: warning: return type defaults to 'int'
../MCAL/icu.c: In function 'ISR':
../MCAL/icu.c:10: warning: type of '__vector_6' defaults to 'int'
../MCAL/icu.c:16: warning: control reaches end of non-void function
Finished building: ../MCAL/icu.c
 
Building file: ../main.c
Invoking: AVR Compiler
avr-gcc -Wall -g2 -gstabs -O0 -fpack-struct -fshort-enums -ffunction-sections -fdata-sections -std=gnu99 -funsigned-char -funsigned-bitfields -mmcu=atmega32 -DF_CPU=16000000UL -MMD -MP -MF"main.d" -MT"main.o" -c -o "main.o" "../main.c"
In file included from ../main.c:2:
c:/winavr-20100110/lib/gcc/../../avr/include/avr/delay.h:36:2: warning: #warning "This file has been moved to <util/delay.h>."
In file included from c:/winavr-20100110/lib/gcc/../../avr/include/avr/delay.h:37,
                 from ../main.c:2:
c:/winavr-20100110/lib/gcc/../../avr/include/util/delay.h:90:3: warning: #warning "Compiler optimizations disabled; functions from <util/delay.h> won't work as designed"
Finished building: ../main.c
 
Building target: Car_Parking_System.elf
Invoking: AVR C Linker
avr-gcc -Wl,-Map,Car_Parking_System.map -mmcu=atmega32 -o "Car_Parking_System.elf"  ./MCAL/gpio.o ./MCAL/icu.o  ./HAL/buzzer.o ./HAL/lcd.o ./HAL/led.o ./HAL/ultrasonic.o  ./main.o   
Finished building target: Car_Parking_System.elf
 
Invoking: AVR Create Extended Listing
avr-objdump -h -S Car_Parking_System.elf  >"Car_Parking_System.lss"
Finished building: Car_Parking_System.lss
 
Invoking: Print Size
avr-size --format=avr --mcu=atmega32 Car_Parking_System.elf
AVR Memory Usage
----------------
Device: atmega32

Program:   12648 bytes (38.6% Full)
(.text + .data + .bootloader)

Data:        290 bytes (14.2% Full)
(.data + .bss + .noinit)


Finished building: sizedummy
 
12:31:02 **** Incremental Build of configuration Debug for project Car_Parking_System ****
make all 
Building file: ../HAL/ultrasonic.c
Invoking: AVR Compiler
avr-gcc -Wall -g2 -gstabs -O0 -fpack-struct -fshort-enums -ffunction-sections -fdata-sections -std=gnu99 -funsigned-char -funsigned-bitfields -mmcu=atmega32 -DF_CPU=16000000UL -MMD -MP -MF"HAL/ultrasonic.d" -MT"HAL/ultrasonic.o" -c -o "HAL/ultrasonic.o" "../HAL/ultrasonic.c"
In file included from ../HAL/ultrasonic.c:2:
c:/winavr-20100110/lib/gcc/../../avr/include/avr/delay.h:36:2: warning: #warning "This file has been moved to <util/delay.h>."
In file included from c:/winavr-20100110/lib/gcc/../../avr/include/avr/delay.h:37,
                 from ../HAL/ultrasonic.c:2:
c:/winavr-20100110/lib/gcc/../../avr/include/util/delay.h:90:3: warning: #warning "Compiler optimizations disabled; functions from <util/delay.h> won't work as designed"
Finished building: ../HAL/ultrasonic.c
 
Building target: Car_Parking_System.elf
Invoking: AVR C Linker
avr-gcc -Wl,-Map,Car_Parking_System.map -mmcu=atmega32 -o "Car_Parking_System.elf"  ./MCAL/gpio.o ./MCAL/icu.o  ./HAL/buzzer.o ./HAL/lcd.o ./HAL/led.o ./HAL/ultrasonic.o  ./main.o   
Finished building target: Car_Parking_System.elf
 
Invoking: AVR Create Extended Listing
avr-objdump -h -S Car_Parking_System.elf  >"Car_Parking_System.lss"
Finished building: Car_Parking_System.lss
 
Invoking: Print Size
avr-size --format=avr --mcu=atmega32 Car_Parking_System.elf
AVR Memory Usage
----------------
Device: atmega32

Program:   12648 bytes (38.6% Full)
(.text + .data + .bootloader)

Data:        290 bytes (14.2% Full)
(.data + .bss + .noinit)


Finished building: sizedummy
 
12:34:22 **** Incremental Build of configuration Debug for project Car_Parking_System ****
make all 
Building file: ../MCAL/icu.c
Invoking: AVR Compiler
avr-gcc -Wall -g2 -gstabs -O0 -fpack-struct -fshort-enums -ffunction-sections -fdata-sections -std=gnu99 -funsigned-char -funsigned-bitfields -mmcu=atmega32 -DF_CPU=16000000UL -MMD -MP -MF"MCAL/icu.d" -MT"MCAL/icu.o" -c -o "MCAL/icu.o" "../MCAL/icu.c"
../MCAL/icu.c:10: warning: return type defaults to 'int'
../MCAL/icu.c: In function 'ISR':
../MCAL/icu.c:10: warning: type of '__vector_6' defaults to 'int'
../MCAL/icu.c:16: warning: control reaches end of non-void function
Finished building: ../MCAL/icu.c
 
Building file: ../HAL/ultrasonic.c
Invoking: AVR Compiler
avr-gcc -Wall -g2 -gstabs -O0 -fpack-struct -fshort-enums -ffunction-sections -fdata-sections -std=gnu99 -funsigned-char -funsigned-bitfields -mmcu=atmega32 -DF_CPU=16000000UL -MMD -MP -MF"HAL/ultrasonic.d" -MT"HAL/ultrasonic.o" -c -o "HAL/ultrasonic.o" "../HAL/ultrasonic.c"
In file included from ../HAL/ultrasonic.c:2:
c:/winavr-20100110/lib/gcc/../../avr/include/avr/delay.h:36:2: warning: #warning "This file has been moved to <util/delay.h>."
In file included from c:/winavr-20100110/lib/gcc/../../avr/include/avr/delay.h:37,
                 from ../HAL/ultrasonic.c:2:
c:/winavr-20100110/lib/gcc/../../avr/include/util/delay.h:90:3: warning: #warning "Compiler optimizations disabled; functions from <util/delay.h> won't work as designed"
Finished building: ../HAL/ultrasonic.c
 
Building target: Car_Parking_System.elf
Invoking: AVR C Linker
avr-gcc -Wl,-Map,Car_Parking_System.map -mmcu=atmega32 -o "Car_Parking_System.elf"  ./MCAL/gpio.o ./MCAL/icu.o  ./HAL/buzzer.o ./HAL/lcd.o ./HAL/led.o ./HAL/ultrasonic.o  ./main.o   
Finished building target: Car_Parking_System.elf
 
Invoking: AVR Create Extended Listing
avr-objdump -h -S Car_Parking_System.elf  >"Car_Parking_System.lss"
Finished building: Car_Parking_System.lss
 
Invoking: Print Size
avr-size --format=avr --mcu=atmega32 Car_Parking_System.elf
AVR Memory Usage
----------------
Device: atmega32

Program:   12664 bytes (38.6% Full)
(.text + .data + .bootloader)

Data:        290 bytes (14.2% Full)
(.data + .bss + .noinit)


Finished building: sizedummy
 
12:34:34 **** Incremental Build of configuration Debug for project Car_Parking_System ****
make all 
Building file: ../MCAL/icu.c
Invoking: AVR Compiler
avr-gcc -Wall -g2 -gstabs -O0 -fpack-struct -fshort-enums -ffunction-sections -fdata-sections -std=gnu99 -funsigned-char -funsigned-bitfields -mmcu=atmega32 -DF_CPU=16000000UL -MMD -MP -MF"MCAL/icu.d" -MT"MCAL/icu.o" -c -o "MCAL/icu.o" "../MCAL/icu.c"
../MCAL/icu.c:10: warning: return type defaults to 'int'
../MCAL/icu.c: In function 'ISR':
../MCAL/icu.c:10: warning: type of '__vector_6' defaults to 'int'
../MCAL/icu.c:16: warning: control reaches end of non-void function
Finished building: ../MCAL/icu.c
 
Building target: Car_Parking_System.elf
Invoking: AVR C Linker
avr-gcc -Wl,-Map,Car_Parking_System.map -mmcu=atmega32 -o "Car_Parking_System.elf"  ./MCAL/gpio.o ./MCAL/icu.o  ./HAL/buzzer.o ./HAL/lcd.o ./HAL/led.o ./HAL/ultrasonic.o  ./main.o   
Finished building target: Car_Parking_System.elf
 
Invoking: AVR Create Extended Listing
avr-objdump -h -S Car_Parking_System.elf  >"Car_Parking_System.lss"
Finished building: Car_Parking_System.lss
 
Invoking: Print Size
avr-size --format=avr --mcu=atmega32 Car_Parking_System.elf
AVR Memory Usage
----------------
Device: atmega32

Program:   12648 bytes (38.6% Full)
(.text + .data + .bootloader)

Data:        290 bytes (14.2% Full)
(.data + .bss + .noinit)


Finished building: sizedummy
 
12:42:23 **** Incremental Build of configuration Debug for project Car_Parking_System ****
make all 
Building file: ../HAL/ultrasonic.c
Invoking: AVR Compiler
avr-gcc -Wall -g2 -gstabs -O0 -fpack-struct -fshort-enums -ffunction-sections -fdata-sections -std=gnu99 -funsigned-char -funsigned-bitfields -mmcu=atmega32 -DF_CPU=16000000UL -MMD -MP -MF"HAL/ultrasonic.d" -MT"HAL/ultrasonic.o" -c -o "HAL/ultrasonic.o" "../HAL/ultrasonic.c"
In file included from ../HAL/ultrasonic.c:2:
c:/winavr-20100110/lib/gcc/../../avr/include/avr/delay.h:36:2: warning: #warning "This file has been moved to <util/delay.h>."
In file included from c:/winavr-20100110/lib/gcc/../../avr/include/avr/delay.h:37,
                 from ../HAL/ultrasonic.c:2:
c:/winavr-20100110/lib/gcc/../../avr/include/util/delay.h:90:3: warning: #warning "Compiler optimizations disabled; functions from <util/delay.h> won't work as designed"
Finished building: ../HAL/ultrasonic.c
 
Building target: Car_Parking_System.elf
Invoking: AVR C Linker
avr-gcc -Wl,-Map,Car_Parking_System.map -mmcu=atmega32 -o "Car_Parking_System.elf"  ./MCAL/gpio.o ./MCAL/icu.o  ./HAL/buzzer.o ./HAL/lcd.o ./HAL/led.o ./HAL/ultrasonic.o  ./main.o   
Finished building target: Car_Parking_System.elf
 
Invoking: AVR Create Extended Listing
avr-objdump -h -S Car_Parking_System.elf  >"Car_Parking_System.lss"
Finished building: Car_Parking_System.lss
 
Invoking: Print Size
avr-size --format=avr --mcu=atmega32 Car_Parking_System.elf
AVR Memory Usage
----------------
Device: atmega32

Program:   12154 bytes (37.1% Full)
(.text + .data + .bootloader)

Data:        290 bytes (14.2% Full)
(.data + .bss + .noinit)


Finished building: sizedummy
 
12:42:28 **** Incremental Build of configuration Debug for project Car_Parking_System ****
make all 
Invoking: Print Size
avr-size --format=avr --mcu=atmega32 Car_Parking_System.elf
AVR Memory Usage
----------------
Device: atmega32

Program:   12154 bytes (37.1% Full)
(.text + .data + .bootloader)

Data:        290 bytes (14.2% Full)
(.data + .bss + .noinit)


Finished building: sizedummy
 
12:42:37 **** Incremental Build of configuration Debug for project Car_Parking_System ****
make all 
Invoking: Print Size
avr-size --format=avr --mcu=atmega32 Car_Parking_System.elf
AVR Memory Usage
----------------
Device: atmega32

Program:   12154 bytes (37.1% Full)
(.text + .data + .bootloader)

Data:        290 bytes (14.2% Full)
(.data + .bss + .noinit)


Finished building: sizedummy
 
12:43:02 **** Incremental Build of configuration Debug for project Car_Parking_System ****
make all 
Invoking: Print Size
avr-size --format=avr --mcu=atmega32 Car_Parking_System.elf
AVR Memory Usage
----------------
Device: atmega32

Program:   12154 bytes (37.1% Full)
(.text + .data + .bootloader)

Data:        290 bytes (14.2% Full)
(.data + .bss + .noinit)


Finished building: sizedummy
 
12:44:42 **** Incremental Build of configuration Debug for project Car_Parking_System ****
make all 
Building file: ../MCAL/icu.c
Invoking: AVR Compiler
avr-gcc -Wall -g2 -gstabs -O0 -fpack-struct -fshort-enums -ffunction-sections -fdata-sections -std=gnu99 -funsigned-char -funsigned-bitfields -mmcu=atmega32 -DF_CPU=16000000UL -MMD -MP -MF"MCAL/icu.d" -MT"MCAL/icu.o" -c -o "MCAL/icu.o" "../MCAL/icu.c"
../MCAL/icu.c:13: warning: return type defaults to 'int'
../MCAL/icu.c: In function 'ISR':
../MCAL/icu.c:13: warning: type of '__vector_6' defaults to 'int'
../MCAL/icu.c:19: warning: control reaches end of non-void function
../MCAL/icu.c: In function 'ICU_setCallBack':
../MCAL/icu.c:65: warning: function return types not compatible due to 'volatile'
Finished building: ../MCAL/icu.c
 
Building target: Car_Parking_System.elf
Invoking: AVR C Linker
avr-gcc -Wl,-Map,Car_Parking_System.map -mmcu=atmega32 -o "Car_Parking_System.elf"  ./MCAL/gpio.o ./MCAL/icu.o  ./HAL/buzzer.o ./HAL/lcd.o ./HAL/led.o ./HAL/ultrasonic.o  ./main.o   
Finished building target: Car_Parking_System.elf
 
Invoking: AVR Create Extended Listing
avr-objdump -h -S Car_Parking_System.elf  >"Car_Parking_System.lss"
Finished building: Car_Parking_System.lss
 
Invoking: Print Size
avr-size --format=avr --mcu=atmega32 Car_Parking_System.elf
AVR Memory Usage
----------------
Device: atmega32

Program:   12160 bytes (37.1% Full)
(.text + .data + .bootloader)

Data:        290 bytes (14.2% Full)
(.data + .bss + .noinit)


Finished building: sizedummy
 
12:45:44 **** Incremental Build of configuration Debug for project Car_Parking_System ****
make all 
Building file: ../HAL/ultrasonic.c
Invoking: AVR Compiler
avr-gcc -Wall -g2 -gstabs -O0 -fpack-struct -fshort-enums -ffunction-sections -fdata-sections -std=gnu99 -funsigned-char -funsigned-bitfields -mmcu=atmega32 -DF_CPU=16000000UL -MMD -MP -MF"HAL/ultrasonic.d" -MT"HAL/ultrasonic.o" -c -o "HAL/ultrasonic.o" "../HAL/ultrasonic.c"
In file included from ../HAL/ultrasonic.c:2:
c:/winavr-20100110/lib/gcc/../../avr/include/avr/delay.h:36:2: warning: #warning "This file has been moved to <util/delay.h>."
In file included from c:/winavr-20100110/lib/gcc/../../avr/include/avr/delay.h:37,
                 from ../HAL/ultrasonic.c:2:
c:/winavr-20100110/lib/gcc/../../avr/include/util/delay.h:90:3: warning: #warning "Compiler optimizations disabled; functions from <util/delay.h> won't work as designed"
Finished building: ../HAL/ultrasonic.c
 
Building target: Car_Parking_System.elf
Invoking: AVR C Linker
avr-gcc -Wl,-Map,Car_Parking_System.map -mmcu=atmega32 -o "Car_Parking_System.elf"  ./MCAL/gpio.o ./MCAL/icu.o  ./HAL/buzzer.o ./HAL/lcd.o ./HAL/led.o ./HAL/ultrasonic.o  ./main.o   
Finished building target: Car_Parking_System.elf
 
Invoking: AVR Create Extended Listing
avr-objdump -h -S Car_Parking_System.elf  >"Car_Parking_System.lss"
Finished building: Car_Parking_System.lss
 
Invoking: Print Size
avr-size --format=avr --mcu=atmega32 Car_Parking_System.elf
AVR Memory Usage
----------------
Device: atmega32

Program:   12154 bytes (37.1% Full)
(.text + .data + .bootloader)

Data:        290 bytes (14.2% Full)
(.data + .bss + .noinit)


Finished building: sizedummy
 
12:46:21 **** Incremental Build of configuration Debug for project Car_Parking_System ****
make all 
Building file: ../main.c
Invoking: AVR Compiler
avr-gcc -Wall -g2 -gstabs -O0 -fpack-struct -fshort-enums -ffunction-sections -fdata-sections -std=gnu99 -funsigned-char -funsigned-bitfields -mmcu=atmega32 -DF_CPU=16000000UL -MMD -MP -MF"main.d" -MT"main.o" -c -o "main.o" "../main.c"
In file included from ../main.c:2:
c:/winavr-20100110/lib/gcc/../../avr/include/avr/delay.h:36:2: warning: #warning "This file has been moved to <util/delay.h>."
In file included from c:/winavr-20100110/lib/gcc/../../avr/include/avr/delay.h:37,
                 from ../main.c:2:
c:/winavr-20100110/lib/gcc/../../avr/include/util/delay.h:90:3: warning: #warning "Compiler optimizations disabled; functions from <util/delay.h> won't work as designed"
Finished building: ../main.c
 
Building target: Car_Parking_System.elf
Invoking: AVR C Linker
avr-gcc -Wl,-Map,Car_Parking_System.map -mmcu=atmega32 -o "Car_Parking_System.elf"  ./MCAL/gpio.o ./MCAL/icu.o  ./HAL/buzzer.o ./HAL/lcd.o ./HAL/led.o ./HAL/ultrasonic.o  ./main.o   
Finished building target: Car_Parking_System.elf
 
Invoking: AVR Create Extended Listing
avr-objdump -h -S Car_Parking_System.elf  >"Car_Parking_System.lss"
Finished building: Car_Parking_System.lss
 
Invoking: Print Size
avr-size --format=avr --mcu=atmega32 Car_Parking_System.elf
AVR Memory Usage
----------------
Device: atmega32

Program:   12154 bytes (37.1% Full)
(.text + .data + .bootloader)

Data:        290 bytes (14.2% Full)
(.data + .bss + .noinit)


Finished building: sizedummy
 
12:48:02 **** Incremental Build of configuration Debug for project Car_Parking_System ****
make all 
Building file: ../main.c
Invoking: AVR Compiler
avr-gcc -Wall -g2 -gstabs -O0 -fpack-struct -fshort-enums -ffunction-sections -fdata-sections -std=gnu99 -funsigned-char -funsigned-bitfields -mmcu=atmega32 -DF_CPU=16000000UL -MMD -MP -MF"main.d" -MT"main.o" -c -o "main.o" "../main.c"
In file included from ../main.c:2:
c:/winavr-20100110/lib/gcc/../../avr/include/avr/delay.h:36:2: warning: #warning "This file has been moved to <util/delay.h>."
In file included from c:/winavr-20100110/lib/gcc/../../avr/include/avr/delay.h:37,
                 from ../main.c:2:
c:/winavr-20100110/lib/gcc/../../avr/include/util/delay.h:90:3: warning: #warning "Compiler optimizations disabled; functions from <util/delay.h> won't work as designed"
Finished building: ../main.c
 
Building target: Car_Parking_System.elf
Invoking: AVR C Linker
avr-gcc -Wl,-Map,Car_Parking_System.map -mmcu=atmega32 -o "Car_Parking_System.elf"  ./MCAL/gpio.o ./MCAL/icu.o  ./HAL/buzzer.o ./HAL/lcd.o ./HAL/led.o ./HAL/ultrasonic.o  ./main.o   
Finished building target: Car_Parking_System.elf
 
Invoking: AVR Create Extended Listing
avr-objdump -h -S Car_Parking_System.elf  >"Car_Parking_System.lss"
Finished building: Car_Parking_System.lss
 
Invoking: Print Size
avr-size --format=avr --mcu=atmega32 Car_Parking_System.elf
AVR Memory Usage
----------------
Device: atmega32

Program:   12392 bytes (37.8% Full)
(.text + .data + .bootloader)

Data:        290 bytes (14.2% Full)
(.data + .bss + .noinit)


Finished building: sizedummy
 
12:48:51 **** Incremental Build of configuration Debug for project Car_Parking_System ****
make all 
Building file: ../main.c
Invoking: AVR Compiler
avr-gcc -Wall -g2 -gstabs -O0 -fpack-struct -fshort-enums -ffunction-sections -fdata-sections -std=gnu99 -funsigned-char -funsigned-bitfields -mmcu=atmega32 -DF_CPU=16000000UL -MMD -MP -MF"main.d" -MT"main.o" -c -o "main.o" "../main.c"
In file included from ../main.c:2:
c:/winavr-20100110/lib/gcc/../../avr/include/avr/delay.h:36:2: warning: #warning "This file has been moved to <util/delay.h>."
In file included from c:/winavr-20100110/lib/gcc/../../avr/include/avr/delay.h:37,
                 from ../main.c:2:
c:/winavr-20100110/lib/gcc/../../avr/include/util/delay.h:90:3: warning: #warning "Compiler optimizations disabled; functions from <util/delay.h> won't work as designed"
Finished building: ../main.c
 
Building target: Car_Parking_System.elf
Invoking: AVR C Linker
avr-gcc -Wl,-Map,Car_Parking_System.map -mmcu=atmega32 -o "Car_Parking_System.elf"  ./MCAL/gpio.o ./MCAL/icu.o  ./HAL/buzzer.o ./HAL/lcd.o ./HAL/led.o ./HAL/ultrasonic.o  ./main.o   
Finished building target: Car_Parking_System.elf
 
Invoking: AVR Create Extended Listing
avr-objdump -h -S Car_Parking_System.elf  >"Car_Parking_System.lss"
Finished building: Car_Parking_System.lss
 
Invoking: Print Size
avr-size --format=avr --mcu=atmega32 Car_Parking_System.elf
AVR Memory Usage
----------------
Device: atmega32

Program:   12392 bytes (37.8% Full)
(.text + .data + .bootloader)

Data:        290 bytes (14.2% Full)
(.data + .bss + .noinit)


Finished building: sizedummy
 
12:51:45 **** Incremental Build of configuration Debug for project Car_Parking_System ****
make all 
Building file: ../HAL/ultrasonic.c
Invoking: AVR Compiler
avr-gcc -Wall -g2 -gstabs -O0 -fpack-struct -fshort-enums -ffunction-sections -fdata-sections -std=gnu99 -funsigned-char -funsigned-bitfields -mmcu=atmega32 -DF_CPU=16000000UL -MMD -MP -MF"HAL/ultrasonic.d" -MT"HAL/ultrasonic.o" -c -o "HAL/ultrasonic.o" "../HAL/ultrasonic.c"
In file included from ../HAL/ultrasonic.c:2:
c:/winavr-20100110/lib/gcc/../../avr/include/avr/delay.h:36:2: warning: #warning "This file has been moved to <util/delay.h>."
In file included from c:/winavr-20100110/lib/gcc/../../avr/include/avr/delay.h:37,
                 from ../HAL/ultrasonic.c:2:
c:/winavr-20100110/lib/gcc/../../avr/include/util/delay.h:90:3: warning: #warning "Compiler optimizations disabled; functions from <util/delay.h> won't work as designed"
Finished building: ../HAL/ultrasonic.c
 
Building target: Car_Parking_System.elf
Invoking: AVR C Linker
avr-gcc -Wl,-Map,Car_Parking_System.map -mmcu=atmega32 -o "Car_Parking_System.elf"  ./MCAL/gpio.o ./MCAL/icu.o  ./HAL/buzzer.o ./HAL/lcd.o ./HAL/led.o ./HAL/ultrasonic.o  ./main.o   
Finished building target: Car_Parking_System.elf
 
Invoking: AVR Create Extended Listing
avr-objdump -h -S Car_Parking_System.elf  >"Car_Parking_System.lss"
Finished building: Car_Parking_System.lss
 
Invoking: Print Size
avr-size --format=avr --mcu=atmega32 Car_Parking_System.elf
AVR Memory Usage
----------------
Device: atmega32

Program:   12398 bytes (37.8% Full)
(.text + .data + .bootloader)

Data:        290 bytes (14.2% Full)
(.data + .bss + .noinit)


Finished building: sizedummy
 
12:55:04 **** Incremental Build of configuration Debug for project Car_Parking_System ****
make all 
Building file: ../HAL/ultrasonic.c
Invoking: AVR Compiler
avr-gcc -Wall -g2 -gstabs -O0 -fpack-struct -fshort-enums -ffunction-sections -fdata-sections -std=gnu99 -funsigned-char -funsigned-bitfields -mmcu=atmega32 -DF_CPU=16000000UL -MMD -MP -MF"HAL/ultrasonic.d" -MT"HAL/ultrasonic.o" -c -o "HAL/ultrasonic.o" "../HAL/ultrasonic.c"
In file included from ../HAL/ultrasonic.c:2:
c:/winavr-20100110/lib/gcc/../../avr/include/avr/delay.h:36:2: warning: #warning "This file has been moved to <util/delay.h>."
In file included from c:/winavr-20100110/lib/gcc/../../avr/include/avr/delay.h:37,
                 from ../HAL/ultrasonic.c:2:
c:/winavr-20100110/lib/gcc/../../avr/include/util/delay.h:90:3: warning: #warning "Compiler optimizations disabled; functions from <util/delay.h> won't work as designed"
Finished building: ../HAL/ultrasonic.c
 
Building target: Car_Parking_System.elf
Invoking: AVR C Linker
avr-gcc -Wl,-Map,Car_Parking_System.map -mmcu=atmega32 -o "Car_Parking_System.elf"  ./MCAL/gpio.o ./MCAL/icu.o  ./HAL/buzzer.o ./HAL/lcd.o ./HAL/led.o ./HAL/ultrasonic.o  ./main.o   
Finished building target: Car_Parking_System.elf
 
Invoking: AVR Create Extended Listing
avr-objdump -h -S Car_Parking_System.elf  >"Car_Parking_System.lss"
Finished building: Car_Parking_System.lss
 
Invoking: Print Size
avr-size --format=avr --mcu=atmega32 Car_Parking_System.elf
AVR Memory Usage
----------------
Device: atmega32

Program:   12468 bytes (38.0% Full)
(.text + .data + .bootloader)

Data:        290 bytes (14.2% Full)
(.data + .bss + .noinit)


Finished building: sizedummy
 
12:56:51 **** Incremental Build of configuration Debug for project Car_Parking_System ****
make all 
Building file: ../HAL/ultrasonic.c
Invoking: AVR Compiler
avr-gcc -Wall -g2 -gstabs -O0 -fpack-struct -fshort-enums -ffunction-sections -fdata-sections -std=gnu99 -funsigned-char -funsigned-bitfields -mmcu=atmega32 -DF_CPU=16000000UL -MMD -MP -MF"HAL/ultrasonic.d" -MT"HAL/ultrasonic.o" -c -o "HAL/ultrasonic.o" "../HAL/ultrasonic.c"
In file included from ../HAL/ultrasonic.c:2:
c:/winavr-20100110/lib/gcc/../../avr/include/avr/delay.h:36:2: warning: #warning "This file has been moved to <util/delay.h>."
In file included from c:/winavr-20100110/lib/gcc/../../avr/include/avr/delay.h:37,
                 from ../HAL/ultrasonic.c:2:
c:/winavr-20100110/lib/gcc/../../avr/include/util/delay.h:90:3: warning: #warning "Compiler optimizations disabled; functions from <util/delay.h> won't work as designed"
Finished building: ../HAL/ultrasonic.c
 
Building target: Car_Parking_System.elf
Invoking: AVR C Linker
avr-gcc -Wl,-Map,Car_Parking_System.map -mmcu=atmega32 -o "Car_Parking_System.elf"  ./MCAL/gpio.o ./MCAL/icu.o  ./HAL/buzzer.o ./HAL/lcd.o ./HAL/led.o ./HAL/ultrasonic.o  ./main.o   
Finished building target: Car_Parking_System.elf
 
Invoking: AVR Create Extended Listing
avr-objdump -h -S Car_Parking_System.elf  >"Car_Parking_System.lss"
Finished building: Car_Parking_System.lss
 
Invoking: Print Size
avr-size --format=avr --mcu=atmega32 Car_Parking_System.elf
AVR Memory Usage
----------------
Device: atmega32

Program:   12968 bytes (39.6% Full)
(.text + .data + .bootloader)

Data:        290 bytes (14.2% Full)
(.data + .bss + .noinit)


Finished building: sizedummy
 
12:58:25 **** Incremental Build of configuration Debug for project Car_Parking_System ****
make all 
Building file: ../HAL/ultrasonic.c
Invoking: AVR Compiler
avr-gcc -Wall -g2 -gstabs -O0 -fpack-struct -fshort-enums -ffunction-sections -fdata-sections -std=gnu99 -funsigned-char -funsigned-bitfields -mmcu=atmega32 -DF_CPU=16000000UL -MMD -MP -MF"HAL/ultrasonic.d" -MT"HAL/ultrasonic.o" -c -o "HAL/ultrasonic.o" "../HAL/ultrasonic.c"
In file included from ../HAL/ultrasonic.c:2:
c:/winavr-20100110/lib/gcc/../../avr/include/avr/delay.h:36:2: warning: #warning "This file has been moved to <util/delay.h>."
In file included from c:/winavr-20100110/lib/gcc/../../avr/include/avr/delay.h:37,
                 from ../HAL/ultrasonic.c:2:
c:/winavr-20100110/lib/gcc/../../avr/include/util/delay.h:90:3: warning: #warning "Compiler optimizations disabled; functions from <util/delay.h> won't work as designed"
Finished building: ../HAL/ultrasonic.c
 
Building target: Car_Parking_System.elf
Invoking: AVR C Linker
avr-gcc -Wl,-Map,Car_Parking_System.map -mmcu=atmega32 -o "Car_Parking_System.elf"  ./MCAL/gpio.o ./MCAL/icu.o  ./HAL/buzzer.o ./HAL/lcd.o ./HAL/led.o ./HAL/ultrasonic.o  ./main.o   
Finished building target: Car_Parking_System.elf
 
Invoking: AVR Create Extended Listing
avr-objdump -h -S Car_Parking_System.elf  >"Car_Parking_System.lss"
Finished building: Car_Parking_System.lss
 
Invoking: Print Size
avr-size --format=avr --mcu=atmega32 Car_Parking_System.elf
AVR Memory Usage
----------------
Device: atmega32

Program:   12968 bytes (39.6% Full)
(.text + .data + .bootloader)

Data:        290 bytes (14.2% Full)
(.data + .bss + .noinit)


Finished building: sizedummy
 
12:58:46 **** Incremental Build of configuration Debug for project Car_Parking_System ****
make all 
Building file: ../HAL/ultrasonic.c
Invoking: AVR Compiler
avr-gcc -Wall -g2 -gstabs -O0 -fpack-struct -fshort-enums -ffunction-sections -fdata-sections -std=gnu99 -funsigned-char -funsigned-bitfields -mmcu=atmega32 -DF_CPU=16000000UL -MMD -MP -MF"HAL/ultrasonic.d" -MT"HAL/ultrasonic.o" -c -o "HAL/ultrasonic.o" "../HAL/ultrasonic.c"
In file included from ../HAL/ultrasonic.c:2:
c:/winavr-20100110/lib/gcc/../../avr/include/avr/delay.h:36:2: warning: #warning "This file has been moved to <util/delay.h>."
In file included from c:/winavr-20100110/lib/gcc/../../avr/include/avr/delay.h:37,
                 from ../HAL/ultrasonic.c:2:
c:/winavr-20100110/lib/gcc/../../avr/include/util/delay.h:90:3: warning: #warning "Compiler optimizations disabled; functions from <util/delay.h> won't work as designed"
Finished building: ../HAL/ultrasonic.c
 
Building target: Car_Parking_System.elf
Invoking: AVR C Linker
avr-gcc -Wl,-Map,Car_Parking_System.map -mmcu=atmega32 -o "Car_Parking_System.elf"  ./MCAL/gpio.o ./MCAL/icu.o  ./HAL/buzzer.o ./HAL/lcd.o ./HAL/led.o ./HAL/ultrasonic.o  ./main.o   
Finished building target: Car_Parking_System.elf
 
Invoking: AVR Create Extended Listing
avr-objdump -h -S Car_Parking_System.elf  >"Car_Parking_System.lss"
Finished building: Car_Parking_System.lss
 
Invoking: Print Size
avr-size --format=avr --mcu=atmega32 Car_Parking_System.elf
AVR Memory Usage
----------------
Device: atmega32

Program:   12972 bytes (39.6% Full)
(.text + .data + .bootloader)

Data:        290 bytes (14.2% Full)
(.data + .bss + .noinit)


Finished building: sizedummy
 
12:59:01 **** Incremental Build of configuration Debug for project Car_Parking_System ****
make all 
Building file: ../main.c
Invoking: AVR Compiler
avr-gcc -Wall -g2 -gstabs -O0 -fpack-struct -fshort-enums -ffunction-sections -fdata-sections -std=gnu99 -funsigned-char -funsigned-bitfields -mmcu=atmega32 -DF_CPU=16000000UL -MMD -MP -MF"main.d" -MT"main.o" -c -o "main.o" "../main.c"
In file included from ../main.c:2:
c:/winavr-20100110/lib/gcc/../../avr/include/avr/delay.h:36:2: warning: #warning "This file has been moved to <util/delay.h>."
In file included from c:/winavr-20100110/lib/gcc/../../avr/include/avr/delay.h:37,
                 from ../main.c:2:
c:/winavr-20100110/lib/gcc/../../avr/include/util/delay.h:90:3: warning: #warning "Compiler optimizations disabled; functions from <util/delay.h> won't work as designed"
Finished building: ../main.c
 
Building target: Car_Parking_System.elf
Invoking: AVR C Linker
avr-gcc -Wl,-Map,Car_Parking_System.map -mmcu=atmega32 -o "Car_Parking_System.elf"  ./MCAL/gpio.o ./MCAL/icu.o  ./HAL/buzzer.o ./HAL/lcd.o ./HAL/led.o ./HAL/ultrasonic.o  ./main.o   
Finished building target: Car_Parking_System.elf
 
Invoking: AVR Create Extended Listing
avr-objdump -h -S Car_Parking_System.elf  >"Car_Parking_System.lss"
Finished building: Car_Parking_System.lss
 
Invoking: Print Size
avr-size --format=avr --mcu=atmega32 Car_Parking_System.elf
AVR Memory Usage
----------------
Device: atmega32

Program:   12734 bytes (38.9% Full)
(.text + .data + .bootloader)

Data:        290 bytes (14.2% Full)
(.data + .bss + .noinit)


Finished building: sizedummy
 
12:59:48 **** Incremental Build of configuration Debug for project Car_Parking_System ****
make all 
Building file: ../MCAL/icu.c
Invoking: AVR Compiler
avr-gcc -Wall -g2 -gstabs -O0 -fpack-struct -fshort-enums -ffunction-sections -fdata-sections -std=gnu99 -funsigned-char -funsigned-bitfields -mmcu=atmega32 -DF_CPU=16000000UL -MMD -MP -MF"MCAL/icu.d" -MT"MCAL/icu.o" -c -o "MCAL/icu.o" "../MCAL/icu.c"
../MCAL/icu.c:13: warning: return type defaults to 'int'
../MCAL/icu.c: In function 'ISR':
../MCAL/icu.c:13: warning: type of '__vector_6' defaults to 'int'
../MCAL/icu.c:21: warning: control reaches end of non-void function
../MCAL/icu.c: In function 'ICU_setCallBack':
../MCAL/icu.c:67: warning: function return types not compatible due to 'volatile'
Finished building: ../MCAL/icu.c
 
Building target: Car_Parking_System.elf
Invoking: AVR C Linker
avr-gcc -Wl,-Map,Car_Parking_System.map -mmcu=atmega32 -o "Car_Parking_System.elf"  ./MCAL/gpio.o ./MCAL/icu.o  ./HAL/buzzer.o ./HAL/lcd.o ./HAL/led.o ./HAL/ultrasonic.o  ./main.o   
Finished building target: Car_Parking_System.elf
 
Invoking: AVR Create Extended Listing
avr-objdump -h -S Car_Parking_System.elf  >"Car_Parking_System.lss"
Finished building: Car_Parking_System.lss
 
Invoking: Print Size
avr-size --format=avr --mcu=atmega32 Car_Parking_System.elf
AVR Memory Usage
----------------
Device: atmega32

Program:   12744 bytes (38.9% Full)
(.text + .data + .bootloader)

Data:        290 bytes (14.2% Full)
(.data + .bss + .noinit)


Finished building: sizedummy
 
13:05:37 **** Incremental Build of configuration Debug for project Car_Parking_System ****
make all 
Building file: ../MCAL/icu.c
Invoking: AVR Compiler
avr-gcc -Wall -g2 -gstabs -O0 -fpack-struct -fshort-enums -ffunction-sections -fdata-sections -std=gnu99 -funsigned-char -funsigned-bitfields -mmcu=atmega32 -DF_CPU=16000000UL -MMD -MP -MF"MCAL/icu.d" -MT"MCAL/icu.o" -c -o "MCAL/icu.o" "../MCAL/icu.c"
../MCAL/icu.c:13: warning: return type defaults to 'int'
../MCAL/icu.c: In function 'ISR':
../MCAL/icu.c:13: warning: type of '__vector_6' defaults to 'int'
../MCAL/icu.c:21: warning: control reaches end of non-void function
../MCAL/icu.c: In function 'ICU_setCallBack':
../MCAL/icu.c:69: warning: function return types not compatible due to 'volatile'
Finished building: ../MCAL/icu.c
 
Building file: ../main.c
Invoking: AVR Compiler
avr-gcc -Wall -g2 -gstabs -O0 -fpack-struct -fshort-enums -ffunction-sections -fdata-sections -std=gnu99 -funsigned-char -funsigned-bitfields -mmcu=atmega32 -DF_CPU=16000000UL -MMD -MP -MF"main.d" -MT"main.o" -c -o "main.o" "../main.c"
In file included from ../main.c:2:
c:/winavr-20100110/lib/gcc/../../avr/include/avr/delay.h:36:2: warning: #warning "This file has been moved to <util/delay.h>."
In file included from c:/winavr-20100110/lib/gcc/../../avr/include/avr/delay.h:37,
                 from ../main.c:2:
c:/winavr-20100110/lib/gcc/../../avr/include/util/delay.h:90:3: warning: #warning "Compiler optimizations disabled; functions from <util/delay.h> won't work as designed"
../main.c: In function 'main':
../main.c:97: warning: implicit declaration of function 'sei'
Finished building: ../main.c
 
Building target: Car_Parking_System.elf
Invoking: AVR C Linker
avr-gcc -Wl,-Map,Car_Parking_System.map -mmcu=atmega32 -o "Car_Parking_System.elf"  ./MCAL/gpio.o ./MCAL/icu.o  ./HAL/buzzer.o ./HAL/lcd.o ./HAL/led.o ./HAL/ultrasonic.o  ./main.o   
./main.o: In function `controlLEDs':
../main.c:14: undefined reference to `sei'
make: *** [Car_Parking_System.elf] Error 1
"make all" terminated with exit code 2. Build might be incomplete.
13:06:16 **** Incremental Build of configuration Debug for project Car_Parking_System ****
make all 
Building file: ../main.c
Invoking: AVR Compiler
avr-gcc -Wall -g2 -gstabs -O0 -fpack-struct -fshort-enums -ffunction-sections -fdata-sections -std=gnu99 -funsigned-char -funsigned-bitfields -mmcu=atmega32 -DF_CPU=16000000UL -MMD -MP -MF"main.d" -MT"main.o" -c -o "main.o" "../main.c"
In file included from ../main.c:3:
c:/winavr-20100110/lib/gcc/../../avr/include/avr/delay.h:36:2: warning: #warning "This file has been moved to <util/delay.h>."
In file included from c:/winavr-20100110/lib/gcc/../../avr/include/avr/delay.h:37,
                 from ../main.c:3:
c:/winavr-20100110/lib/gcc/../../avr/include/util/delay.h:90:3: warning: #warning "Compiler optimizations disabled; functions from <util/delay.h> won't work as designed"
Finished building: ../main.c
 
Building target: Car_Parking_System.elf
Invoking: AVR C Linker
avr-gcc -Wl,-Map,Car_Parking_System.map -mmcu=atmega32 -o "Car_Parking_System.elf"  ./MCAL/gpio.o ./MCAL/icu.o  ./HAL/buzzer.o ./HAL/lcd.o ./HAL/led.o ./HAL/ultrasonic.o  ./main.o   
Finished building target: Car_Parking_System.elf
 
Invoking: AVR Create Extended Listing
avr-objdump -h -S Car_Parking_System.elf  >"Car_Parking_System.lss"
Finished building: Car_Parking_System.lss
 
Invoking: Print Size
avr-size --format=avr --mcu=atmega32 Car_Parking_System.elf
AVR Memory Usage
----------------
Device: atmega32

Program:   12728 bytes (38.8% Full)
(.text + .data + .bootloader)

Data:        290 bytes (14.2% Full)
(.data + .bss + .noinit)


Finished building: sizedummy
 
13:08:50 **** Incremental Build of configuration Debug for project Car_Parking_System ****
make all 
Building file: ../main.c
Invoking: AVR Compiler
avr-gcc -Wall -g2 -gstabs -O0 -fpack-struct -fshort-enums -ffunction-sections -fdata-sections -std=gnu99 -funsigned-char -funsigned-bitfields -mmcu=atmega32 -DF_CPU=16000000UL -MMD -MP -MF"main.d" -MT"main.o" -c -o "main.o" "../main.c"
In file included from ../main.c:3:
c:/winavr-20100110/lib/gcc/../../avr/include/avr/delay.h:36:2: warning: #warning "This file has been moved to <util/delay.h>."
In file included from c:/winavr-20100110/lib/gcc/../../avr/include/avr/delay.h:37,
                 from ../main.c:3:
c:/winavr-20100110/lib/gcc/../../avr/include/util/delay.h:90:3: warning: #warning "Compiler optimizations disabled; functions from <util/delay.h> won't work as designed"
Finished building: ../main.c
 
Building target: Car_Parking_System.elf
Invoking: AVR C Linker
avr-gcc -Wl,-Map,Car_Parking_System.map -mmcu=atmega32 -o "Car_Parking_System.elf"  ./MCAL/gpio.o ./MCAL/icu.o  ./HAL/buzzer.o ./HAL/lcd.o ./HAL/led.o ./HAL/ultrasonic.o  ./main.o   
Finished building target: Car_Parking_System.elf
 
Invoking: AVR Create Extended Listing
avr-objdump -h -S Car_Parking_System.elf  >"Car_Parking_System.lss"
Finished building: Car_Parking_System.lss
 
Invoking: Print Size
avr-size --format=avr --mcu=atmega32 Car_Parking_System.elf
AVR Memory Usage
----------------
Device: atmega32

Program:   13358 bytes (40.8% Full)
(.text + .data + .bootloader)

Data:        290 bytes (14.2% Full)
(.data + .bss + .noinit)


Finished building: sizedummy
 
13:22:57 **** Incremental Build of configuration Debug for project Car_Parking_System ****
make all 
Building file: ../HAL/ultrasonic.c
Invoking: AVR Compiler
avr-gcc -Wall -g2 -gstabs -O0 -fpack-struct -fshort-enums -ffunction-sections -fdata-sections -std=gnu99 -funsigned-char -funsigned-bitfields -mmcu=atmega32 -DF_CPU=16000000UL -MMD -MP -MF"HAL/ultrasonic.d" -MT"HAL/ultrasonic.o" -c -o "HAL/ultrasonic.o" "../HAL/ultrasonic.c"
In file included from ../HAL/ultrasonic.c:2:
c:/winavr-20100110/lib/gcc/../../avr/include/avr/delay.h:36:2: warning: #warning "This file has been moved to <util/delay.h>."
In file included from c:/winavr-20100110/lib/gcc/../../avr/include/avr/delay.h:37,
                 from ../HAL/ultrasonic.c:2:
c:/winavr-20100110/lib/gcc/../../avr/include/util/delay.h:90:3: warning: #warning "Compiler optimizations disabled; functions from <util/delay.h> won't work as designed"
Finished building: ../HAL/ultrasonic.c
 
Building file: ../main.c
Invoking: AVR Compiler
avr-gcc -Wall -g2 -gstabs -O0 -fpack-struct -fshort-enums -ffunction-sections -fdata-sections -std=gnu99 -funsigned-char -funsigned-bitfields -mmcu=atmega32 -DF_CPU=16000000UL -MMD -MP -MF"main.d" -MT"main.o" -c -o "main.o" "../main.c"
In file included from ../main.c:3:
c:/winavr-20100110/lib/gcc/../../avr/include/avr/delay.h:36:2: warning: #warning "This file has been moved to <util/delay.h>."
In file included from c:/winavr-20100110/lib/gcc/../../avr/include/avr/delay.h:37,
                 from ../main.c:3:
c:/winavr-20100110/lib/gcc/../../avr/include/util/delay.h:90:3: warning: #warning "Compiler optimizations disabled; functions from <util/delay.h> won't work as designed"
Finished building: ../main.c
 
Building target: Car_Parking_System.elf
Invoking: AVR C Linker
avr-gcc -Wl,-Map,Car_Parking_System.map -mmcu=atmega32 -o "Car_Parking_System.elf"  ./MCAL/gpio.o ./MCAL/icu.o  ./HAL/buzzer.o ./HAL/lcd.o ./HAL/led.o ./HAL/ultrasonic.o  ./main.o   
Finished building target: Car_Parking_System.elf
 
Invoking: AVR Create Extended Listing
avr-objdump -h -S Car_Parking_System.elf  >"Car_Parking_System.lss"
Finished building: Car_Parking_System.lss
 
Invoking: Print Size
avr-size --format=avr --mcu=atmega32 Car_Parking_System.elf
AVR Memory Usage
----------------
Device: atmega32

Program:   12734 bytes (38.9% Full)
(.text + .data + .bootloader)

Data:        290 bytes (14.2% Full)
(.data + .bss + .noinit)


Finished building: sizedummy
 
13:23:22 **** Incremental Build of configuration Debug for project Car_Parking_System ****
make all 
Invoking: Print Size
avr-size --format=avr --mcu=atmega32 Car_Parking_System.elf
AVR Memory Usage
----------------
Device: atmega32

Program:   12734 bytes (38.9% Full)
(.text + .data + .bootloader)

Data:        290 bytes (14.2% Full)
(.data + .bss + .noinit)


Finished building: sizedummy
 
13:26:18 **** Incremental Build of configuration Debug for project Car_Parking_System ****
make all 
Building file: ../MCAL/icu.c
Invoking: AVR Compiler
avr-gcc -Wall -g2 -gstabs -O0 -fpack-struct -fshort-enums -ffunction-sections -fdata-sections -std=gnu99 -funsigned-char -funsigned-bitfields -mmcu=atmega32 -DF_CPU=16000000UL -MMD -MP -MF"MCAL/icu.d" -MT"MCAL/icu.o" -c -o "MCAL/icu.o" "../MCAL/icu.c"
../MCAL/icu.c:13: warning: return type defaults to 'int'
../MCAL/icu.c: In function 'ISR':
../MCAL/icu.c:13: warning: type of '__vector_9' defaults to 'int'
../MCAL/icu.c:21: warning: control reaches end of non-void function
../MCAL/icu.c: In function 'ICU_setCallBack':
../MCAL/icu.c:69: warning: function return types not compatible due to 'volatile'
Finished building: ../MCAL/icu.c
 
Building target: Car_Parking_System.elf
Invoking: AVR C Linker
avr-gcc -Wl,-Map,Car_Parking_System.map -mmcu=atmega32 -o "Car_Parking_System.elf"  ./MCAL/gpio.o ./MCAL/icu.o  ./HAL/buzzer.o ./HAL/lcd.o ./HAL/led.o ./HAL/ultrasonic.o  ./main.o   
Finished building target: Car_Parking_System.elf
 
Invoking: AVR Create Extended Listing
avr-objdump -h -S Car_Parking_System.elf  >"Car_Parking_System.lss"
Finished building: Car_Parking_System.lss
 
Invoking: Print Size
avr-size --format=avr --mcu=atmega32 Car_Parking_System.elf
AVR Memory Usage
----------------
Device: atmega32

Program:   12734 bytes (38.9% Full)
(.text + .data + .bootloader)

Data:        290 bytes (14.2% Full)
(.data + .bss + .noinit)


Finished building: sizedummy
 
13:28:59 **** Incremental Build of configuration Debug for project Car_Parking_System ****
make all 
Building file: ../main.c
Invoking: AVR Compiler
avr-gcc -Wall -g2 -gstabs -O0 -fpack-struct -fshort-enums -ffunction-sections -fdata-sections -std=gnu99 -funsigned-char -funsigned-bitfields -mmcu=atmega32 -DF_CPU=16000000UL -MMD -MP -MF"main.d" -MT"main.o" -c -o "main.o" "../main.c"
In file included from ../main.c:3:
c:/winavr-20100110/lib/gcc/../../avr/include/avr/delay.h:36:2: warning: #warning "This file has been moved to <util/delay.h>."
In file included from c:/winavr-20100110/lib/gcc/../../avr/include/avr/delay.h:37,
                 from ../main.c:3:
c:/winavr-20100110/lib/gcc/../../avr/include/util/delay.h:90:3: warning: #warning "Compiler optimizations disabled; functions from <util/delay.h> won't work as designed"
Finished building: ../main.c
 
Building target: Car_Parking_System.elf
Invoking: AVR C Linker
avr-gcc -Wl,-Map,Car_Parking_System.map -mmcu=atmega32 -o "Car_Parking_System.elf"  ./MCAL/gpio.o ./MCAL/icu.o  ./HAL/buzzer.o ./HAL/lcd.o ./HAL/led.o ./HAL/ultrasonic.o  ./main.o   
Finished building target: Car_Parking_System.elf
 
Invoking: AVR Create Extended Listing
avr-objdump -h -S Car_Parking_System.elf  >"Car_Parking_System.lss"
Finished building: Car_Parking_System.lss
 
Invoking: Print Size
avr-size --format=avr --mcu=atmega32 Car_Parking_System.elf
AVR Memory Usage
----------------
Device: atmega32

Program:   12762 bytes (38.9% Full)
(.text + .data + .bootloader)

Data:        290 bytes (14.2% Full)
(.data + .bss + .noinit)


Finished building: sizedummy
 
13:32:24 **** Incremental Build of configuration Debug for project Car_Parking_System ****
make all 
Building file: ../MCAL/icu.c
Invoking: AVR Compiler
avr-gcc -Wall -g2 -gstabs -O0 -fpack-struct -fshort-enums -ffunction-sections -fdata-sections -std=gnu99 -funsigned-char -funsigned-bitfields -mmcu=atmega32 -DF_CPU=16000000UL -MMD -MP -MF"MCAL/icu.d" -MT"MCAL/icu.o" -c -o "MCAL/icu.o" "../MCAL/icu.c"
../MCAL/icu.c:13: warning: return type defaults to 'int'
../MCAL/icu.c: In function 'ISR':
../MCAL/icu.c:13: warning: type of '__vector_6' defaults to 'int'
../MCAL/icu.c:21: warning: control reaches end of non-void function
../MCAL/icu.c: In function 'ICU_setCallBack':
../MCAL/icu.c:69: warning: function return types not compatible due to 'volatile'
Finished building: ../MCAL/icu.c
 
Building target: Car_Parking_System.elf
Invoking: AVR C Linker
avr-gcc -Wl,-Map,Car_Parking_System.map -mmcu=atmega32 -o "Car_Parking_System.elf"  ./MCAL/gpio.o ./MCAL/icu.o  ./HAL/buzzer.o ./HAL/lcd.o ./HAL/led.o ./HAL/ultrasonic.o  ./main.o   
Finished building target: Car_Parking_System.elf
 
Invoking: AVR Create Extended Listing
avr-objdump -h -S Car_Parking_System.elf  >"Car_Parking_System.lss"
Finished building: Car_Parking_System.lss
 
Invoking: Print Size
avr-size --format=avr --mcu=atmega32 Car_Parking_System.elf
AVR Memory Usage
----------------
Device: atmega32

Program:   12762 bytes (38.9% Full)
(.text + .data + .bootloader)

Data:        290 bytes (14.2% Full)
(.data + .bss + .noinit)


Finished building: sizedummy
 
13:34:02 **** Incremental Build of configuration Debug for project Car_Parking_System ****
make all 
Building file: ../main.c
Invoking: AVR Compiler
avr-gcc -Wall -g2 -gstabs -O0 -fpack-struct -fshort-enums -ffunction-sections -fdata-sections -std=gnu99 -funsigned-char -funsigned-bitfields -mmcu=atmega32 -DF_CPU=16000000UL -MMD -MP -MF"main.d" -MT"main.o" -c -o "main.o" "../main.c"
In file included from ../main.c:3:
c:/winavr-20100110/lib/gcc/../../avr/include/avr/delay.h:36:2: warning: #warning "This file has been moved to <util/delay.h>."
In file included from c:/winavr-20100110/lib/gcc/../../avr/include/avr/delay.h:37,
                 from ../main.c:3:
c:/winavr-20100110/lib/gcc/../../avr/include/util/delay.h:90:3: warning: #warning "Compiler optimizations disabled; functions from <util/delay.h> won't work as designed"
Finished building: ../main.c
 
Building target: Car_Parking_System.elf
Invoking: AVR C Linker
avr-gcc -Wl,-Map,Car_Parking_System.map -mmcu=atmega32 -o "Car_Parking_System.elf"  ./MCAL/gpio.o ./MCAL/icu.o  ./HAL/buzzer.o ./HAL/lcd.o ./HAL/led.o ./HAL/ultrasonic.o  ./main.o   
Finished building target: Car_Parking_System.elf
 
Invoking: AVR Create Extended Listing
avr-objdump -h -S Car_Parking_System.elf  >"Car_Parking_System.lss"
Finished building: Car_Parking_System.lss
 
Invoking: Print Size
avr-size --format=avr --mcu=atmega32 Car_Parking_System.elf
AVR Memory Usage
----------------
Device: atmega32

Program:   12756 bytes (38.9% Full)
(.text + .data + .bootloader)

Data:        290 bytes (14.2% Full)
(.data + .bss + .noinit)


Finished building: sizedummy
 
13:36:20 **** Incremental Build of configuration Debug for project Car_Parking_System ****
make all 
Building file: ../main.c
Invoking: AVR Compiler
avr-gcc -Wall -g2 -gstabs -O0 -fpack-struct -fshort-enums -ffunction-sections -fdata-sections -std=gnu99 -funsigned-char -funsigned-bitfields -mmcu=atmega32 -DF_CPU=16000000UL -MMD -MP -MF"main.d" -MT"main.o" -c -o "main.o" "../main.c"
In file included from ../main.c:3:
c:/winavr-20100110/lib/gcc/../../avr/include/avr/delay.h:36:2: warning: #warning "This file has been moved to <util/delay.h>."
In file included from c:/winavr-20100110/lib/gcc/../../avr/include/avr/delay.h:37,
                 from ../main.c:3:
c:/winavr-20100110/lib/gcc/../../avr/include/util/delay.h:90:3: warning: #warning "Compiler optimizations disabled; functions from <util/delay.h> won't work as designed"
Finished building: ../main.c
 
Building target: Car_Parking_System.elf
Invoking: AVR C Linker
avr-gcc -Wl,-Map,Car_Parking_System.map -mmcu=atmega32 -o "Car_Parking_System.elf"  ./MCAL/gpio.o ./MCAL/icu.o  ./HAL/buzzer.o ./HAL/lcd.o ./HAL/led.o ./HAL/ultrasonic.o  ./main.o   
Finished building target: Car_Parking_System.elf
 
Invoking: AVR Create Extended Listing
avr-objdump -h -S Car_Parking_System.elf  >"Car_Parking_System.lss"
Finished building: Car_Parking_System.lss
 
Invoking: Print Size
avr-size --format=avr --mcu=atmega32 Car_Parking_System.elf
AVR Memory Usage
----------------
Device: atmega32

Program:   12752 bytes (38.9% Full)
(.text + .data + .bootloader)

Data:        290 bytes (14.2% Full)
(.data + .bss + .noinit)


Finished building: sizedummy
 
13:36:50 **** Incremental Build of configuration Debug for project Car_Parking_System ****
make all 
Building file: ../main.c
Invoking: AVR Compiler
avr-gcc -Wall -g2 -gstabs -O0 -fpack-struct -fshort-enums -ffunction-sections -fdata-sections -std=gnu99 -funsigned-char -funsigned-bitfields -mmcu=atmega32 -DF_CPU=16000000UL -MMD -MP -MF"main.d" -MT"main.o" -c -o "main.o" "../main.c"
In file included from ../main.c:3:
c:/winavr-20100110/lib/gcc/../../avr/include/avr/delay.h:36:2: warning: #warning "This file has been moved to <util/delay.h>."
In file included from c:/winavr-20100110/lib/gcc/../../avr/include/avr/delay.h:37,
                 from ../main.c:3:
c:/winavr-20100110/lib/gcc/../../avr/include/util/delay.h:90:3: warning: #warning "Compiler optimizations disabled; functions from <util/delay.h> won't work as designed"
Finished building: ../main.c
 
Building target: Car_Parking_System.elf
Invoking: AVR C Linker
avr-gcc -Wl,-Map,Car_Parking_System.map -mmcu=atmega32 -o "Car_Parking_System.elf"  ./MCAL/gpio.o ./MCAL/icu.o  ./HAL/buzzer.o ./HAL/lcd.o ./HAL/led.o ./HAL/ultrasonic.o  ./main.o   
Finished building target: Car_Parking_System.elf
 
Invoking: AVR Create Extended Listing
avr-objdump -h -S Car_Parking_System.elf  >"Car_Parking_System.lss"
Finished building: Car_Parking_System.lss
 
Invoking: Print Size
avr-size --format=avr --mcu=atmega32 Car_Parking_System.elf
AVR Memory Usage
----------------
Device: atmega32

Program:   12752 bytes (38.9% Full)
(.text + .data + .bootloader)

Data:        290 bytes (14.2% Full)
(.data + .bss + .noinit)


Finished building: sizedummy
 
13:37:04 **** Incremental Build of configuration Debug for project Car_Parking_System ****
make all 
Building file: ../main.c
Invoking: AVR Compiler
avr-gcc -Wall -g2 -gstabs -O0 -fpack-struct -fshort-enums -ffunction-sections -fdata-sections -std=gnu99 -funsigned-char -funsigned-bitfields -mmcu=atmega32 -DF_CPU=16000000UL -MMD -MP -MF"main.d" -MT"main.o" -c -o "main.o" "../main.c"
In file included from ../main.c:3:
c:/winavr-20100110/lib/gcc/../../avr/include/avr/delay.h:36:2: warning: #warning "This file has been moved to <util/delay.h>."
In file included from c:/winavr-20100110/lib/gcc/../../avr/include/avr/delay.h:37,
                 from ../main.c:3:
c:/winavr-20100110/lib/gcc/../../avr/include/util/delay.h:90:3: warning: #warning "Compiler optimizations disabled; functions from <util/delay.h> won't work as designed"
Finished building: ../main.c
 
Building target: Car_Parking_System.elf
Invoking: AVR C Linker
avr-gcc -Wl,-Map,Car_Parking_System.map -mmcu=atmega32 -o "Car_Parking_System.elf"  ./MCAL/gpio.o ./MCAL/icu.o  ./HAL/buzzer.o ./HAL/lcd.o ./HAL/led.o ./HAL/ultrasonic.o  ./main.o   
Finished building target: Car_Parking_System.elf
 
Invoking: AVR Create Extended Listing
avr-objdump -h -S Car_Parking_System.elf  >"Car_Parking_System.lss"
Finished building: Car_Parking_System.lss
 
Invoking: Print Size
avr-size --format=avr --mcu=atmega32 Car_Parking_System.elf
AVR Memory Usage
----------------
Device: atmega32

Program:   12752 bytes (38.9% Full)
(.text + .data + .bootloader)

Data:        290 bytes (14.2% Full)
(.data + .bss + .noinit)


Finished building: sizedummy
 
13:38:26 **** Incremental Build of configuration Debug for project Car_Parking_System ****
make all 
Building file: ../main.c
Invoking: AVR Compiler
avr-gcc -Wall -g2 -gstabs -O0 -fpack-struct -fshort-enums -ffunction-sections -fdata-sections -std=gnu99 -funsigned-char -funsigned-bitfields -mmcu=atmega32 -DF_CPU=16000000UL -MMD -MP -MF"main.d" -MT"main.o" -c -o "main.o" "../main.c"
In file included from ../main.c:3:
c:/winavr-20100110/lib/gcc/../../avr/include/avr/delay.h:36:2: warning: #warning "This file has been moved to <util/delay.h>."
In file included from c:/winavr-20100110/lib/gcc/../../avr/include/avr/delay.h:37,
                 from ../main.c:3:
c:/winavr-20100110/lib/gcc/../../avr/include/util/delay.h:90:3: warning: #warning "Compiler optimizations disabled; functions from <util/delay.h> won't work as designed"
Finished building: ../main.c
 
Building target: Car_Parking_System.elf
Invoking: AVR C Linker
avr-gcc -Wl,-Map,Car_Parking_System.map -mmcu=atmega32 -o "Car_Parking_System.elf"  ./MCAL/gpio.o ./MCAL/icu.o  ./HAL/buzzer.o ./HAL/lcd.o ./HAL/led.o ./HAL/ultrasonic.o  ./main.o   
Finished building target: Car_Parking_System.elf
 
Invoking: AVR Create Extended Listing
avr-objdump -h -S Car_Parking_System.elf  >"Car_Parking_System.lss"
Finished building: Car_Parking_System.lss
 
Invoking: Print Size
avr-size --format=avr --mcu=atmega32 Car_Parking_System.elf
AVR Memory Usage
----------------
Device: atmega32

Program:   12752 bytes (38.9% Full)
(.text + .data + .bootloader)

Data:        290 bytes (14.2% Full)
(.data + .bss + .noinit)


Finished building: sizedummy
 
13:38:42 **** Incremental Build of configuration Debug for project Car_Parking_System ****
make all 
Building file: ../main.c
Invoking: AVR Compiler
avr-gcc -Wall -g2 -gstabs -O0 -fpack-struct -fshort-enums -ffunction-sections -fdata-sections -std=gnu99 -funsigned-char -funsigned-bitfields -mmcu=atmega32 -DF_CPU=16000000UL -MMD -MP -MF"main.d" -MT"main.o" -c -o "main.o" "../main.c"
In file included from ../main.c:3:
c:/winavr-20100110/lib/gcc/../../avr/include/avr/delay.h:36:2: warning: #warning "This file has been moved to <util/delay.h>."
In file included from c:/winavr-20100110/lib/gcc/../../avr/include/avr/delay.h:37,
                 from ../main.c:3:
c:/winavr-20100110/lib/gcc/../../avr/include/util/delay.h:90:3: warning: #warning "Compiler optimizations disabled; functions from <util/delay.h> won't work as designed"
Finished building: ../main.c
 
Building target: Car_Parking_System.elf
Invoking: AVR C Linker
avr-gcc -Wl,-Map,Car_Parking_System.map -mmcu=atmega32 -o "Car_Parking_System.elf"  ./MCAL/gpio.o ./MCAL/icu.o  ./HAL/buzzer.o ./HAL/lcd.o ./HAL/led.o ./HAL/ultrasonic.o  ./main.o   
Finished building target: Car_Parking_System.elf
 
Invoking: AVR Create Extended Listing
avr-objdump -h -S Car_Parking_System.elf  >"Car_Parking_System.lss"
Finished building: Car_Parking_System.lss
 
Invoking: Print Size
avr-size --format=avr --mcu=atmega32 Car_Parking_System.elf
AVR Memory Usage
----------------
Device: atmega32

Program:   12750 bytes (38.9% Full)
(.text + .data + .bootloader)

Data:        290 bytes (14.2% Full)
(.data + .bss + .noinit)


Finished building: sizedummy
 
13:39:13 **** Incremental Build of configuration Debug for project Car_Parking_System ****
make all 
Building file: ../main.c
Invoking: AVR Compiler
avr-gcc -Wall -g2 -gstabs -O0 -fpack-struct -fshort-enums -ffunction-sections -fdata-sections -std=gnu99 -funsigned-char -funsigned-bitfields -mmcu=atmega32 -DF_CPU=16000000UL -MMD -MP -MF"main.d" -MT"main.o" -c -o "main.o" "../main.c"
In file included from ../main.c:3:
c:/winavr-20100110/lib/gcc/../../avr/include/avr/delay.h:36:2: warning: #warning "This file has been moved to <util/delay.h>."
In file included from c:/winavr-20100110/lib/gcc/../../avr/include/avr/delay.h:37,
                 from ../main.c:3:
c:/winavr-20100110/lib/gcc/../../avr/include/util/delay.h:90:3: warning: #warning "Compiler optimizations disabled; functions from <util/delay.h> won't work as designed"
Finished building: ../main.c
 
Building target: Car_Parking_System.elf
Invoking: AVR C Linker
avr-gcc -Wl,-Map,Car_Parking_System.map -mmcu=atmega32 -o "Car_Parking_System.elf"  ./MCAL/gpio.o ./MCAL/icu.o  ./HAL/buzzer.o ./HAL/lcd.o ./HAL/led.o ./HAL/ultrasonic.o  ./main.o   
Finished building target: Car_Parking_System.elf
 
Invoking: AVR Create Extended Listing
avr-objdump -h -S Car_Parking_System.elf  >"Car_Parking_System.lss"
Finished building: Car_Parking_System.lss
 
Invoking: Print Size
avr-size --format=avr --mcu=atmega32 Car_Parking_System.elf
AVR Memory Usage
----------------
Device: atmega32

Program:   12752 bytes (38.9% Full)
(.text + .data + .bootloader)

Data:        290 bytes (14.2% Full)
(.data + .bss + .noinit)


Finished building: sizedummy
 
13:39:28 **** Incremental Build of configuration Debug for project Car_Parking_System ****
make all 
Building file: ../main.c
Invoking: AVR Compiler
avr-gcc -Wall -g2 -gstabs -O0 -fpack-struct -fshort-enums -ffunction-sections -fdata-sections -std=gnu99 -funsigned-char -funsigned-bitfields -mmcu=atmega32 -DF_CPU=16000000UL -MMD -MP -MF"main.d" -MT"main.o" -c -o "main.o" "../main.c"
In file included from ../main.c:3:
c:/winavr-20100110/lib/gcc/../../avr/include/avr/delay.h:36:2: warning: #warning "This file has been moved to <util/delay.h>."
In file included from c:/winavr-20100110/lib/gcc/../../avr/include/avr/delay.h:37,
                 from ../main.c:3:
c:/winavr-20100110/lib/gcc/../../avr/include/util/delay.h:90:3: warning: #warning "Compiler optimizations disabled; functions from <util/delay.h> won't work as designed"
Finished building: ../main.c
 
Building target: Car_Parking_System.elf
Invoking: AVR C Linker
avr-gcc -Wl,-Map,Car_Parking_System.map -mmcu=atmega32 -o "Car_Parking_System.elf"  ./MCAL/gpio.o ./MCAL/icu.o  ./HAL/buzzer.o ./HAL/lcd.o ./HAL/led.o ./HAL/ultrasonic.o  ./main.o   
Finished building target: Car_Parking_System.elf
 
Invoking: AVR Create Extended Listing
avr-objdump -h -S Car_Parking_System.elf  >"Car_Parking_System.lss"
Finished building: Car_Parking_System.lss
 
Invoking: Print Size
avr-size --format=avr --mcu=atmega32 Car_Parking_System.elf
AVR Memory Usage
----------------
Device: atmega32

Program:   12738 bytes (38.9% Full)
(.text + .data + .bootloader)

Data:        290 bytes (14.2% Full)
(.data + .bss + .noinit)


Finished building: sizedummy
 
13:39:33 **** Incremental Build of configuration Debug for project Car_Parking_System ****
make all 
Building file: ../main.c
Invoking: AVR Compiler
avr-gcc -Wall -g2 -gstabs -O0 -fpack-struct -fshort-enums -ffunction-sections -fdata-sections -std=gnu99 -funsigned-char -funsigned-bitfields -mmcu=atmega32 -DF_CPU=16000000UL -MMD -MP -MF"main.d" -MT"main.o" -c -o "main.o" "../main.c"
In file included from ../main.c:3:
c:/winavr-20100110/lib/gcc/../../avr/include/avr/delay.h:36:2: warning: #warning "This file has been moved to <util/delay.h>."
In file included from c:/winavr-20100110/lib/gcc/../../avr/include/avr/delay.h:37,
                 from ../main.c:3:
c:/winavr-20100110/lib/gcc/../../avr/include/util/delay.h:90:3: warning: #warning "Compiler optimizations disabled; functions from <util/delay.h> won't work as designed"
Finished building: ../main.c
 
Building target: Car_Parking_System.elf
Invoking: AVR C Linker
avr-gcc -Wl,-Map,Car_Parking_System.map -mmcu=atmega32 -o "Car_Parking_System.elf"  ./MCAL/gpio.o ./MCAL/icu.o  ./HAL/buzzer.o ./HAL/lcd.o ./HAL/led.o ./HAL/ultrasonic.o  ./main.o   
Finished building target: Car_Parking_System.elf
 
Invoking: AVR Create Extended Listing
avr-objdump -h -S Car_Parking_System.elf  >"Car_Parking_System.lss"
Finished building: Car_Parking_System.lss
 
Invoking: Print Size
avr-size --format=avr --mcu=atmega32 Car_Parking_System.elf
AVR Memory Usage
----------------
Device: atmega32

Program:   12744 bytes (38.9% Full)
(.text + .data + .bootloader)

Data:        290 bytes (14.2% Full)
(.data + .bss + .noinit)


Finished building: sizedummy
 
13:40:57 **** Incremental Build of configuration Debug for project Car_Parking_System ****
make all 
Building file: ../HAL/ultrasonic.c
Invoking: AVR Compiler
avr-gcc -Wall -g2 -gstabs -O0 -fpack-struct -fshort-enums -ffunction-sections -fdata-sections -std=gnu99 -funsigned-char -funsigned-bitfields -mmcu=atmega32 -DF_CPU=16000000UL -MMD -MP -MF"HAL/ultrasonic.d" -MT"HAL/ultrasonic.o" -c -o "HAL/ultrasonic.o" "../HAL/ultrasonic.c"
In file included from ../HAL/ultrasonic.c:2:
c:/winavr-20100110/lib/gcc/../../avr/include/avr/delay.h:36:2: warning: #warning "This file has been moved to <util/delay.h>."
In file included from c:/winavr-20100110/lib/gcc/../../avr/include/avr/delay.h:37,
                 from ../HAL/ultrasonic.c:2:
c:/winavr-20100110/lib/gcc/../../avr/include/util/delay.h:90:3: warning: #warning "Compiler optimizations disabled; functions from <util/delay.h> won't work as designed"
../HAL/ultrasonic.c: In function 'Ultrasonic_edgeProcessing':
../HAL/ultrasonic.c:58: warning: implicit declaration of function 'LED_on'
../HAL/ultrasonic.c:58: error: 'RED' undeclared (first use in this function)
../HAL/ultrasonic.c:58: error: (Each undeclared identifier is reported only once
../HAL/ultrasonic.c:58: error: for each function it appears in.)
make: *** [HAL/ultrasonic.o] Error 1
"make all" terminated with exit code 2. Build might be incomplete.
13:41:09 **** Incremental Build of configuration Debug for project Car_Parking_System ****
make all 
Building file: ../MCAL/icu.c
Invoking: AVR Compiler
avr-gcc -Wall -g2 -gstabs -O0 -fpack-struct -fshort-enums -ffunction-sections -fdata-sections -std=gnu99 -funsigned-char -funsigned-bitfields -mmcu=atmega32 -DF_CPU=16000000UL -MMD -MP -MF"MCAL/icu.d" -MT"MCAL/icu.o" -c -o "MCAL/icu.o" "../MCAL/icu.c"
../MCAL/icu.c:13: warning: return type defaults to 'int'
../MCAL/icu.c: In function 'ISR':
../MCAL/icu.c:13: warning: type of '__vector_6' defaults to 'int'
../MCAL/icu.c:15: warning: implicit declaration of function 'LED_on'
../MCAL/icu.c:15: error: 'RED' undeclared (first use in this function)
../MCAL/icu.c:15: error: (Each undeclared identifier is reported only once
../MCAL/icu.c:15: error: for each function it appears in.)
../MCAL/icu.c:22: warning: control reaches end of non-void function
../MCAL/icu.c: In function 'ICU_setCallBack':
../MCAL/icu.c:70: warning: function return types not compatible due to 'volatile'
make: *** [MCAL/icu.o] Error 1
"make all" terminated with exit code 2. Build might be incomplete.
13:41:36 **** Incremental Build of configuration Debug for project Car_Parking_System ****
make all 
Building file: ../MCAL/icu.c
Invoking: AVR Compiler
avr-gcc -Wall -g2 -gstabs -O0 -fpack-struct -fshort-enums -ffunction-sections -fdata-sections -std=gnu99 -funsigned-char -funsigned-bitfields -mmcu=atmega32 -DF_CPU=16000000UL -MMD -MP -MF"MCAL/icu.d" -MT"MCAL/icu.o" -c -o "MCAL/icu.o" "../MCAL/icu.c"
../MCAL/icu.c:14: warning: return type defaults to 'int'
../MCAL/icu.c: In function 'ISR':
../MCAL/icu.c:14: warning: type of '__vector_6' defaults to 'int'
../MCAL/icu.c:23: warning: control reaches end of non-void function
../MCAL/icu.c: In function 'ICU_setCallBack':
../MCAL/icu.c:71: warning: function return types not compatible due to 'volatile'
Finished building: ../MCAL/icu.c
 
Building file: ../HAL/ultrasonic.c
Invoking: AVR Compiler
avr-gcc -Wall -g2 -gstabs -O0 -fpack-struct -fshort-enums -ffunction-sections -fdata-sections -std=gnu99 -funsigned-char -funsigned-bitfields -mmcu=atmega32 -DF_CPU=16000000UL -MMD -MP -MF"HAL/ultrasonic.d" -MT"HAL/ultrasonic.o" -c -o "HAL/ultrasonic.o" "../HAL/ultrasonic.c"
In file included from ../HAL/ultrasonic.c:2:
c:/winavr-20100110/lib/gcc/../../avr/include/avr/delay.h:36:2: warning: #warning "This file has been moved to <util/delay.h>."
In file included from c:/winavr-20100110/lib/gcc/../../avr/include/avr/delay.h:37,
                 from ../HAL/ultrasonic.c:2:
c:/winavr-20100110/lib/gcc/../../avr/include/util/delay.h:90:3: warning: #warning "Compiler optimizations disabled; functions from <util/delay.h> won't work as designed"
Finished building: ../HAL/ultrasonic.c
 
Building file: ../main.c
Invoking: AVR Compiler
avr-gcc -Wall -g2 -gstabs -O0 -fpack-struct -fshort-enums -ffunction-sections -fdata-sections -std=gnu99 -funsigned-char -funsigned-bitfields -mmcu=atmega32 -DF_CPU=16000000UL -MMD -MP -MF"main.d" -MT"main.o" -c -o "main.o" "../main.c"
In file included from ../main.c:3:
c:/winavr-20100110/lib/gcc/../../avr/include/avr/delay.h:36:2: warning: #warning "This file has been moved to <util/delay.h>."
In file included from c:/winavr-20100110/lib/gcc/../../avr/include/avr/delay.h:37,
                 from ../main.c:3:
c:/winavr-20100110/lib/gcc/../../avr/include/util/delay.h:90:3: warning: #warning "Compiler optimizations disabled; functions from <util/delay.h> won't work as designed"
Finished building: ../main.c
 
Building target: Car_Parking_System.elf
Invoking: AVR C Linker
avr-gcc -Wl,-Map,Car_Parking_System.map -mmcu=atmega32 -o "Car_Parking_System.elf"  ./MCAL/gpio.o ./MCAL/icu.o  ./HAL/buzzer.o ./HAL/lcd.o ./HAL/led.o ./HAL/ultrasonic.o  ./main.o   
Finished building target: Car_Parking_System.elf
 
Invoking: AVR Create Extended Listing
avr-objdump -h -S Car_Parking_System.elf  >"Car_Parking_System.lss"
Finished building: Car_Parking_System.lss
 
Invoking: Print Size
avr-size --format=avr --mcu=atmega32 Car_Parking_System.elf
AVR Memory Usage
----------------
Device: atmega32

Program:   12748 bytes (38.9% Full)
(.text + .data + .bootloader)

Data:        290 bytes (14.2% Full)
(.data + .bss + .noinit)


Finished building: sizedummy
 
13:41:48 **** Incremental Build of configuration Debug for project Car_Parking_System ****
make all 
Building file: ../main.c
Invoking: AVR Compiler
avr-gcc -Wall -g2 -gstabs -O0 -fpack-struct -fshort-enums -ffunction-sections -fdata-sections -std=gnu99 -funsigned-char -funsigned-bitfields -mmcu=atmega32 -DF_CPU=16000000UL -MMD -MP -MF"main.d" -MT"main.o" -c -o "main.o" "../main.c"
In file included from ../main.c:3:
c:/winavr-20100110/lib/gcc/../../avr/include/avr/delay.h:36:2: warning: #warning "This file has been moved to <util/delay.h>."
In file included from c:/winavr-20100110/lib/gcc/../../avr/include/avr/delay.h:37,
                 from ../main.c:3:
c:/winavr-20100110/lib/gcc/../../avr/include/util/delay.h:90:3: warning: #warning "Compiler optimizations disabled; functions from <util/delay.h> won't work as designed"
Finished building: ../main.c
 
Building target: Car_Parking_System.elf
Invoking: AVR C Linker
avr-gcc -Wl,-Map,Car_Parking_System.map -mmcu=atmega32 -o "Car_Parking_System.elf"  ./MCAL/gpio.o ./MCAL/icu.o  ./HAL/buzzer.o ./HAL/lcd.o ./HAL/led.o ./HAL/ultrasonic.o  ./main.o   
Finished building target: Car_Parking_System.elf
 
Invoking: AVR Create Extended Listing
avr-objdump -h -S Car_Parking_System.elf  >"Car_Parking_System.lss"
Finished building: Car_Parking_System.lss
 
Invoking: Print Size
avr-size --format=avr --mcu=atmega32 Car_Parking_System.elf
AVR Memory Usage
----------------
Device: atmega32

Program:   12746 bytes (38.9% Full)
(.text + .data + .bootloader)

Data:        290 bytes (14.2% Full)
(.data + .bss + .noinit)


Finished building: sizedummy
 
13:44:25 **** Incremental Build of configuration Debug for project Car_Parking_System ****
make all 
Building file: ../MCAL/icu.c
Invoking: AVR Compiler
avr-gcc -Wall -g2 -gstabs -O0 -fpack-struct -fshort-enums -ffunction-sections -fdata-sections -std=gnu99 -funsigned-char -funsigned-bitfields -mmcu=atmega32 -DF_CPU=16000000UL -MMD -MP -MF"MCAL/icu.d" -MT"MCAL/icu.o" -c -o "MCAL/icu.o" "../MCAL/icu.c"
../MCAL/icu.c:14: warning: return type defaults to 'int'
../MCAL/icu.c: In function 'ISR':
../MCAL/icu.c:14: warning: type of '__vector_6' defaults to 'int'
../MCAL/icu.c:24: warning: control reaches end of non-void function
../MCAL/icu.c: In function 'ICU_setCallBack':
../MCAL/icu.c:74: warning: function return types not compatible due to 'volatile'
Finished building: ../MCAL/icu.c
 
Building file: ../main.c
Invoking: AVR Compiler
avr-gcc -Wall -g2 -gstabs -O0 -fpack-struct -fshort-enums -ffunction-sections -fdata-sections -std=gnu99 -funsigned-char -funsigned-bitfields -mmcu=atmega32 -DF_CPU=16000000UL -MMD -MP -MF"main.d" -MT"main.o" -c -o "main.o" "../main.c"
In file included from ../main.c:3:
c:/winavr-20100110/lib/gcc/../../avr/include/avr/delay.h:36:2: warning: #warning "This file has been moved to <util/delay.h>."
In file included from c:/winavr-20100110/lib/gcc/../../avr/include/avr/delay.h:37,
                 from ../main.c:3:
c:/winavr-20100110/lib/gcc/../../avr/include/util/delay.h:90:3: warning: #warning "Compiler optimizations disabled; functions from <util/delay.h> won't work as designed"
Finished building: ../main.c
 
Building target: Car_Parking_System.elf
Invoking: AVR C Linker
avr-gcc -Wl,-Map,Car_Parking_System.map -mmcu=atmega32 -o "Car_Parking_System.elf"  ./MCAL/gpio.o ./MCAL/icu.o  ./HAL/buzzer.o ./HAL/lcd.o ./HAL/led.o ./HAL/ultrasonic.o  ./main.o   
Finished building target: Car_Parking_System.elf
 
Invoking: AVR Create Extended Listing
avr-objdump -h -S Car_Parking_System.elf  >"Car_Parking_System.lss"
Finished building: Car_Parking_System.lss
 
Invoking: Print Size
avr-size --format=avr --mcu=atmega32 Car_Parking_System.elf
AVR Memory Usage
----------------
Device: atmega32

Program:   12762 bytes (38.9% Full)
(.text + .data + .bootloader)

Data:        290 bytes (14.2% Full)
(.data + .bss + .noinit)


Finished building: sizedummy
 
13:45:09 **** Incremental Build of configuration Debug for project Car_Parking_System ****
make all 
Building file: ../HAL/ultrasonic.c
Invoking: AVR Compiler
avr-gcc -Wall -g2 -gstabs -O0 -fpack-struct -fshort-enums -ffunction-sections -fdata-sections -std=gnu99 -funsigned-char -funsigned-bitfields -mmcu=atmega32 -DF_CPU=16000000UL -MMD -MP -MF"HAL/ultrasonic.d" -MT"HAL/ultrasonic.o" -c -o "HAL/ultrasonic.o" "../HAL/ultrasonic.c"
In file included from ../HAL/ultrasonic.c:2:
c:/winavr-20100110/lib/gcc/../../avr/include/avr/delay.h:36:2: warning: #warning "This file has been moved to <util/delay.h>."
In file included from c:/winavr-20100110/lib/gcc/../../avr/include/avr/delay.h:37,
                 from ../HAL/ultrasonic.c:2:
c:/winavr-20100110/lib/gcc/../../avr/include/util/delay.h:90:3: warning: #warning "Compiler optimizations disabled; functions from <util/delay.h> won't work as designed"
Finished building: ../HAL/ultrasonic.c
 
Building target: Car_Parking_System.elf
Invoking: AVR C Linker
avr-gcc -Wl,-Map,Car_Parking_System.map -mmcu=atmega32 -o "Car_Parking_System.elf"  ./MCAL/gpio.o ./MCAL/icu.o  ./HAL/buzzer.o ./HAL/lcd.o ./HAL/led.o ./HAL/ultrasonic.o  ./main.o   
Finished building target: Car_Parking_System.elf
 
Invoking: AVR Create Extended Listing
avr-objdump -h -S Car_Parking_System.elf  >"Car_Parking_System.lss"
Finished building: Car_Parking_System.lss
 
Invoking: Print Size
avr-size --format=avr --mcu=atmega32 Car_Parking_System.elf
AVR Memory Usage
----------------
Device: atmega32

Program:   12762 bytes (38.9% Full)
(.text + .data + .bootloader)

Data:        290 bytes (14.2% Full)
(.data + .bss + .noinit)


Finished building: sizedummy
 
13:45:54 **** Incremental Build of configuration Debug for project Car_Parking_System ****
make all 
Building file: ../HAL/ultrasonic.c
Invoking: AVR Compiler
avr-gcc -Wall -g2 -gstabs -O0 -fpack-struct -fshort-enums -ffunction-sections -fdata-sections -std=gnu99 -funsigned-char -funsigned-bitfields -mmcu=atmega32 -DF_CPU=16000000UL -MMD -MP -MF"HAL/ultrasonic.d" -MT"HAL/ultrasonic.o" -c -o "HAL/ultrasonic.o" "../HAL/ultrasonic.c"
In file included from ../HAL/ultrasonic.c:2:
c:/winavr-20100110/lib/gcc/../../avr/include/avr/delay.h:36:2: warning: #warning "This file has been moved to <util/delay.h>."
In file included from c:/winavr-20100110/lib/gcc/../../avr/include/avr/delay.h:37,
                 from ../HAL/ultrasonic.c:2:
c:/winavr-20100110/lib/gcc/../../avr/include/util/delay.h:90:3: warning: #warning "Compiler optimizations disabled; functions from <util/delay.h> won't work as designed"
Finished building: ../HAL/ultrasonic.c
 
Building target: Car_Parking_System.elf
Invoking: AVR C Linker
avr-gcc -Wl,-Map,Car_Parking_System.map -mmcu=atmega32 -o "Car_Parking_System.elf"  ./MCAL/gpio.o ./MCAL/icu.o  ./HAL/buzzer.o ./HAL/lcd.o ./HAL/led.o ./HAL/ultrasonic.o  ./main.o   
Finished building target: Car_Parking_System.elf
 
Invoking: AVR Create Extended Listing
avr-objdump -h -S Car_Parking_System.elf  >"Car_Parking_System.lss"
Finished building: Car_Parking_System.lss
 
Invoking: Print Size
avr-size --format=avr --mcu=atmega32 Car_Parking_System.elf
AVR Memory Usage
----------------
Device: atmega32

Program:   12762 bytes (38.9% Full)
(.text + .data + .bootloader)

Data:        290 bytes (14.2% Full)
(.data + .bss + .noinit)


Finished building: sizedummy
 
13:46:17 **** Incremental Build of configuration Debug for project Car_Parking_System ****
make all 
Building file: ../HAL/ultrasonic.c
Invoking: AVR Compiler
avr-gcc -Wall -g2 -gstabs -O0 -fpack-struct -fshort-enums -ffunction-sections -fdata-sections -std=gnu99 -funsigned-char -funsigned-bitfields -mmcu=atmega32 -DF_CPU=16000000UL -MMD -MP -MF"HAL/ultrasonic.d" -MT"HAL/ultrasonic.o" -c -o "HAL/ultrasonic.o" "../HAL/ultrasonic.c"
In file included from ../HAL/ultrasonic.c:2:
c:/winavr-20100110/lib/gcc/../../avr/include/avr/delay.h:36:2: warning: #warning "This file has been moved to <util/delay.h>."
In file included from c:/winavr-20100110/lib/gcc/../../avr/include/avr/delay.h:37,
                 from ../HAL/ultrasonic.c:2:
c:/winavr-20100110/lib/gcc/../../avr/include/util/delay.h:90:3: warning: #warning "Compiler optimizations disabled; functions from <util/delay.h> won't work as designed"
Finished building: ../HAL/ultrasonic.c
 
Building target: Car_Parking_System.elf
Invoking: AVR C Linker
avr-gcc -Wl,-Map,Car_Parking_System.map -mmcu=atmega32 -o "Car_Parking_System.elf"  ./MCAL/gpio.o ./MCAL/icu.o  ./HAL/buzzer.o ./HAL/lcd.o ./HAL/led.o ./HAL/ultrasonic.o  ./main.o   
Finished building target: Car_Parking_System.elf
 
Invoking: AVR Create Extended Listing
avr-objdump -h -S Car_Parking_System.elf  >"Car_Parking_System.lss"
Finished building: Car_Parking_System.lss
 
Invoking: Print Size
avr-size --format=avr --mcu=atmega32 Car_Parking_System.elf
AVR Memory Usage
----------------
Device: atmega32

Program:   12732 bytes (38.9% Full)
(.text + .data + .bootloader)

Data:        290 bytes (14.2% Full)
(.data + .bss + .noinit)


Finished building: sizedummy
 
13:51:40 **** Incremental Build of configuration Debug for project Car_Parking_System ****
make all 
Building file: ../HAL/ultrasonic.c
Invoking: AVR Compiler
avr-gcc -Wall -g2 -gstabs -O0 -fpack-struct -fshort-enums -ffunction-sections -fdata-sections -std=gnu99 -funsigned-char -funsigned-bitfields -mmcu=atmega32 -DF_CPU=16000000UL -MMD -MP -MF"HAL/ultrasonic.d" -MT"HAL/ultrasonic.o" -c -o "HAL/ultrasonic.o" "../HAL/ultrasonic.c"
In file included from ../HAL/ultrasonic.c:2:
c:/winavr-20100110/lib/gcc/../../avr/include/avr/delay.h:36:2: warning: #warning "This file has been moved to <util/delay.h>."
In file included from c:/winavr-20100110/lib/gcc/../../avr/include/avr/delay.h:37,
                 from ../HAL/ultrasonic.c:2:
c:/winavr-20100110/lib/gcc/../../avr/include/util/delay.h:90:3: warning: #warning "Compiler optimizations disabled; functions from <util/delay.h> won't work as designed"
Finished building: ../HAL/ultrasonic.c
 
Building file: ../main.c
Invoking: AVR Compiler
avr-gcc -Wall -g2 -gstabs -O0 -fpack-struct -fshort-enums -ffunction-sections -fdata-sections -std=gnu99 -funsigned-char -funsigned-bitfields -mmcu=atmega32 -DF_CPU=16000000UL -MMD -MP -MF"main.d" -MT"main.o" -c -o "main.o" "../main.c"
In file included from ../main.c:3:
c:/winavr-20100110/lib/gcc/../../avr/include/avr/delay.h:36:2: warning: #warning "This file has been moved to <util/delay.h>."
In file included from c:/winavr-20100110/lib/gcc/../../avr/include/avr/delay.h:37,
                 from ../main.c:3:
c:/winavr-20100110/lib/gcc/../../avr/include/util/delay.h:90:3: warning: #warning "Compiler optimizations disabled; functions from <util/delay.h> won't work as designed"
Finished building: ../main.c
 
Building target: Car_Parking_System.elf
Invoking: AVR C Linker
avr-gcc -Wl,-Map,Car_Parking_System.map -mmcu=atmega32 -o "Car_Parking_System.elf"  ./MCAL/gpio.o ./MCAL/icu.o  ./HAL/buzzer.o ./HAL/lcd.o ./HAL/led.o ./HAL/ultrasonic.o  ./main.o   
Finished building target: Car_Parking_System.elf
 
Invoking: AVR Create Extended Listing
avr-objdump -h -S Car_Parking_System.elf  >"Car_Parking_System.lss"
Finished building: Car_Parking_System.lss
 
Invoking: Print Size
avr-size --format=avr --mcu=atmega32 Car_Parking_System.elf
AVR Memory Usage
----------------
Device: atmega32

Program:   12764 bytes (39.0% Full)
(.text + .data + .bootloader)

Data:        290 bytes (14.2% Full)
(.data + .bss + .noinit)


Finished building: sizedummy
 
13:51:58 **** Incremental Build of configuration Debug for project Car_Parking_System ****
make all 
Building file: ../MCAL/icu.c
Invoking: AVR Compiler
avr-gcc -Wall -g2 -gstabs -O0 -fpack-struct -fshort-enums -ffunction-sections -fdata-sections -std=gnu99 -funsigned-char -funsigned-bitfields -mmcu=atmega32 -DF_CPU=16000000UL -MMD -MP -MF"MCAL/icu.d" -MT"MCAL/icu.o" -c -o "MCAL/icu.o" "../MCAL/icu.c"
../MCAL/icu.c:14: warning: return type defaults to 'int'
../MCAL/icu.c: In function 'ISR':
../MCAL/icu.c:14: warning: type of '__vector_6' defaults to 'int'
../MCAL/icu.c:24: warning: control reaches end of non-void function
../MCAL/icu.c: In function 'ICU_setCallBack':
../MCAL/icu.c:74: warning: function return types not compatible due to 'volatile'
Finished building: ../MCAL/icu.c
 
Building file: ../HAL/ultrasonic.c
Invoking: AVR Compiler
avr-gcc -Wall -g2 -gstabs -O0 -fpack-struct -fshort-enums -ffunction-sections -fdata-sections -std=gnu99 -funsigned-char -funsigned-bitfields -mmcu=atmega32 -DF_CPU=16000000UL -MMD -MP -MF"HAL/ultrasonic.d" -MT"HAL/ultrasonic.o" -c -o "HAL/ultrasonic.o" "../HAL/ultrasonic.c"
In file included from ../HAL/ultrasonic.c:2:
c:/winavr-20100110/lib/gcc/../../avr/include/avr/delay.h:36:2: warning: #warning "This file has been moved to <util/delay.h>."
In file included from c:/winavr-20100110/lib/gcc/../../avr/include/avr/delay.h:37,
                 from ../HAL/ultrasonic.c:2:
c:/winavr-20100110/lib/gcc/../../avr/include/util/delay.h:90:3: warning: #warning "Compiler optimizations disabled; functions from <util/delay.h> won't work as designed"
Finished building: ../HAL/ultrasonic.c
 
Building target: Car_Parking_System.elf
Invoking: AVR C Linker
avr-gcc -Wl,-Map,Car_Parking_System.map -mmcu=atmega32 -o "Car_Parking_System.elf"  ./MCAL/gpio.o ./MCAL/icu.o  ./HAL/buzzer.o ./HAL/lcd.o ./HAL/led.o ./HAL/ultrasonic.o  ./main.o   
Finished building target: Car_Parking_System.elf
 
Invoking: AVR Create Extended Listing
avr-objdump -h -S Car_Parking_System.elf  >"Car_Parking_System.lss"
Finished building: Car_Parking_System.lss
 
Invoking: Print Size
avr-size --format=avr --mcu=atmega32 Car_Parking_System.elf
AVR Memory Usage
----------------
Device: atmega32

Program:   12760 bytes (38.9% Full)
(.text + .data + .bootloader)

Data:        290 bytes (14.2% Full)
(.data + .bss + .noinit)


Finished building: sizedummy
 
13:57:04 **** Incremental Build of configuration Debug for project Car_Parking_System ****
make all 
Building file: ../HAL/ultrasonic.c
Invoking: AVR Compiler
avr-gcc -Wall -g2 -gstabs -O0 -fpack-struct -fshort-enums -ffunction-sections -fdata-sections -std=gnu99 -funsigned-char -funsigned-bitfields -mmcu=atmega32 -DF_CPU=16000000UL -MMD -MP -MF"HAL/ultrasonic.d" -MT"HAL/ultrasonic.o" -c -o "HAL/ultrasonic.o" "../HAL/ultrasonic.c"
In file included from ../HAL/ultrasonic.c:2:
c:/winavr-20100110/lib/gcc/../../avr/include/avr/delay.h:36:2: warning: #warning "This file has been moved to <util/delay.h>."
In file included from c:/winavr-20100110/lib/gcc/../../avr/include/avr/delay.h:37,
                 from ../HAL/ultrasonic.c:2:
c:/winavr-20100110/lib/gcc/../../avr/include/util/delay.h:90:3: warning: #warning "Compiler optimizations disabled; functions from <util/delay.h> won't work as designed"
Finished building: ../HAL/ultrasonic.c
 
Building target: Car_Parking_System.elf
Invoking: AVR C Linker
avr-gcc -Wl,-Map,Car_Parking_System.map -mmcu=atmega32 -o "Car_Parking_System.elf"  ./MCAL/gpio.o ./MCAL/icu.o  ./HAL/buzzer.o ./HAL/lcd.o ./HAL/led.o ./HAL/ultrasonic.o  ./main.o   
Finished building target: Car_Parking_System.elf
 
Invoking: AVR Create Extended Listing
avr-objdump -h -S Car_Parking_System.elf  >"Car_Parking_System.lss"
Finished building: Car_Parking_System.lss
 
Invoking: Print Size
avr-size --format=avr --mcu=atmega32 Car_Parking_System.elf
AVR Memory Usage
----------------
Device: atmega32

Program:   12760 bytes (38.9% Full)
(.text + .data + .bootloader)

Data:        290 bytes (14.2% Full)
(.data + .bss + .noinit)


Finished building: sizedummy
 
13:58:30 **** Incremental Build of configuration Debug for project Car_Parking_System ****
make all 
Building file: ../main.c
Invoking: AVR Compiler
avr-gcc -Wall -g2 -gstabs -O0 -fpack-struct -fshort-enums -ffunction-sections -fdata-sections -std=gnu99 -funsigned-char -funsigned-bitfields -mmcu=atmega32 -DF_CPU=16000000UL -MMD -MP -MF"main.d" -MT"main.o" -c -o "main.o" "../main.c"
In file included from ../main.c:3:
c:/winavr-20100110/lib/gcc/../../avr/include/avr/delay.h:36:2: warning: #warning "This file has been moved to <util/delay.h>."
In file included from c:/winavr-20100110/lib/gcc/../../avr/include/avr/delay.h:37,
                 from ../main.c:3:
c:/winavr-20100110/lib/gcc/../../avr/include/util/delay.h:90:3: warning: #warning "Compiler optimizations disabled; functions from <util/delay.h> won't work as designed"
Finished building: ../main.c
 
Building target: Car_Parking_System.elf
Invoking: AVR C Linker
avr-gcc -Wl,-Map,Car_Parking_System.map -mmcu=atmega32 -o "Car_Parking_System.elf"  ./MCAL/gpio.o ./MCAL/icu.o  ./HAL/buzzer.o ./HAL/lcd.o ./HAL/led.o ./HAL/ultrasonic.o  ./main.o   
Finished building target: Car_Parking_System.elf
 
Invoking: AVR Create Extended Listing
avr-objdump -h -S Car_Parking_System.elf  >"Car_Parking_System.lss"
Finished building: Car_Parking_System.lss
 
Invoking: Print Size
avr-size --format=avr --mcu=atmega32 Car_Parking_System.elf
AVR Memory Usage
----------------
Device: atmega32

Program:   12748 bytes (38.9% Full)
(.text + .data + .bootloader)

Data:        290 bytes (14.2% Full)
(.data + .bss + .noinit)


Finished building: sizedummy
 
13:58:41 **** Incremental Build of configuration Debug for project Car_Parking_System ****
make all 
Building file: ../main.c
Invoking: AVR Compiler
avr-gcc -Wall -g2 -gstabs -O0 -fpack-struct -fshort-enums -ffunction-sections -fdata-sections -std=gnu99 -funsigned-char -funsigned-bitfields -mmcu=atmega32 -DF_CPU=16000000UL -MMD -MP -MF"main.d" -MT"main.o" -c -o "main.o" "../main.c"
In file included from ../main.c:3:
c:/winavr-20100110/lib/gcc/../../avr/include/avr/delay.h:36:2: warning: #warning "This file has been moved to <util/delay.h>."
In file included from c:/winavr-20100110/lib/gcc/../../avr/include/avr/delay.h:37,
                 from ../main.c:3:
c:/winavr-20100110/lib/gcc/../../avr/include/util/delay.h:90:3: warning: #warning "Compiler optimizations disabled; functions from <util/delay.h> won't work as designed"
Finished building: ../main.c
 
Building target: Car_Parking_System.elf
Invoking: AVR C Linker
avr-gcc -Wl,-Map,Car_Parking_System.map -mmcu=atmega32 -o "Car_Parking_System.elf"  ./MCAL/gpio.o ./MCAL/icu.o  ./HAL/buzzer.o ./HAL/lcd.o ./HAL/led.o ./HAL/ultrasonic.o  ./main.o   
Finished building target: Car_Parking_System.elf
 
Invoking: AVR Create Extended Listing
avr-objdump -h -S Car_Parking_System.elf  >"Car_Parking_System.lss"
Finished building: Car_Parking_System.lss
 
Invoking: Print Size
avr-size --format=avr --mcu=atmega32 Car_Parking_System.elf
AVR Memory Usage
----------------
Device: atmega32

Program:   12740 bytes (38.9% Full)
(.text + .data + .bootloader)

Data:        290 bytes (14.2% Full)
(.data + .bss + .noinit)


Finished building: sizedummy
 
13:58:52 **** Incremental Build of configuration Debug for project Car_Parking_System ****
make all 
Building file: ../main.c
Invoking: AVR Compiler
avr-gcc -Wall -g2 -gstabs -O0 -fpack-struct -fshort-enums -ffunction-sections -fdata-sections -std=gnu99 -funsigned-char -funsigned-bitfields -mmcu=atmega32 -DF_CPU=16000000UL -MMD -MP -MF"main.d" -MT"main.o" -c -o "main.o" "../main.c"
In file included from ../main.c:3:
c:/winavr-20100110/lib/gcc/../../avr/include/avr/delay.h:36:2: warning: #warning "This file has been moved to <util/delay.h>."
In file included from c:/winavr-20100110/lib/gcc/../../avr/include/avr/delay.h:37,
                 from ../main.c:3:
c:/winavr-20100110/lib/gcc/../../avr/include/util/delay.h:90:3: warning: #warning "Compiler optimizations disabled; functions from <util/delay.h> won't work as designed"
Finished building: ../main.c
 
Building target: Car_Parking_System.elf
Invoking: AVR C Linker
avr-gcc -Wl,-Map,Car_Parking_System.map -mmcu=atmega32 -o "Car_Parking_System.elf"  ./MCAL/gpio.o ./MCAL/icu.o  ./HAL/buzzer.o ./HAL/lcd.o ./HAL/led.o ./HAL/ultrasonic.o  ./main.o   
Finished building target: Car_Parking_System.elf
 
Invoking: AVR Create Extended Listing
avr-objdump -h -S Car_Parking_System.elf  >"Car_Parking_System.lss"
Finished building: Car_Parking_System.lss
 
Invoking: Print Size
avr-size --format=avr --mcu=atmega32 Car_Parking_System.elf
AVR Memory Usage
----------------
Device: atmega32

Program:   12748 bytes (38.9% Full)
(.text + .data + .bootloader)

Data:        290 bytes (14.2% Full)
(.data + .bss + .noinit)


Finished building: sizedummy
 
13:59:34 **** Incremental Build of configuration Debug for project Car_Parking_System ****
make all 
Building file: ../HAL/ultrasonic.c
Invoking: AVR Compiler
avr-gcc -Wall -g2 -gstabs -O0 -fpack-struct -fshort-enums -ffunction-sections -fdata-sections -std=gnu99 -funsigned-char -funsigned-bitfields -mmcu=atmega32 -DF_CPU=16000000UL -MMD -MP -MF"HAL/ultrasonic.d" -MT"HAL/ultrasonic.o" -c -o "HAL/ultrasonic.o" "../HAL/ultrasonic.c"
In file included from ../HAL/ultrasonic.c:2:
c:/winavr-20100110/lib/gcc/../../avr/include/avr/delay.h:36:2: warning: #warning "This file has been moved to <util/delay.h>."
In file included from c:/winavr-20100110/lib/gcc/../../avr/include/avr/delay.h:37,
                 from ../HAL/ultrasonic.c:2:
c:/winavr-20100110/lib/gcc/../../avr/include/util/delay.h:90:3: warning: #warning "Compiler optimizations disabled; functions from <util/delay.h> won't work as designed"
Finished building: ../HAL/ultrasonic.c
 
Building target: Car_Parking_System.elf
Invoking: AVR C Linker
avr-gcc -Wl,-Map,Car_Parking_System.map -mmcu=atmega32 -o "Car_Parking_System.elf"  ./MCAL/gpio.o ./MCAL/icu.o  ./HAL/buzzer.o ./HAL/lcd.o ./HAL/led.o ./HAL/ultrasonic.o  ./main.o   
Finished building target: Car_Parking_System.elf
 
Invoking: AVR Create Extended Listing
avr-objdump -h -S Car_Parking_System.elf  >"Car_Parking_System.lss"
Finished building: Car_Parking_System.lss
 
Invoking: Print Size
avr-size --format=avr --mcu=atmega32 Car_Parking_System.elf
AVR Memory Usage
----------------
Device: atmega32

Program:   12754 bytes (38.9% Full)
(.text + .data + .bootloader)

Data:        290 bytes (14.2% Full)
(.data + .bss + .noinit)


Finished building: sizedummy
 
13:59:57 **** Incremental Build of configuration Debug for project Car_Parking_System ****
make all 
Building file: ../HAL/ultrasonic.c
Invoking: AVR Compiler
avr-gcc -Wall -g2 -gstabs -O0 -fpack-struct -fshort-enums -ffunction-sections -fdata-sections -std=gnu99 -funsigned-char -funsigned-bitfields -mmcu=atmega32 -DF_CPU=16000000UL -MMD -MP -MF"HAL/ultrasonic.d" -MT"HAL/ultrasonic.o" -c -o "HAL/ultrasonic.o" "../HAL/ultrasonic.c"
In file included from ../HAL/ultrasonic.c:2:
c:/winavr-20100110/lib/gcc/../../avr/include/avr/delay.h:36:2: warning: #warning "This file has been moved to <util/delay.h>."
In file included from c:/winavr-20100110/lib/gcc/../../avr/include/avr/delay.h:37,
                 from ../HAL/ultrasonic.c:2:
c:/winavr-20100110/lib/gcc/../../avr/include/util/delay.h:90:3: warning: #warning "Compiler optimizations disabled; functions from <util/delay.h> won't work as designed"
Finished building: ../HAL/ultrasonic.c
 
Building target: Car_Parking_System.elf
Invoking: AVR C Linker
avr-gcc -Wl,-Map,Car_Parking_System.map -mmcu=atmega32 -o "Car_Parking_System.elf"  ./MCAL/gpio.o ./MCAL/icu.o  ./HAL/buzzer.o ./HAL/lcd.o ./HAL/led.o ./HAL/ultrasonic.o  ./main.o   
Finished building target: Car_Parking_System.elf
 
Invoking: AVR Create Extended Listing
avr-objdump -h -S Car_Parking_System.elf  >"Car_Parking_System.lss"
Finished building: Car_Parking_System.lss
 
Invoking: Print Size
avr-size --format=avr --mcu=atmega32 Car_Parking_System.elf
AVR Memory Usage
----------------
Device: atmega32

Program:   12754 bytes (38.9% Full)
(.text + .data + .bootloader)

Data:        290 bytes (14.2% Full)
(.data + .bss + .noinit)


Finished building: sizedummy
 
14:02:29 **** Incremental Build of configuration Debug for project Car_Parking_System ****
make all 
Building file: ../HAL/ultrasonic.c
Invoking: AVR Compiler
avr-gcc -Wall -g2 -gstabs -O0 -fpack-struct -fshort-enums -ffunction-sections -fdata-sections -std=gnu99 -funsigned-char -funsigned-bitfields -mmcu=atmega32 -DF_CPU=16000000UL -MMD -MP -MF"HAL/ultrasonic.d" -MT"HAL/ultrasonic.o" -c -o "HAL/ultrasonic.o" "../HAL/ultrasonic.c"
In file included from ../HAL/ultrasonic.c:2:
c:/winavr-20100110/lib/gcc/../../avr/include/avr/delay.h:36:2: warning: #warning "This file has been moved to <util/delay.h>."
In file included from c:/winavr-20100110/lib/gcc/../../avr/include/avr/delay.h:37,
                 from ../HAL/ultrasonic.c:2:
c:/winavr-20100110/lib/gcc/../../avr/include/util/delay.h:90:3: warning: #warning "Compiler optimizations disabled; functions from <util/delay.h> won't work as designed"
Finished building: ../HAL/ultrasonic.c
 
Building target: Car_Parking_System.elf
Invoking: AVR C Linker
avr-gcc -Wl,-Map,Car_Parking_System.map -mmcu=atmega32 -o "Car_Parking_System.elf"  ./MCAL/gpio.o ./MCAL/icu.o  ./HAL/buzzer.o ./HAL/lcd.o ./HAL/led.o ./HAL/ultrasonic.o  ./main.o   
Finished building target: Car_Parking_System.elf
 
Invoking: AVR Create Extended Listing
avr-objdump -h -S Car_Parking_System.elf  >"Car_Parking_System.lss"
Finished building: Car_Parking_System.lss
 
Invoking: Print Size
avr-size --format=avr --mcu=atmega32 Car_Parking_System.elf
AVR Memory Usage
----------------
Device: atmega32

Program:   12754 bytes (38.9% Full)
(.text + .data + .bootloader)

Data:        290 bytes (14.2% Full)
(.data + .bss + .noinit)


Finished building: sizedummy
 
14:09:51 **** Incremental Build of configuration Debug for project Car_Parking_System ****
make all 
Building file: ../MCAL/icu.c
Invoking: AVR Compiler
avr-gcc -Wall -g2 -gstabs -O0 -fpack-struct -fshort-enums -ffunction-sections -fdata-sections -std=gnu99 -funsigned-char -funsigned-bitfields -mmcu=atmega32 -DF_CPU=16000000UL -MMD -MP -MF"MCAL/icu.d" -MT"MCAL/icu.o" -c -o "MCAL/icu.o" "../MCAL/icu.c"
../MCAL/icu.c:14: warning: return type defaults to 'int'
../MCAL/icu.c: In function 'ISR':
../MCAL/icu.c:14: warning: type of '__vector_6' defaults to 'int'
../MCAL/icu.c:24: warning: control reaches end of non-void function
Finished building: ../MCAL/icu.c
 
Building file: ../HAL/ultrasonic.c
Invoking: AVR Compiler
avr-gcc -Wall -g2 -gstabs -O0 -fpack-struct -fshort-enums -ffunction-sections -fdata-sections -std=gnu99 -funsigned-char -funsigned-bitfields -mmcu=atmega32 -DF_CPU=16000000UL -MMD -MP -MF"HAL/ultrasonic.d" -MT"HAL/ultrasonic.o" -c -o "HAL/ultrasonic.o" "../HAL/ultrasonic.c"
In file included from ../HAL/ultrasonic.c:2:
c:/winavr-20100110/lib/gcc/../../avr/include/avr/delay.h:36:2: warning: #warning "This file has been moved to <util/delay.h>."
In file included from c:/winavr-20100110/lib/gcc/../../avr/include/avr/delay.h:37,
                 from ../HAL/ultrasonic.c:2:
c:/winavr-20100110/lib/gcc/../../avr/include/util/delay.h:90:3: warning: #warning "Compiler optimizations disabled; functions from <util/delay.h> won't work as designed"
Finished building: ../HAL/ultrasonic.c
 
Building target: Car_Parking_System.elf
Invoking: AVR C Linker
avr-gcc -Wl,-Map,Car_Parking_System.map -mmcu=atmega32 -o "Car_Parking_System.elf"  ./MCAL/gpio.o ./MCAL/icu.o  ./HAL/buzzer.o ./HAL/lcd.o ./HAL/led.o ./HAL/ultrasonic.o  ./main.o   
Finished building target: Car_Parking_System.elf
 
Invoking: AVR Create Extended Listing
avr-objdump -h -S Car_Parking_System.elf  >"Car_Parking_System.lss"
Finished building: Car_Parking_System.lss
 
Invoking: Print Size
avr-size --format=avr --mcu=atmega32 Car_Parking_System.elf
AVR Memory Usage
----------------
Device: atmega32

Program:   12754 bytes (38.9% Full)
(.text + .data + .bootloader)

Data:        290 bytes (14.2% Full)
(.data + .bss + .noinit)


Finished building: sizedummy
 
14:12:33 **** Incremental Build of configuration Debug for project Car_Parking_System ****
make all 
Building file: ../HAL/ultrasonic.c
Invoking: AVR Compiler
avr-gcc -Wall -g2 -gstabs -O0 -fpack-struct -fshort-enums -ffunction-sections -fdata-sections -std=gnu99 -funsigned-char -funsigned-bitfields -mmcu=atmega32 -DF_CPU=16000000UL -MMD -MP -MF"HAL/ultrasonic.d" -MT"HAL/ultrasonic.o" -c -o "HAL/ultrasonic.o" "../HAL/ultrasonic.c"
In file included from ../HAL/ultrasonic.c:2:
c:/winavr-20100110/lib/gcc/../../avr/include/avr/delay.h:36:2: warning: #warning "This file has been moved to <util/delay.h>."
In file included from c:/winavr-20100110/lib/gcc/../../avr/include/avr/delay.h:37,
                 from ../HAL/ultrasonic.c:2:
c:/winavr-20100110/lib/gcc/../../avr/include/util/delay.h:90:3: warning: #warning "Compiler optimizations disabled; functions from <util/delay.h> won't work as designed"
Finished building: ../HAL/ultrasonic.c
 
Building target: Car_Parking_System.elf
Invoking: AVR C Linker
avr-gcc -Wl,-Map,Car_Parking_System.map -mmcu=atmega32 -o "Car_Parking_System.elf"  ./MCAL/gpio.o ./MCAL/icu.o  ./HAL/buzzer.o ./HAL/lcd.o ./HAL/led.o ./HAL/ultrasonic.o  ./main.o   
Finished building target: Car_Parking_System.elf
 
Invoking: AVR Create Extended Listing
avr-objdump -h -S Car_Parking_System.elf  >"Car_Parking_System.lss"
Finished building: Car_Parking_System.lss
 
Invoking: Print Size
avr-size --format=avr --mcu=atmega32 Car_Parking_System.elf
AVR Memory Usage
----------------
Device: atmega32

Program:   12752 bytes (38.9% Full)
(.text + .data + .bootloader)

Data:        290 bytes (14.2% Full)
(.data + .bss + .noinit)


Finished building: sizedummy
 
14:14:49 **** Incremental Build of configuration Debug for project Car_Parking_System ****
make all 
Building file: ../HAL/ultrasonic.c
Invoking: AVR Compiler
avr-gcc -Wall -g2 -gstabs -O0 -fpack-struct -fshort-enums -ffunction-sections -fdata-sections -std=gnu99 -funsigned-char -funsigned-bitfields -mmcu=atmega32 -DF_CPU=16000000UL -MMD -MP -MF"HAL/ultrasonic.d" -MT"HAL/ultrasonic.o" -c -o "HAL/ultrasonic.o" "../HAL/ultrasonic.c"
In file included from ../HAL/ultrasonic.c:2:
c:/winavr-20100110/lib/gcc/../../avr/include/avr/delay.h:36:2: warning: #warning "This file has been moved to <util/delay.h>."
In file included from c:/winavr-20100110/lib/gcc/../../avr/include/avr/delay.h:37,
                 from ../HAL/ultrasonic.c:2:
c:/winavr-20100110/lib/gcc/../../avr/include/util/delay.h:90:3: warning: #warning "Compiler optimizations disabled; functions from <util/delay.h> won't work as designed"
Finished building: ../HAL/ultrasonic.c
 
Building file: ../main.c
Invoking: AVR Compiler
avr-gcc -Wall -g2 -gstabs -O0 -fpack-struct -fshort-enums -ffunction-sections -fdata-sections -std=gnu99 -funsigned-char -funsigned-bitfields -mmcu=atmega32 -DF_CPU=16000000UL -MMD -MP -MF"main.d" -MT"main.o" -c -o "main.o" "../main.c"
In file included from ../main.c:3:
c:/winavr-20100110/lib/gcc/../../avr/include/avr/delay.h:36:2: warning: #warning "This file has been moved to <util/delay.h>."
In file included from c:/winavr-20100110/lib/gcc/../../avr/include/avr/delay.h:37,
                 from ../main.c:3:
c:/winavr-20100110/lib/gcc/../../avr/include/util/delay.h:90:3: warning: #warning "Compiler optimizations disabled; functions from <util/delay.h> won't work as designed"
Finished building: ../main.c
 
Building target: Car_Parking_System.elf
Invoking: AVR C Linker
avr-gcc -Wl,-Map,Car_Parking_System.map -mmcu=atmega32 -o "Car_Parking_System.elf"  ./MCAL/gpio.o ./MCAL/icu.o  ./HAL/buzzer.o ./HAL/lcd.o ./HAL/led.o ./HAL/ultrasonic.o  ./main.o   
Finished building target: Car_Parking_System.elf
 
Invoking: AVR Create Extended Listing
avr-objdump -h -S Car_Parking_System.elf  >"Car_Parking_System.lss"
Finished building: Car_Parking_System.lss
 
Invoking: Print Size
avr-size --format=avr --mcu=atmega32 Car_Parking_System.elf
AVR Memory Usage
----------------
Device: atmega32

Program:   12754 bytes (38.9% Full)
(.text + .data + .bootloader)

Data:        296 bytes (14.5% Full)
(.data + .bss + .noinit)


Finished building: sizedummy
 
14:17:37 **** Incremental Build of configuration Debug for project Car_Parking_System ****
make all 
Building file: ../main.c
Invoking: AVR Compiler
avr-gcc -Wall -g2 -gstabs -O0 -fpack-struct -fshort-enums -ffunction-sections -fdata-sections -std=gnu99 -funsigned-char -funsigned-bitfields -mmcu=atmega32 -DF_CPU=16000000UL -MMD -MP -MF"main.d" -MT"main.o" -c -o "main.o" "../main.c"
In file included from ../main.c:3:
c:/winavr-20100110/lib/gcc/../../avr/include/avr/delay.h:36:2: warning: #warning "This file has been moved to <util/delay.h>."
In file included from c:/winavr-20100110/lib/gcc/../../avr/include/avr/delay.h:37,
                 from ../main.c:3:
c:/winavr-20100110/lib/gcc/../../avr/include/util/delay.h:90:3: warning: #warning "Compiler optimizations disabled; functions from <util/delay.h> won't work as designed"
Finished building: ../main.c
 
Building target: Car_Parking_System.elf
Invoking: AVR C Linker
avr-gcc -Wl,-Map,Car_Parking_System.map -mmcu=atmega32 -o "Car_Parking_System.elf"  ./MCAL/gpio.o ./MCAL/icu.o  ./HAL/buzzer.o ./HAL/lcd.o ./HAL/led.o ./HAL/ultrasonic.o  ./main.o   
Finished building target: Car_Parking_System.elf
 
Invoking: AVR Create Extended Listing
avr-objdump -h -S Car_Parking_System.elf  >"Car_Parking_System.lss"
Finished building: Car_Parking_System.lss
 
Invoking: Print Size
avr-size --format=avr --mcu=atmega32 Car_Parking_System.elf
AVR Memory Usage
----------------
Device: atmega32

Program:   12746 bytes (38.9% Full)
(.text + .data + .bootloader)

Data:        296 bytes (14.5% Full)
(.data + .bss + .noinit)


Finished building: sizedummy
 
14:17:58 **** Incremental Build of configuration Debug for project Car_Parking_System ****
make all 
Building file: ../HAL/ultrasonic.c
Invoking: AVR Compiler
avr-gcc -Wall -g2 -gstabs -O0 -fpack-struct -fshort-enums -ffunction-sections -fdata-sections -std=gnu99 -funsigned-char -funsigned-bitfields -mmcu=atmega32 -DF_CPU=16000000UL -MMD -MP -MF"HAL/ultrasonic.d" -MT"HAL/ultrasonic.o" -c -o "HAL/ultrasonic.o" "../HAL/ultrasonic.c"
In file included from ../HAL/ultrasonic.c:2:
c:/winavr-20100110/lib/gcc/../../avr/include/avr/delay.h:36:2: warning: #warning "This file has been moved to <util/delay.h>."
In file included from c:/winavr-20100110/lib/gcc/../../avr/include/avr/delay.h:37,
                 from ../HAL/ultrasonic.c:2:
c:/winavr-20100110/lib/gcc/../../avr/include/util/delay.h:90:3: warning: #warning "Compiler optimizations disabled; functions from <util/delay.h> won't work as designed"
Finished building: ../HAL/ultrasonic.c
 
Building file: ../main.c
Invoking: AVR Compiler
avr-gcc -Wall -g2 -gstabs -O0 -fpack-struct -fshort-enums -ffunction-sections -fdata-sections -std=gnu99 -funsigned-char -funsigned-bitfields -mmcu=atmega32 -DF_CPU=16000000UL -MMD -MP -MF"main.d" -MT"main.o" -c -o "main.o" "../main.c"
In file included from ../main.c:3:
c:/winavr-20100110/lib/gcc/../../avr/include/avr/delay.h:36:2: warning: #warning "This file has been moved to <util/delay.h>."
In file included from c:/winavr-20100110/lib/gcc/../../avr/include/avr/delay.h:37,
                 from ../main.c:3:
c:/winavr-20100110/lib/gcc/../../avr/include/util/delay.h:90:3: warning: #warning "Compiler optimizations disabled; functions from <util/delay.h> won't work as designed"
Finished building: ../main.c
 
Building target: Car_Parking_System.elf
Invoking: AVR C Linker
avr-gcc -Wl,-Map,Car_Parking_System.map -mmcu=atmega32 -o "Car_Parking_System.elf"  ./MCAL/gpio.o ./MCAL/icu.o  ./HAL/buzzer.o ./HAL/lcd.o ./HAL/led.o ./HAL/ultrasonic.o  ./main.o   
Finished building target: Car_Parking_System.elf
 
Invoking: AVR Create Extended Listing
avr-objdump -h -S Car_Parking_System.elf  >"Car_Parking_System.lss"
Finished building: Car_Parking_System.lss
 
Invoking: Print Size
avr-size --format=avr --mcu=atmega32 Car_Parking_System.elf
AVR Memory Usage
----------------
Device: atmega32

Program:   12750 bytes (38.9% Full)
(.text + .data + .bootloader)

Data:        296 bytes (14.5% Full)
(.data + .bss + .noinit)


Finished building: sizedummy
 
14:18:07 **** Incremental Build of configuration Debug for project Car_Parking_System ****
make all 
Building file: ../HAL/ultrasonic.c
Invoking: AVR Compiler
avr-gcc -Wall -g2 -gstabs -O0 -fpack-struct -fshort-enums -ffunction-sections -fdata-sections -std=gnu99 -funsigned-char -funsigned-bitfields -mmcu=atmega32 -DF_CPU=16000000UL -MMD -MP -MF"HAL/ultrasonic.d" -MT"HAL/ultrasonic.o" -c -o "HAL/ultrasonic.o" "../HAL/ultrasonic.c"
In file included from ../HAL/ultrasonic.c:2:
c:/winavr-20100110/lib/gcc/../../avr/include/avr/delay.h:36:2: warning: #warning "This file has been moved to <util/delay.h>."
In file included from c:/winavr-20100110/lib/gcc/../../avr/include/avr/delay.h:37,
                 from ../HAL/ultrasonic.c:2:
c:/winavr-20100110/lib/gcc/../../avr/include/util/delay.h:90:3: warning: #warning "Compiler optimizations disabled; functions from <util/delay.h> won't work as designed"
Finished building: ../HAL/ultrasonic.c
 
Building target: Car_Parking_System.elf
Invoking: AVR C Linker
avr-gcc -Wl,-Map,Car_Parking_System.map -mmcu=atmega32 -o "Car_Parking_System.elf"  ./MCAL/gpio.o ./MCAL/icu.o  ./HAL/buzzer.o ./HAL/lcd.o ./HAL/led.o ./HAL/ultrasonic.o  ./main.o   
Finished building target: Car_Parking_System.elf
 
Invoking: AVR Create Extended Listing
avr-objdump -h -S Car_Parking_System.elf  >"Car_Parking_System.lss"
Finished building: Car_Parking_System.lss
 
Invoking: Print Size
avr-size --format=avr --mcu=atmega32 Car_Parking_System.elf
AVR Memory Usage
----------------
Device: atmega32

Program:   12754 bytes (38.9% Full)
(.text + .data + .bootloader)

Data:        296 bytes (14.5% Full)
(.data + .bss + .noinit)


Finished building: sizedummy
 
14:18:50 **** Incremental Build of configuration Debug for project Car_Parking_System ****
make all 
Building file: ../HAL/ultrasonic.c
Invoking: AVR Compiler
avr-gcc -Wall -g2 -gstabs -O0 -fpack-struct -fshort-enums -ffunction-sections -fdata-sections -std=gnu99 -funsigned-char -funsigned-bitfields -mmcu=atmega32 -DF_CPU=16000000UL -MMD -MP -MF"HAL/ultrasonic.d" -MT"HAL/ultrasonic.o" -c -o "HAL/ultrasonic.o" "../HAL/ultrasonic.c"
In file included from ../HAL/ultrasonic.c:2:
c:/winavr-20100110/lib/gcc/../../avr/include/avr/delay.h:36:2: warning: #warning "This file has been moved to <util/delay.h>."
In file included from c:/winavr-20100110/lib/gcc/../../avr/include/avr/delay.h:37,
                 from ../HAL/ultrasonic.c:2:
c:/winavr-20100110/lib/gcc/../../avr/include/util/delay.h:90:3: warning: #warning "Compiler optimizations disabled; functions from <util/delay.h> won't work as designed"
Finished building: ../HAL/ultrasonic.c
 
Building target: Car_Parking_System.elf
Invoking: AVR C Linker
avr-gcc -Wl,-Map,Car_Parking_System.map -mmcu=atmega32 -o "Car_Parking_System.elf"  ./MCAL/gpio.o ./MCAL/icu.o  ./HAL/buzzer.o ./HAL/lcd.o ./HAL/led.o ./HAL/ultrasonic.o  ./main.o   
Finished building target: Car_Parking_System.elf
 
Invoking: AVR Create Extended Listing
avr-objdump -h -S Car_Parking_System.elf  >"Car_Parking_System.lss"
Finished building: Car_Parking_System.lss
 
Invoking: Print Size
avr-size --format=avr --mcu=atmega32 Car_Parking_System.elf
AVR Memory Usage
----------------
Device: atmega32

Program:   12760 bytes (38.9% Full)
(.text + .data + .bootloader)

Data:        296 bytes (14.5% Full)
(.data + .bss + .noinit)


Finished building: sizedummy
 
14:18:59 **** Incremental Build of configuration Debug for project Car_Parking_System ****
make all 
Building file: ../HAL/ultrasonic.c
Invoking: AVR Compiler
avr-gcc -Wall -g2 -gstabs -O0 -fpack-struct -fshort-enums -ffunction-sections -fdata-sections -std=gnu99 -funsigned-char -funsigned-bitfields -mmcu=atmega32 -DF_CPU=16000000UL -MMD -MP -MF"HAL/ultrasonic.d" -MT"HAL/ultrasonic.o" -c -o "HAL/ultrasonic.o" "../HAL/ultrasonic.c"
In file included from ../HAL/ultrasonic.c:2:
c:/winavr-20100110/lib/gcc/../../avr/include/avr/delay.h:36:2: warning: #warning "This file has been moved to <util/delay.h>."
In file included from c:/winavr-20100110/lib/gcc/../../avr/include/avr/delay.h:37,
                 from ../HAL/ultrasonic.c:2:
c:/winavr-20100110/lib/gcc/../../avr/include/util/delay.h:90:3: warning: #warning "Compiler optimizations disabled; functions from <util/delay.h> won't work as designed"
Finished building: ../HAL/ultrasonic.c
 
Building target: Car_Parking_System.elf
Invoking: AVR C Linker
avr-gcc -Wl,-Map,Car_Parking_System.map -mmcu=atmega32 -o "Car_Parking_System.elf"  ./MCAL/gpio.o ./MCAL/icu.o  ./HAL/buzzer.o ./HAL/lcd.o ./HAL/led.o ./HAL/ultrasonic.o  ./main.o   
Finished building target: Car_Parking_System.elf
 
Invoking: AVR Create Extended Listing
avr-objdump -h -S Car_Parking_System.elf  >"Car_Parking_System.lss"
Finished building: Car_Parking_System.lss
 
Invoking: Print Size
avr-size --format=avr --mcu=atmega32 Car_Parking_System.elf
AVR Memory Usage
----------------
Device: atmega32

Program:   12756 bytes (38.9% Full)
(.text + .data + .bootloader)

Data:        296 bytes (14.5% Full)
(.data + .bss + .noinit)


Finished building: sizedummy
 
14:40:48 **** Incremental Build of configuration Debug for project Car_Parking_System ****
make all 
Building file: ../HAL/ultrasonic.c
Invoking: AVR Compiler
avr-gcc -Wall -g2 -gstabs -O0 -fpack-struct -fshort-enums -ffunction-sections -fdata-sections -std=gnu99 -funsigned-char -funsigned-bitfields -mmcu=atmega32 -DF_CPU=16000000UL -MMD -MP -MF"HAL/ultrasonic.d" -MT"HAL/ultrasonic.o" -c -o "HAL/ultrasonic.o" "../HAL/ultrasonic.c"
In file included from ../HAL/ultrasonic.c:2:
c:/winavr-20100110/lib/gcc/../../avr/include/avr/delay.h:36:2: warning: #warning "This file has been moved to <util/delay.h>."
In file included from c:/winavr-20100110/lib/gcc/../../avr/include/avr/delay.h:37,
                 from ../HAL/ultrasonic.c:2:
c:/winavr-20100110/lib/gcc/../../avr/include/util/delay.h:90:3: warning: #warning "Compiler optimizations disabled; functions from <util/delay.h> won't work as designed"
Finished building: ../HAL/ultrasonic.c
 
Building target: Car_Parking_System.elf
Invoking: AVR C Linker
avr-gcc -Wl,-Map,Car_Parking_System.map -mmcu=atmega32 -o "Car_Parking_System.elf"  ./MCAL/gpio.o ./MCAL/icu.o  ./HAL/buzzer.o ./HAL/lcd.o ./HAL/led.o ./HAL/ultrasonic.o  ./main.o   
Finished building target: Car_Parking_System.elf
 
Invoking: AVR Create Extended Listing
avr-objdump -h -S Car_Parking_System.elf  >"Car_Parking_System.lss"
Finished building: Car_Parking_System.lss
 
Invoking: Print Size
avr-size --format=avr --mcu=atmega32 Car_Parking_System.elf
AVR Memory Usage
----------------
Device: atmega32

Program:   12756 bytes (38.9% Full)
(.text + .data + .bootloader)

Data:        296 bytes (14.5% Full)
(.data + .bss + .noinit)


Finished building: sizedummy
 
14:43:05 **** Incremental Build of configuration Debug for project Car_Parking_System ****
make all 
Building file: ../HAL/ultrasonic.c
Invoking: AVR Compiler
avr-gcc -Wall -g2 -gstabs -O0 -fpack-struct -fshort-enums -ffunction-sections -fdata-sections -std=gnu99 -funsigned-char -funsigned-bitfields -mmcu=atmega32 -DF_CPU=16000000UL -MMD -MP -MF"HAL/ultrasonic.d" -MT"HAL/ultrasonic.o" -c -o "HAL/ultrasonic.o" "../HAL/ultrasonic.c"
In file included from ../HAL/ultrasonic.c:2:
c:/winavr-20100110/lib/gcc/../../avr/include/avr/delay.h:36:2: warning: #warning "This file has been moved to <util/delay.h>."
In file included from c:/winavr-20100110/lib/gcc/../../avr/include/avr/delay.h:37,
                 from ../HAL/ultrasonic.c:2:
c:/winavr-20100110/lib/gcc/../../avr/include/util/delay.h:90:3: warning: #warning "Compiler optimizations disabled; functions from <util/delay.h> won't work as designed"
../HAL/ultrasonic.c: In function 'Ultrasonic_readDistance':
../HAL/ultrasonic.c:41: warning: unused variable 'timeout'
Finished building: ../HAL/ultrasonic.c
 
Building target: Car_Parking_System.elf
Invoking: AVR C Linker
avr-gcc -Wl,-Map,Car_Parking_System.map -mmcu=atmega32 -o "Car_Parking_System.elf"  ./MCAL/gpio.o ./MCAL/icu.o  ./HAL/buzzer.o ./HAL/lcd.o ./HAL/led.o ./HAL/ultrasonic.o  ./main.o   
Finished building target: Car_Parking_System.elf
 
Invoking: AVR Create Extended Listing
avr-objdump -h -S Car_Parking_System.elf  >"Car_Parking_System.lss"
Finished building: Car_Parking_System.lss
 
Invoking: Print Size
avr-size --format=avr --mcu=atmega32 Car_Parking_System.elf
AVR Memory Usage
----------------
Device: atmega32

Program:   12744 bytes (38.9% Full)
(.text + .data + .bootloader)

Data:        296 bytes (14.5% Full)
(.data + .bss + .noinit)


Finished building: sizedummy
 
14:49:42 **** Incremental Build of configuration Debug for project Car_Parking_System ****
make all 
Building file: ../HAL/ultrasonic.c
Invoking: AVR Compiler
avr-gcc -Wall -g2 -gstabs -O0 -fpack-struct -fshort-enums -ffunction-sections -fdata-sections -std=gnu99 -funsigned-char -funsigned-bitfields -mmcu=atmega32 -DF_CPU=16000000UL -MMD -MP -MF"HAL/ultrasonic.d" -MT"HAL/ultrasonic.o" -c -o "HAL/ultrasonic.o" "../HAL/ultrasonic.c"
In file included from ../HAL/ultrasonic.c:2:
c:/winavr-20100110/lib/gcc/../../avr/include/avr/delay.h:36:2: warning: #warning "This file has been moved to <util/delay.h>."
In file included from c:/winavr-20100110/lib/gcc/../../avr/include/avr/delay.h:37,
                 from ../HAL/ultrasonic.c:2:
c:/winavr-20100110/lib/gcc/../../avr/include/util/delay.h:90:3: warning: #warning "Compiler optimizations disabled; functions from <util/delay.h> won't work as designed"
../HAL/ultrasonic.c: In function 'Ultrasonic_readDistance':
../HAL/ultrasonic.c:49: warning: unused variable 'timeInSeconds'
../HAL/ultrasonic.c:41: warning: unused variable 'timeout'
Finished building: ../HAL/ultrasonic.c
 
Building target: Car_Parking_System.elf
Invoking: AVR C Linker
avr-gcc -Wl,-Map,Car_Parking_System.map -mmcu=atmega32 -o "Car_Parking_System.elf"  ./MCAL/gpio.o ./MCAL/icu.o  ./HAL/buzzer.o ./HAL/lcd.o ./HAL/led.o ./HAL/ultrasonic.o  ./main.o   
Finished building target: Car_Parking_System.elf
 
Invoking: AVR Create Extended Listing
avr-objdump -h -S Car_Parking_System.elf  >"Car_Parking_System.lss"
Finished building: Car_Parking_System.lss
 
Invoking: Print Size
avr-size --format=avr --mcu=atmega32 Car_Parking_System.elf
AVR Memory Usage
----------------
Device: atmega32

Program:   12710 bytes (38.8% Full)
(.text + .data + .bootloader)

Data:        296 bytes (14.5% Full)
(.data + .bss + .noinit)


Finished building: sizedummy
 
14:51:40 **** Incremental Build of configuration Debug for project Car_Parking_System ****
make all 
Building file: ../HAL/ultrasonic.c
Invoking: AVR Compiler
avr-gcc -Wall -g2 -gstabs -O0 -fpack-struct -fshort-enums -ffunction-sections -fdata-sections -std=gnu99 -funsigned-char -funsigned-bitfields -mmcu=atmega32 -DF_CPU=16000000UL -MMD -MP -MF"HAL/ultrasonic.d" -MT"HAL/ultrasonic.o" -c -o "HAL/ultrasonic.o" "../HAL/ultrasonic.c"
In file included from ../HAL/ultrasonic.c:2:
c:/winavr-20100110/lib/gcc/../../avr/include/avr/delay.h:36:2: warning: #warning "This file has been moved to <util/delay.h>."
In file included from c:/winavr-20100110/lib/gcc/../../avr/include/avr/delay.h:37,
                 from ../HAL/ultrasonic.c:2:
c:/winavr-20100110/lib/gcc/../../avr/include/util/delay.h:90:3: warning: #warning "Compiler optimizations disabled; functions from <util/delay.h> won't work as designed"
../HAL/ultrasonic.c: In function 'Ultrasonic_readDistance':
../HAL/ultrasonic.c:50: warning: unused variable 'timeInSeconds'
Finished building: ../HAL/ultrasonic.c
 
Building target: Car_Parking_System.elf
Invoking: AVR C Linker
avr-gcc -Wl,-Map,Car_Parking_System.map -mmcu=atmega32 -o "Car_Parking_System.elf"  ./MCAL/gpio.o ./MCAL/icu.o  ./HAL/buzzer.o ./HAL/lcd.o ./HAL/led.o ./HAL/ultrasonic.o  ./main.o   
Finished building target: Car_Parking_System.elf
 
Invoking: AVR Create Extended Listing
avr-objdump -h -S Car_Parking_System.elf  >"Car_Parking_System.lss"
Finished building: Car_Parking_System.lss
 
Invoking: Print Size
avr-size --format=avr --mcu=atmega32 Car_Parking_System.elf
AVR Memory Usage
----------------
Device: atmega32

Program:   12700 bytes (38.8% Full)
(.text + .data + .bootloader)

Data:        296 bytes (14.5% Full)
(.data + .bss + .noinit)


Finished building: sizedummy
 
14:51:48 **** Incremental Build of configuration Debug for project Car_Parking_System ****
make all 
Building file: ../HAL/ultrasonic.c
Invoking: AVR Compiler
avr-gcc -Wall -g2 -gstabs -O0 -fpack-struct -fshort-enums -ffunction-sections -fdata-sections -std=gnu99 -funsigned-char -funsigned-bitfields -mmcu=atmega32 -DF_CPU=16000000UL -MMD -MP -MF"HAL/ultrasonic.d" -MT"HAL/ultrasonic.o" -c -o "HAL/ultrasonic.o" "../HAL/ultrasonic.c"
In file included from ../HAL/ultrasonic.c:2:
c:/winavr-20100110/lib/gcc/../../avr/include/avr/delay.h:36:2: warning: #warning "This file has been moved to <util/delay.h>."
In file included from c:/winavr-20100110/lib/gcc/../../avr/include/avr/delay.h:37,
                 from ../HAL/ultrasonic.c:2:
c:/winavr-20100110/lib/gcc/../../avr/include/util/delay.h:90:3: warning: #warning "Compiler optimizations disabled; functions from <util/delay.h> won't work as designed"
../HAL/ultrasonic.c: In function 'Ultrasonic_readDistance':
../HAL/ultrasonic.c:50: warning: unused variable 'timeInSeconds'
Finished building: ../HAL/ultrasonic.c
 
Building target: Car_Parking_System.elf
Invoking: AVR C Linker
avr-gcc -Wl,-Map,Car_Parking_System.map -mmcu=atmega32 -o "Car_Parking_System.elf"  ./MCAL/gpio.o ./MCAL/icu.o  ./HAL/buzzer.o ./HAL/lcd.o ./HAL/led.o ./HAL/ultrasonic.o  ./main.o   
Finished building target: Car_Parking_System.elf
 
Invoking: AVR Create Extended Listing
avr-objdump -h -S Car_Parking_System.elf  >"Car_Parking_System.lss"
Finished building: Car_Parking_System.lss
 
Invoking: Print Size
avr-size --format=avr --mcu=atmega32 Car_Parking_System.elf
AVR Memory Usage
----------------
Device: atmega32

Program:   12696 bytes (38.7% Full)
(.text + .data + .bootloader)

Data:        296 bytes (14.5% Full)
(.data + .bss + .noinit)


Finished building: sizedummy
 
14:55:47 **** Incremental Build of configuration Debug for project Car_Parking_System ****
make all 
Building file: ../HAL/ultrasonic.c
Invoking: AVR Compiler
avr-gcc -Wall -g2 -gstabs -O0 -fpack-struct -fshort-enums -ffunction-sections -fdata-sections -std=gnu99 -funsigned-char -funsigned-bitfields -mmcu=atmega32 -DF_CPU=16000000UL -MMD -MP -MF"HAL/ultrasonic.d" -MT"HAL/ultrasonic.o" -c -o "HAL/ultrasonic.o" "../HAL/ultrasonic.c"
In file included from ../HAL/ultrasonic.c:2:
c:/winavr-20100110/lib/gcc/../../avr/include/avr/delay.h:36:2: warning: #warning "This file has been moved to <util/delay.h>."
In file included from c:/winavr-20100110/lib/gcc/../../avr/include/avr/delay.h:37,
                 from ../HAL/ultrasonic.c:2:
c:/winavr-20100110/lib/gcc/../../avr/include/util/delay.h:90:3: warning: #warning "Compiler optimizations disabled; functions from <util/delay.h> won't work as designed"
../HAL/ultrasonic.c: In function 'Ultrasonic_readDistance':
../HAL/ultrasonic.c:43: error: 'MAX_TIMEOUT' undeclared (first use in this function)
../HAL/ultrasonic.c:43: error: (Each undeclared identifier is reported only once
../HAL/ultrasonic.c:43: error: for each function it appears in.)
../HAL/ultrasonic.c: At top level:
../HAL/ultrasonic.c:93: error: redefinition of 'Ultrasonic_edgeProcessing'
../HAL/ultrasonic.c:55: error: previous definition of 'Ultrasonic_edgeProcessing' was here
make: *** [HAL/ultrasonic.o] Error 1
"make all" terminated with exit code 2. Build might be incomplete.
14:55:59 **** Incremental Build of configuration Debug for project Car_Parking_System ****
make all 
Building file: ../HAL/ultrasonic.c
Invoking: AVR Compiler
avr-gcc -Wall -g2 -gstabs -O0 -fpack-struct -fshort-enums -ffunction-sections -fdata-sections -std=gnu99 -funsigned-char -funsigned-bitfields -mmcu=atmega32 -DF_CPU=16000000UL -MMD -MP -MF"HAL/ultrasonic.d" -MT"HAL/ultrasonic.o" -c -o "HAL/ultrasonic.o" "../HAL/ultrasonic.c"
In file included from ../HAL/ultrasonic.c:2:
c:/winavr-20100110/lib/gcc/../../avr/include/avr/delay.h:36:2: warning: #warning "This file has been moved to <util/delay.h>."
In file included from c:/winavr-20100110/lib/gcc/../../avr/include/avr/delay.h:37,
                 from ../HAL/ultrasonic.c:2:
c:/winavr-20100110/lib/gcc/../../avr/include/util/delay.h:90:3: warning: #warning "Compiler optimizations disabled; functions from <util/delay.h> won't work as designed"
../HAL/ultrasonic.c: In function 'Ultrasonic_readDistance':
../HAL/ultrasonic.c:48: error: 'MAX_TIMEOUT' undeclared (first use in this function)
../HAL/ultrasonic.c:48: error: (Each undeclared identifier is reported only once
../HAL/ultrasonic.c:48: error: for each function it appears in.)
../HAL/ultrasonic.c: At top level:
../HAL/ultrasonic.c:93: error: redefinition of 'Ultrasonic_edgeProcessing'
../HAL/ultrasonic.c:55: error: previous definition of 'Ultrasonic_edgeProcessing' was here
make: *** [HAL/ultrasonic.o] Error 1
"make all" terminated with exit code 2. Build might be incomplete.
14:56:02 **** Incremental Build of configuration Debug for project Car_Parking_System ****
make all 
Building file: ../HAL/ultrasonic.c
Invoking: AVR Compiler
avr-gcc -Wall -g2 -gstabs -O0 -fpack-struct -fshort-enums -ffunction-sections -fdata-sections -std=gnu99 -funsigned-char -funsigned-bitfields -mmcu=atmega32 -DF_CPU=16000000UL -MMD -MP -MF"HAL/ultrasonic.d" -MT"HAL/ultrasonic.o" -c -o "HAL/ultrasonic.o" "../HAL/ultrasonic.c"
In file included from ../HAL/ultrasonic.c:2:
c:/winavr-20100110/lib/gcc/../../avr/include/avr/delay.h:36:2: warning: #warning "This file has been moved to <util/delay.h>."
In file included from c:/winavr-20100110/lib/gcc/../../avr/include/avr/delay.h:37,
                 from ../HAL/ultrasonic.c:2:
c:/winavr-20100110/lib/gcc/../../avr/include/util/delay.h:90:3: warning: #warning "Compiler optimizations disabled; functions from <util/delay.h> won't work as designed"
../HAL/ultrasonic.c:93: error: redefinition of 'Ultrasonic_edgeProcessing'
../HAL/ultrasonic.c:55: error: previous definition of 'Ultrasonic_edgeProcessing' was here
make: *** [HAL/ultrasonic.o] Error 1
"make all" terminated with exit code 2. Build might be incomplete.
14:56:30 **** Incremental Build of configuration Debug for project Car_Parking_System ****
make all 
Building file: ../HAL/ultrasonic.c
Invoking: AVR Compiler
avr-gcc -Wall -g2 -gstabs -O0 -fpack-struct -fshort-enums -ffunction-sections -fdata-sections -std=gnu99 -funsigned-char -funsigned-bitfields -mmcu=atmega32 -DF_CPU=16000000UL -MMD -MP -MF"HAL/ultrasonic.d" -MT"HAL/ultrasonic.o" -c -o "HAL/ultrasonic.o" "../HAL/ultrasonic.c"
In file included from ../HAL/ultrasonic.c:2:
c:/winavr-20100110/lib/gcc/../../avr/include/avr/delay.h:36:2: warning: #warning "This file has been moved to <util/delay.h>."
In file included from c:/winavr-20100110/lib/gcc/../../avr/include/avr/delay.h:37,
                 from ../HAL/ultrasonic.c:2:
c:/winavr-20100110/lib/gcc/../../avr/include/util/delay.h:90:3: warning: #warning "Compiler optimizations disabled; functions from <util/delay.h> won't work as designed"
Finished building: ../HAL/ultrasonic.c
 
Building target: Car_Parking_System.elf
Invoking: AVR C Linker
avr-gcc -Wl,-Map,Car_Parking_System.map -mmcu=atmega32 -o "Car_Parking_System.elf"  ./MCAL/gpio.o ./MCAL/icu.o  ./HAL/buzzer.o ./HAL/lcd.o ./HAL/led.o ./HAL/ultrasonic.o  ./main.o   
Finished building target: Car_Parking_System.elf
 
Invoking: AVR Create Extended Listing
avr-objdump -h -S Car_Parking_System.elf  >"Car_Parking_System.lss"
Finished building: Car_Parking_System.lss
 
Invoking: Print Size
avr-size --format=avr --mcu=atmega32 Car_Parking_System.elf
AVR Memory Usage
----------------
Device: atmega32

Program:   12794 bytes (39.0% Full)
(.text + .data + .bootloader)

Data:        296 bytes (14.5% Full)
(.data + .bss + .noinit)


Finished building: sizedummy
 
14:56:56 **** Incremental Build of configuration Debug for project Car_Parking_System ****
make all 
Building file: ../HAL/ultrasonic.c
Invoking: AVR Compiler
avr-gcc -Wall -g2 -gstabs -O0 -fpack-struct -fshort-enums -ffunction-sections -fdata-sections -std=gnu99 -funsigned-char -funsigned-bitfields -mmcu=atmega32 -DF_CPU=16000000UL -MMD -MP -MF"HAL/ultrasonic.d" -MT"HAL/ultrasonic.o" -c -o "HAL/ultrasonic.o" "../HAL/ultrasonic.c"
In file included from ../HAL/ultrasonic.c:2:
c:/winavr-20100110/lib/gcc/../../avr/include/avr/delay.h:36:2: warning: #warning "This file has been moved to <util/delay.h>."
In file included from c:/winavr-20100110/lib/gcc/../../avr/include/avr/delay.h:37,
                 from ../HAL/ultrasonic.c:2:
c:/winavr-20100110/lib/gcc/../../avr/include/util/delay.h:90:3: warning: #warning "Compiler optimizations disabled; functions from <util/delay.h> won't work as designed"
../HAL/ultrasonic.c: In function 'Ultrasonic_readDistance':
../HAL/ultrasonic.c:50: warning: unused variable 'timeInSeconds'
Finished building: ../HAL/ultrasonic.c
 
Building target: Car_Parking_System.elf
Invoking: AVR C Linker
avr-gcc -Wl,-Map,Car_Parking_System.map -mmcu=atmega32 -o "Car_Parking_System.elf"  ./MCAL/gpio.o ./MCAL/icu.o  ./HAL/buzzer.o ./HAL/lcd.o ./HAL/led.o ./HAL/ultrasonic.o  ./main.o   
Finished building target: Car_Parking_System.elf
 
Invoking: AVR Create Extended Listing
avr-objdump -h -S Car_Parking_System.elf  >"Car_Parking_System.lss"
Finished building: Car_Parking_System.lss
 
Invoking: Print Size
avr-size --format=avr --mcu=atmega32 Car_Parking_System.elf
AVR Memory Usage
----------------
Device: atmega32

Program:   12696 bytes (38.7% Full)
(.text + .data + .bootloader)

Data:        296 bytes (14.5% Full)
(.data + .bss + .noinit)


Finished building: sizedummy
 
15:02:19 **** Incremental Build of configuration Debug for project Car_Parking_System ****
make all 
Building file: ../HAL/ultrasonic.c
Invoking: AVR Compiler
avr-gcc -Wall -g2 -gstabs -O0 -fpack-struct -fshort-enums -ffunction-sections -fdata-sections -std=gnu99 -funsigned-char -funsigned-bitfields -mmcu=atmega32 -DF_CPU=16000000UL -MMD -MP -MF"HAL/ultrasonic.d" -MT"HAL/ultrasonic.o" -c -o "HAL/ultrasonic.o" "../HAL/ultrasonic.c"
In file included from ../HAL/ultrasonic.c:2:
c:/winavr-20100110/lib/gcc/../../avr/include/avr/delay.h:36:2: warning: #warning "This file has been moved to <util/delay.h>."
In file included from c:/winavr-20100110/lib/gcc/../../avr/include/avr/delay.h:37,
                 from ../HAL/ultrasonic.c:2:
c:/winavr-20100110/lib/gcc/../../avr/include/util/delay.h:90:3: warning: #warning "Compiler optimizations disabled; functions from <util/delay.h> won't work as designed"
../HAL/ultrasonic.c: In function 'Ultrasonic_readDistance':
../HAL/ultrasonic.c:50: warning: unused variable 'timeInSeconds'
Finished building: ../HAL/ultrasonic.c
 
Building target: Car_Parking_System.elf
Invoking: AVR C Linker
avr-gcc -Wl,-Map,Car_Parking_System.map -mmcu=atmega32 -o "Car_Parking_System.elf"  ./MCAL/gpio.o ./MCAL/icu.o  ./HAL/buzzer.o ./HAL/lcd.o ./HAL/led.o ./HAL/ultrasonic.o  ./main.o   
Finished building target: Car_Parking_System.elf
 
Invoking: AVR Create Extended Listing
avr-objdump -h -S Car_Parking_System.elf  >"Car_Parking_System.lss"
Finished building: Car_Parking_System.lss
 
Invoking: Print Size
avr-size --format=avr --mcu=atmega32 Car_Parking_System.elf
AVR Memory Usage
----------------
Device: atmega32

Program:   12688 bytes (38.7% Full)
(.text + .data + .bootloader)

Data:        296 bytes (14.5% Full)
(.data + .bss + .noinit)


Finished building: sizedummy
 
17:49:17 **** Incremental Build of configuration Debug for project Car_Parking_System ****
make all 
Building file: ../MCAL/gpio.c
Invoking: AVR Compiler
avr-gcc -Wall -g2 -gstabs -O0 -fpack-struct -fshort-enums -ffunction-sections -fdata-sections -std=gnu99 -funsigned-char -funsigned-bitfields -mmcu=atmega32 -DF_CPU=16000000UL -MMD -MP -MF"MCAL/gpio.d" -MT"MCAL/gpio.o" -c -o "MCAL/gpio.o" "../MCAL/gpio.c"
Finished building: ../MCAL/gpio.c
 
Building file: ../MCAL/icu.c
Invoking: AVR Compiler
avr-gcc -Wall -g2 -gstabs -O0 -fpack-struct -fshort-enums -ffunction-sections -fdata-sections -std=gnu99 -funsigned-char -funsigned-bitfields -mmcu=atmega32 -DF_CPU=16000000UL -MMD -MP -MF"MCAL/icu.d" -MT"MCAL/icu.o" -c -o "MCAL/icu.o" "../MCAL/icu.c"
../MCAL/icu.c:14: warning: return type defaults to 'int'
../MCAL/icu.c: In function 'ISR':
../MCAL/icu.c:14: warning: type of '__vector_6' defaults to 'int'
../MCAL/icu.c:24: warning: control reaches end of non-void function
Finished building: ../MCAL/icu.c
 
Building file: ../HAL/buzzer.c
Invoking: AVR Compiler
avr-gcc -Wall -g2 -gstabs -O0 -fpack-struct -fshort-enums -ffunction-sections -fdata-sections -std=gnu99 -funsigned-char -funsigned-bitfields -mmcu=atmega32 -DF_CPU=16000000UL -MMD -MP -MF"HAL/buzzer.d" -MT"HAL/buzzer.o" -c -o "HAL/buzzer.o" "../HAL/buzzer.c"
Finished building: ../HAL/buzzer.c
 
Building file: ../HAL/lcd.c
Invoking: AVR Compiler
avr-gcc -Wall -g2 -gstabs -O0 -fpack-struct -fshort-enums -ffunction-sections -fdata-sections -std=gnu99 -funsigned-char -funsigned-bitfields -mmcu=atmega32 -DF_CPU=16000000UL -MMD -MP -MF"HAL/lcd.d" -MT"HAL/lcd.o" -c -o "HAL/lcd.o" "../HAL/lcd.c"
In file included from ../HAL/lcd.c:13:
c:/winavr-20100110/lib/gcc/../../avr/include/util/delay.h:90:3: warning: #warning "Compiler optimizations disabled; functions from <util/delay.h> won't work as designed"
../HAL/lcd.c: In function 'LCD_intgerToString':
../HAL/lcd.c:209: warning: implicit declaration of function 'itoa'
Finished building: ../HAL/lcd.c
 
Building file: ../HAL/led.c
Invoking: AVR Compiler
avr-gcc -Wall -g2 -gstabs -O0 -fpack-struct -fshort-enums -ffunction-sections -fdata-sections -std=gnu99 -funsigned-char -funsigned-bitfields -mmcu=atmega32 -DF_CPU=16000000UL -MMD -MP -MF"HAL/led.d" -MT"HAL/led.o" -c -o "HAL/led.o" "../HAL/led.c"
Finished building: ../HAL/led.c
 
Building file: ../HAL/ultrasonic.c
Invoking: AVR Compiler
avr-gcc -Wall -g2 -gstabs -O0 -fpack-struct -fshort-enums -ffunction-sections -fdata-sections -std=gnu99 -funsigned-char -funsigned-bitfields -mmcu=atmega32 -DF_CPU=16000000UL -MMD -MP -MF"HAL/ultrasonic.d" -MT"HAL/ultrasonic.o" -c -o "HAL/ultrasonic.o" "../HAL/ultrasonic.c"
In file included from ../HAL/ultrasonic.c:2:
c:/winavr-20100110/lib/gcc/../../avr/include/avr/delay.h:36:2: warning: #warning "This file has been moved to <util/delay.h>."
In file included from c:/winavr-20100110/lib/gcc/../../avr/include/avr/delay.h:37,
                 from ../HAL/ultrasonic.c:2:
c:/winavr-20100110/lib/gcc/../../avr/include/util/delay.h:90:3: warning: #warning "Compiler optimizations disabled; functions from <util/delay.h> won't work as designed"
../HAL/ultrasonic.c: In function 'Ultrasonic_readDistance':
../HAL/ultrasonic.c:50: warning: unused variable 'timeInSeconds'
Finished building: ../HAL/ultrasonic.c
 
Building file: ../main.c
Invoking: AVR Compiler
avr-gcc -Wall -g2 -gstabs -O0 -fpack-struct -fshort-enums -ffunction-sections -fdata-sections -std=gnu99 -funsigned-char -funsigned-bitfields -mmcu=atmega32 -DF_CPU=16000000UL -MMD -MP -MF"main.d" -MT"main.o" -c -o "main.o" "../main.c"
In file included from ../main.c:3:
c:/winavr-20100110/lib/gcc/../../avr/include/avr/delay.h:36:2: warning: #warning "This file has been moved to <util/delay.h>."
In file included from c:/winavr-20100110/lib/gcc/../../avr/include/avr/delay.h:37,
                 from ../main.c:3:
c:/winavr-20100110/lib/gcc/../../avr/include/util/delay.h:90:3: warning: #warning "Compiler optimizations disabled; functions from <util/delay.h> won't work as designed"
Finished building: ../main.c
 
Building target: Car_Parking_System.elf
Invoking: AVR C Linker
avr-gcc -Wl,-Map,Car_Parking_System.map -mmcu=atmega32 -o "Car_Parking_System.elf"  ./MCAL/gpio.o ./MCAL/icu.o  ./HAL/buzzer.o ./HAL/lcd.o ./HAL/led.o ./HAL/ultrasonic.o  ./main.o   
Finished building target: Car_Parking_System.elf
 
Invoking: AVR Create Extended Listing
avr-objdump -h -S Car_Parking_System.elf  >"Car_Parking_System.lss"
Finished building: Car_Parking_System.lss
 
Invoking: Print Size
avr-size --format=avr --mcu=atmega32 Car_Parking_System.elf
AVR Memory Usage
----------------
Device: atmega32

Program:   12688 bytes (38.7% Full)
(.text + .data + .bootloader)

Data:        296 bytes (14.5% Full)
(.data + .bss + .noinit)


Finished building: sizedummy
 
17:52:01 **** Incremental Build of configuration Debug for project Car_Parking_System ****
make all 
Building file: ../main.c
Invoking: AVR Compiler
avr-gcc -Wall -g2 -gstabs -O0 -fpack-struct -fshort-enums -ffunction-sections -fdata-sections -std=gnu99 -funsigned-char -funsigned-bitfields -mmcu=atmega32 -DF_CPU=16000000UL -MMD -MP -MF"main.d" -MT"main.o" -c -o "main.o" "../main.c"
In file included from ../main.c:3:
c:/winavr-20100110/lib/gcc/../../avr/include/avr/delay.h:36:2: warning: #warning "This file has been moved to <util/delay.h>."
In file included from c:/winavr-20100110/lib/gcc/../../avr/include/avr/delay.h:37,
                 from ../main.c:3:
c:/winavr-20100110/lib/gcc/../../avr/include/util/delay.h:90:3: warning: #warning "Compiler optimizations disabled; functions from <util/delay.h> won't work as designed"
Finished building: ../main.c
 
Building target: Car_Parking_System.elf
Invoking: AVR C Linker
avr-gcc -Wl,-Map,Car_Parking_System.map -mmcu=atmega32 -o "Car_Parking_System.elf"  ./MCAL/gpio.o ./MCAL/icu.o  ./HAL/buzzer.o ./HAL/lcd.o ./HAL/led.o ./HAL/ultrasonic.o  ./main.o   
Finished building target: Car_Parking_System.elf
 
Invoking: AVR Create Extended Listing
avr-objdump -h -S Car_Parking_System.elf  >"Car_Parking_System.lss"
Finished building: Car_Parking_System.lss
 
Invoking: Print Size
avr-size --format=avr --mcu=atmega32 Car_Parking_System.elf
AVR Memory Usage
----------------
Device: atmega32

Program:   12674 bytes (38.7% Full)
(.text + .data + .bootloader)

Data:        290 bytes (14.2% Full)
(.data + .bss + .noinit)


Finished building: sizedummy
 
17:56:01 **** Incremental Build of configuration Debug for project Car_Parking_System ****
make all 
Building file: ../HAL/ultrasonic.c
Invoking: AVR Compiler
avr-gcc -Wall -g2 -gstabs -O0 -fpack-struct -fshort-enums -ffunction-sections -fdata-sections -std=gnu99 -funsigned-char -funsigned-bitfields -mmcu=atmega32 -DF_CPU=16000000UL -MMD -MP -MF"HAL/ultrasonic.d" -MT"HAL/ultrasonic.o" -c -o "HAL/ultrasonic.o" "../HAL/ultrasonic.c"
In file included from ../HAL/ultrasonic.c:2:
c:/winavr-20100110/lib/gcc/../../avr/include/avr/delay.h:36:2: warning: #warning "This file has been moved to <util/delay.h>."
In file included from c:/winavr-20100110/lib/gcc/../../avr/include/avr/delay.h:37,
                 from ../HAL/ultrasonic.c:2:
c:/winavr-20100110/lib/gcc/../../avr/include/util/delay.h:90:3: warning: #warning "Compiler optimizations disabled; functions from <util/delay.h> won't work as designed"
../HAL/ultrasonic.c: In function 'Ultrasonic_readDistance':
../HAL/ultrasonic.c:47: warning: unused variable 'timeInSeconds'
Finished building: ../HAL/ultrasonic.c
 
Building file: ../main.c
Invoking: AVR Compiler
avr-gcc -Wall -g2 -gstabs -O0 -fpack-struct -fshort-enums -ffunction-sections -fdata-sections -std=gnu99 -funsigned-char -funsigned-bitfields -mmcu=atmega32 -DF_CPU=16000000UL -MMD -MP -MF"main.d" -MT"main.o" -c -o "main.o" "../main.c"
In file included from ../main.c:3:
c:/winavr-20100110/lib/gcc/../../avr/include/avr/delay.h:36:2: warning: #warning "This file has been moved to <util/delay.h>."
In file included from c:/winavr-20100110/lib/gcc/../../avr/include/avr/delay.h:37,
                 from ../main.c:3:
c:/winavr-20100110/lib/gcc/../../avr/include/util/delay.h:90:3: warning: #warning "Compiler optimizations disabled; functions from <util/delay.h> won't work as designed"
Finished building: ../main.c
 
Building target: Car_Parking_System.elf
Invoking: AVR C Linker
avr-gcc -Wl,-Map,Car_Parking_System.map -mmcu=atmega32 -o "Car_Parking_System.elf"  ./MCAL/gpio.o ./MCAL/icu.o  ./HAL/buzzer.o ./HAL/lcd.o ./HAL/led.o ./HAL/ultrasonic.o  ./main.o   
Finished building target: Car_Parking_System.elf
 
Invoking: AVR Create Extended Listing
avr-objdump -h -S Car_Parking_System.elf  >"Car_Parking_System.lss"
Finished building: Car_Parking_System.lss
 
Invoking: Print Size
avr-size --format=avr --mcu=atmega32 Car_Parking_System.elf
AVR Memory Usage
----------------
Device: atmega32

Program:   12678 bytes (38.7% Full)
(.text + .data + .bootloader)

Data:        296 bytes (14.5% Full)
(.data + .bss + .noinit)


Finished building: sizedummy
 
17:57:17 **** Incremental Build of configuration Debug for project Car_Parking_System ****
make all 
Building file: ../main.c
Invoking: AVR Compiler
avr-gcc -Wall -g2 -gstabs -O0 -fpack-struct -fshort-enums -ffunction-sections -fdata-sections -std=gnu99 -funsigned-char -funsigned-bitfields -mmcu=atmega32 -DF_CPU=16000000UL -MMD -MP -MF"main.d" -MT"main.o" -c -o "main.o" "../main.c"
In file included from ../main.c:3:
c:/winavr-20100110/lib/gcc/../../avr/include/avr/delay.h:36:2: warning: #warning "This file has been moved to <util/delay.h>."
In file included from c:/winavr-20100110/lib/gcc/../../avr/include/avr/delay.h:37,
                 from ../main.c:3:
c:/winavr-20100110/lib/gcc/../../avr/include/util/delay.h:90:3: warning: #warning "Compiler optimizations disabled; functions from <util/delay.h> won't work as designed"
Finished building: ../main.c
 
Building target: Car_Parking_System.elf
Invoking: AVR C Linker
avr-gcc -Wl,-Map,Car_Parking_System.map -mmcu=atmega32 -o "Car_Parking_System.elf"  ./MCAL/gpio.o ./MCAL/icu.o  ./HAL/buzzer.o ./HAL/lcd.o ./HAL/led.o ./HAL/ultrasonic.o  ./main.o   
Finished building target: Car_Parking_System.elf
 
Invoking: AVR Create Extended Listing
avr-objdump -h -S Car_Parking_System.elf  >"Car_Parking_System.lss"
Finished building: Car_Parking_System.lss
 
Invoking: Print Size
avr-size --format=avr --mcu=atmega32 Car_Parking_System.elf
AVR Memory Usage
----------------
Device: atmega32

Program:   12686 bytes (38.7% Full)
(.text + .data + .bootloader)

Data:        296 bytes (14.5% Full)
(.data + .bss + .noinit)


Finished building: sizedummy
 
17:57:41 **** Incremental Build of configuration Debug for project Car_Parking_System ****
make all 
Building file: ../main.c
Invoking: AVR Compiler
avr-gcc -Wall -g2 -gstabs -O0 -fpack-struct -fshort-enums -ffunction-sections -fdata-sections -std=gnu99 -funsigned-char -funsigned-bitfields -mmcu=atmega32 -DF_CPU=16000000UL -MMD -MP -MF"main.d" -MT"main.o" -c -o "main.o" "../main.c"
In file included from ../main.c:3:
c:/winavr-20100110/lib/gcc/../../avr/include/avr/delay.h:36:2: warning: #warning "This file has been moved to <util/delay.h>."
In file included from c:/winavr-20100110/lib/gcc/../../avr/include/avr/delay.h:37,
                 from ../main.c:3:
c:/winavr-20100110/lib/gcc/../../avr/include/util/delay.h:90:3: warning: #warning "Compiler optimizations disabled; functions from <util/delay.h> won't work as designed"
Finished building: ../main.c
 
Building target: Car_Parking_System.elf
Invoking: AVR C Linker
avr-gcc -Wl,-Map,Car_Parking_System.map -mmcu=atmega32 -o "Car_Parking_System.elf"  ./MCAL/gpio.o ./MCAL/icu.o  ./HAL/buzzer.o ./HAL/lcd.o ./HAL/led.o ./HAL/ultrasonic.o  ./main.o   
Finished building target: Car_Parking_System.elf
 
Invoking: AVR Create Extended Listing
avr-objdump -h -S Car_Parking_System.elf  >"Car_Parking_System.lss"
Finished building: Car_Parking_System.lss
 
Invoking: Print Size
avr-size --format=avr --mcu=atmega32 Car_Parking_System.elf
AVR Memory Usage
----------------
Device: atmega32

Program:   12670 bytes (38.7% Full)
(.text + .data + .bootloader)

Data:        296 bytes (14.5% Full)
(.data + .bss + .noinit)


Finished building: sizedummy
 
17:59:34 **** Incremental Build of configuration Debug for project Car_Parking_System ****
make all 
Building file: ../main.c
Invoking: AVR Compiler
avr-gcc -Wall -g2 -gstabs -O0 -fpack-struct -fshort-enums -ffunction-sections -fdata-sections -std=gnu99 -funsigned-char -funsigned-bitfields -mmcu=atmega32 -DF_CPU=16000000UL -MMD -MP -MF"main.d" -MT"main.o" -c -o "main.o" "../main.c"
In file included from ../main.c:3:
c:/winavr-20100110/lib/gcc/../../avr/include/avr/delay.h:36:2: warning: #warning "This file has been moved to <util/delay.h>."
In file included from c:/winavr-20100110/lib/gcc/../../avr/include/avr/delay.h:37,
                 from ../main.c:3:
c:/winavr-20100110/lib/gcc/../../avr/include/util/delay.h:90:3: warning: #warning "Compiler optimizations disabled; functions from <util/delay.h> won't work as designed"
Finished building: ../main.c
 
Building target: Car_Parking_System.elf
Invoking: AVR C Linker
avr-gcc -Wl,-Map,Car_Parking_System.map -mmcu=atmega32 -o "Car_Parking_System.elf"  ./MCAL/gpio.o ./MCAL/icu.o  ./HAL/buzzer.o ./HAL/lcd.o ./HAL/led.o ./HAL/ultrasonic.o  ./main.o   
Finished building target: Car_Parking_System.elf
 
Invoking: AVR Create Extended Listing
avr-objdump -h -S Car_Parking_System.elf  >"Car_Parking_System.lss"
Finished building: Car_Parking_System.lss
 
Invoking: Print Size
avr-size --format=avr --mcu=atmega32 Car_Parking_System.elf
AVR Memory Usage
----------------
Device: atmega32

Program:   12662 bytes (38.6% Full)
(.text + .data + .bootloader)

Data:        296 bytes (14.5% Full)
(.data + .bss + .noinit)


Finished building: sizedummy
 
18:00:16 **** Incremental Build of configuration Debug for project Car_Parking_System ****
make all 
Building file: ../HAL/ultrasonic.c
Invoking: AVR Compiler
avr-gcc -Wall -g2 -gstabs -O0 -fpack-struct -fshort-enums -ffunction-sections -fdata-sections -std=gnu99 -funsigned-char -funsigned-bitfields -mmcu=atmega32 -DF_CPU=16000000UL -MMD -MP -MF"HAL/ultrasonic.d" -MT"HAL/ultrasonic.o" -c -o "HAL/ultrasonic.o" "../HAL/ultrasonic.c"
In file included from ../HAL/ultrasonic.c:2:
c:/winavr-20100110/lib/gcc/../../avr/include/avr/delay.h:36:2: warning: #warning "This file has been moved to <util/delay.h>."
In file included from c:/winavr-20100110/lib/gcc/../../avr/include/avr/delay.h:37,
                 from ../HAL/ultrasonic.c:2:
c:/winavr-20100110/lib/gcc/../../avr/include/util/delay.h:90:3: warning: #warning "Compiler optimizations disabled; functions from <util/delay.h> won't work as designed"
../HAL/ultrasonic.c: In function 'Ultrasonic_readDistance':
../HAL/ultrasonic.c:47: warning: unused variable 'timeInSeconds'
Finished building: ../HAL/ultrasonic.c
 
Building file: ../main.c
Invoking: AVR Compiler
avr-gcc -Wall -g2 -gstabs -O0 -fpack-struct -fshort-enums -ffunction-sections -fdata-sections -std=gnu99 -funsigned-char -funsigned-bitfields -mmcu=atmega32 -DF_CPU=16000000UL -MMD -MP -MF"main.d" -MT"main.o" -c -o "main.o" "../main.c"
In file included from ../main.c:3:
c:/winavr-20100110/lib/gcc/../../avr/include/avr/delay.h:36:2: warning: #warning "This file has been moved to <util/delay.h>."
In file included from c:/winavr-20100110/lib/gcc/../../avr/include/avr/delay.h:37,
                 from ../main.c:3:
c:/winavr-20100110/lib/gcc/../../avr/include/util/delay.h:90:3: warning: #warning "Compiler optimizations disabled; functions from <util/delay.h> won't work as designed"
Finished building: ../main.c
 
Building target: Car_Parking_System.elf
Invoking: AVR C Linker
avr-gcc -Wl,-Map,Car_Parking_System.map -mmcu=atmega32 -o "Car_Parking_System.elf"  ./MCAL/gpio.o ./MCAL/icu.o  ./HAL/buzzer.o ./HAL/lcd.o ./HAL/led.o ./HAL/ultrasonic.o  ./main.o   
Finished building target: Car_Parking_System.elf
 
Invoking: AVR Create Extended Listing
avr-objdump -h -S Car_Parking_System.elf  >"Car_Parking_System.lss"
Finished building: Car_Parking_System.lss
 
Invoking: Print Size
avr-size --format=avr --mcu=atmega32 Car_Parking_System.elf
AVR Memory Usage
----------------
Device: atmega32

Program:   12662 bytes (38.6% Full)
(.text + .data + .bootloader)

Data:        296 bytes (14.5% Full)
(.data + .bss + .noinit)


Finished building: sizedummy
 
18:04:07 **** Incremental Build of configuration Debug for project Car_Parking_System ****
make all 
Building file: ../HAL/ultrasonic.c
Invoking: AVR Compiler
avr-gcc -Wall -g2 -gstabs -O0 -fpack-struct -fshort-enums -ffunction-sections -fdata-sections -std=gnu99 -funsigned-char -funsigned-bitfields -mmcu=atmega32 -DF_CPU=16000000UL -MMD -MP -MF"HAL/ultrasonic.d" -MT"HAL/ultrasonic.o" -c -o "HAL/ultrasonic.o" "../HAL/ultrasonic.c"
In file included from ../HAL/ultrasonic.c:2:
c:/winavr-20100110/lib/gcc/../../avr/include/avr/delay.h:36:2: warning: #warning "This file has been moved to <util/delay.h>."
In file included from c:/winavr-20100110/lib/gcc/../../avr/include/avr/delay.h:37,
                 from ../HAL/ultrasonic.c:2:
c:/winavr-20100110/lib/gcc/../../avr/include/util/delay.h:90:3: warning: #warning "Compiler optimizations disabled; functions from <util/delay.h> won't work as designed"
../HAL/ultrasonic.c: In function 'Ultrasonic_readDistance':
../HAL/ultrasonic.c:47: warning: unused variable 'timeInSeconds'
Finished building: ../HAL/ultrasonic.c
 
Building target: Car_Parking_System.elf
Invoking: AVR C Linker
avr-gcc -Wl,-Map,Car_Parking_System.map -mmcu=atmega32 -o "Car_Parking_System.elf"  ./MCAL/gpio.o ./MCAL/icu.o  ./HAL/buzzer.o ./HAL/lcd.o ./HAL/led.o ./HAL/ultrasonic.o  ./main.o   
Finished building target: Car_Parking_System.elf
 
Invoking: AVR Create Extended Listing
avr-objdump -h -S Car_Parking_System.elf  >"Car_Parking_System.lss"
Finished building: Car_Parking_System.lss
 
Invoking: Print Size
avr-size --format=avr --mcu=atmega32 Car_Parking_System.elf
AVR Memory Usage
----------------
Device: atmega32

Program:   12662 bytes (38.6% Full)
(.text + .data + .bootloader)

Data:        296 bytes (14.5% Full)
(.data + .bss + .noinit)


Finished building: sizedummy
 
18:04:30 **** Incremental Build of configuration Debug for project Car_Parking_System ****
make all 
Building file: ../HAL/ultrasonic.c
Invoking: AVR Compiler
avr-gcc -Wall -g2 -gstabs -O0 -fpack-struct -fshort-enums -ffunction-sections -fdata-sections -std=gnu99 -funsigned-char -funsigned-bitfields -mmcu=atmega32 -DF_CPU=16000000UL -MMD -MP -MF"HAL/ultrasonic.d" -MT"HAL/ultrasonic.o" -c -o "HAL/ultrasonic.o" "../HAL/ultrasonic.c"
In file included from ../HAL/ultrasonic.c:2:
c:/winavr-20100110/lib/gcc/../../avr/include/avr/delay.h:36:2: warning: #warning "This file has been moved to <util/delay.h>."
In file included from c:/winavr-20100110/lib/gcc/../../avr/include/avr/delay.h:37,
                 from ../HAL/ultrasonic.c:2:
c:/winavr-20100110/lib/gcc/../../avr/include/util/delay.h:90:3: warning: #warning "Compiler optimizations disabled; functions from <util/delay.h> won't work as designed"
Finished building: ../HAL/ultrasonic.c
 
Building target: Car_Parking_System.elf
Invoking: AVR C Linker
avr-gcc -Wl,-Map,Car_Parking_System.map -mmcu=atmega32 -o "Car_Parking_System.elf"  ./MCAL/gpio.o ./MCAL/icu.o  ./HAL/buzzer.o ./HAL/lcd.o ./HAL/led.o ./HAL/ultrasonic.o  ./main.o   
Finished building target: Car_Parking_System.elf
 
Invoking: AVR Create Extended Listing
avr-objdump -h -S Car_Parking_System.elf  >"Car_Parking_System.lss"
Finished building: Car_Parking_System.lss
 
Invoking: Print Size
avr-size --format=avr --mcu=atmega32 Car_Parking_System.elf
AVR Memory Usage
----------------
Device: atmega32

Program:   12694 bytes (38.7% Full)
(.text + .data + .bootloader)

Data:        296 bytes (14.5% Full)
(.data + .bss + .noinit)


Finished building: sizedummy
 
18:04:43 **** Incremental Build of configuration Debug for project Car_Parking_System ****
make all 
Building file: ../HAL/ultrasonic.c
Invoking: AVR Compiler
avr-gcc -Wall -g2 -gstabs -O0 -fpack-struct -fshort-enums -ffunction-sections -fdata-sections -std=gnu99 -funsigned-char -funsigned-bitfields -mmcu=atmega32 -DF_CPU=16000000UL -MMD -MP -MF"HAL/ultrasonic.d" -MT"HAL/ultrasonic.o" -c -o "HAL/ultrasonic.o" "../HAL/ultrasonic.c"
In file included from ../HAL/ultrasonic.c:2:
c:/winavr-20100110/lib/gcc/../../avr/include/avr/delay.h:36:2: warning: #warning "This file has been moved to <util/delay.h>."
In file included from c:/winavr-20100110/lib/gcc/../../avr/include/avr/delay.h:37,
                 from ../HAL/ultrasonic.c:2:
c:/winavr-20100110/lib/gcc/../../avr/include/util/delay.h:90:3: warning: #warning "Compiler optimizations disabled; functions from <util/delay.h> won't work as designed"
Finished building: ../HAL/ultrasonic.c
 
Building target: Car_Parking_System.elf
Invoking: AVR C Linker
avr-gcc -Wl,-Map,Car_Parking_System.map -mmcu=atmega32 -o "Car_Parking_System.elf"  ./MCAL/gpio.o ./MCAL/icu.o  ./HAL/buzzer.o ./HAL/lcd.o ./HAL/led.o ./HAL/ultrasonic.o  ./main.o   
Finished building target: Car_Parking_System.elf
 
Invoking: AVR Create Extended Listing
avr-objdump -h -S Car_Parking_System.elf  >"Car_Parking_System.lss"
Finished building: Car_Parking_System.lss
 
Invoking: Print Size
avr-size --format=avr --mcu=atmega32 Car_Parking_System.elf
AVR Memory Usage
----------------
Device: atmega32

Program:   12702 bytes (38.8% Full)
(.text + .data + .bootloader)

Data:        296 bytes (14.5% Full)
(.data + .bss + .noinit)


Finished building: sizedummy
 
18:12:29 **** Incremental Build of configuration Debug for project Car_Parking_System ****
make all 
Invoking: Print Size
avr-size --format=avr --mcu=atmega32 Car_Parking_System.elf
AVR Memory Usage
----------------
Device: atmega32

Program:   12702 bytes (38.8% Full)
(.text + .data + .bootloader)

Data:        296 bytes (14.5% Full)
(.data + .bss + .noinit)


Finished building: sizedummy
 
18:13:25 **** Incremental Build of configuration Debug for project Car_Parking_System ****
make all 
Building file: ../HAL/ultrasonic.c
Invoking: AVR Compiler
avr-gcc -Wall -g2 -gstabs -O0 -fpack-struct -fshort-enums -ffunction-sections -fdata-sections -std=gnu99 -funsigned-char -funsigned-bitfields -mmcu=atmega32 -DF_CPU=16000000UL -MMD -MP -MF"HAL/ultrasonic.d" -MT"HAL/ultrasonic.o" -c -o "HAL/ultrasonic.o" "../HAL/ultrasonic.c"
In file included from ../HAL/ultrasonic.c:2:
c:/winavr-20100110/lib/gcc/../../avr/include/avr/delay.h:36:2: warning: #warning "This file has been moved to <util/delay.h>."
In file included from c:/winavr-20100110/lib/gcc/../../avr/include/avr/delay.h:37,
                 from ../HAL/ultrasonic.c:2:
c:/winavr-20100110/lib/gcc/../../avr/include/util/delay.h:90:3: warning: #warning "Compiler optimizations disabled; functions from <util/delay.h> won't work as designed"
Finished building: ../HAL/ultrasonic.c
 
Building target: Car_Parking_System.elf
Invoking: AVR C Linker
avr-gcc -Wl,-Map,Car_Parking_System.map -mmcu=atmega32 -o "Car_Parking_System.elf"  ./MCAL/gpio.o ./MCAL/icu.o  ./HAL/buzzer.o ./HAL/lcd.o ./HAL/led.o ./HAL/ultrasonic.o  ./main.o   
Finished building target: Car_Parking_System.elf
 
Invoking: AVR Create Extended Listing
avr-objdump -h -S Car_Parking_System.elf  >"Car_Parking_System.lss"
Finished building: Car_Parking_System.lss
 
Invoking: Print Size
avr-size --format=avr --mcu=atmega32 Car_Parking_System.elf
AVR Memory Usage
----------------
Device: atmega32

Program:   12698 bytes (38.8% Full)
(.text + .data + .bootloader)

Data:        296 bytes (14.5% Full)
(.data + .bss + .noinit)


Finished building: sizedummy
 
18:14:27 **** Incremental Build of configuration Debug for project Car_Parking_System ****
make all 
Building file: ../HAL/ultrasonic.c
Invoking: AVR Compiler
avr-gcc -Wall -g2 -gstabs -O0 -fpack-struct -fshort-enums -ffunction-sections -fdata-sections -std=gnu99 -funsigned-char -funsigned-bitfields -mmcu=atmega32 -DF_CPU=16000000UL -MMD -MP -MF"HAL/ultrasonic.d" -MT"HAL/ultrasonic.o" -c -o "HAL/ultrasonic.o" "../HAL/ultrasonic.c"
In file included from ../HAL/ultrasonic.c:2:
c:/winavr-20100110/lib/gcc/../../avr/include/avr/delay.h:36:2: warning: #warning "This file has been moved to <util/delay.h>."
In file included from c:/winavr-20100110/lib/gcc/../../avr/include/avr/delay.h:37,
                 from ../HAL/ultrasonic.c:2:
c:/winavr-20100110/lib/gcc/../../avr/include/util/delay.h:90:3: warning: #warning "Compiler optimizations disabled; functions from <util/delay.h> won't work as designed"
Finished building: ../HAL/ultrasonic.c
 
Building target: Car_Parking_System.elf
Invoking: AVR C Linker
avr-gcc -Wl,-Map,Car_Parking_System.map -mmcu=atmega32 -o "Car_Parking_System.elf"  ./MCAL/gpio.o ./MCAL/icu.o  ./HAL/buzzer.o ./HAL/lcd.o ./HAL/led.o ./HAL/ultrasonic.o  ./main.o   
Finished building target: Car_Parking_System.elf
 
Invoking: AVR Create Extended Listing
avr-objdump -h -S Car_Parking_System.elf  >"Car_Parking_System.lss"
Finished building: Car_Parking_System.lss
 
Invoking: Print Size
avr-size --format=avr --mcu=atmega32 Car_Parking_System.elf
AVR Memory Usage
----------------
Device: atmega32

Program:   12702 bytes (38.8% Full)
(.text + .data + .bootloader)

Data:        296 bytes (14.5% Full)
(.data + .bss + .noinit)


Finished building: sizedummy
 
18:16:14 **** Incremental Build of configuration Debug for project Car_Parking_System ****
make all 
Building file: ../HAL/ultrasonic.c
Invoking: AVR Compiler
avr-gcc -Wall -g2 -gstabs -O0 -fpack-struct -fshort-enums -ffunction-sections -fdata-sections -std=gnu99 -funsigned-char -funsigned-bitfields -mmcu=atmega32 -DF_CPU=16000000UL -MMD -MP -MF"HAL/ultrasonic.d" -MT"HAL/ultrasonic.o" -c -o "HAL/ultrasonic.o" "../HAL/ultrasonic.c"
In file included from ../HAL/ultrasonic.c:2:
c:/winavr-20100110/lib/gcc/../../avr/include/avr/delay.h:36:2: warning: #warning "This file has been moved to <util/delay.h>."
In file included from c:/winavr-20100110/lib/gcc/../../avr/include/avr/delay.h:37,
                 from ../HAL/ultrasonic.c:2:
c:/winavr-20100110/lib/gcc/../../avr/include/util/delay.h:90:3: warning: #warning "Compiler optimizations disabled; functions from <util/delay.h> won't work as designed"
Finished building: ../HAL/ultrasonic.c
 
Building target: Car_Parking_System.elf
Invoking: AVR C Linker
avr-gcc -Wl,-Map,Car_Parking_System.map -mmcu=atmega32 -o "Car_Parking_System.elf"  ./MCAL/gpio.o ./MCAL/icu.o  ./HAL/buzzer.o ./HAL/lcd.o ./HAL/led.o ./HAL/ultrasonic.o  ./main.o   
Finished building target: Car_Parking_System.elf
 
Invoking: AVR Create Extended Listing
avr-objdump -h -S Car_Parking_System.elf  >"Car_Parking_System.lss"
Finished building: Car_Parking_System.lss
 
Invoking: Print Size
avr-size --format=avr --mcu=atmega32 Car_Parking_System.elf
AVR Memory Usage
----------------
Device: atmega32

Program:   11954 bytes (36.5% Full)
(.text + .data + .bootloader)

Data:        296 bytes (14.5% Full)
(.data + .bss + .noinit)


Finished building: sizedummy
 
18:16:27 **** Incremental Build of configuration Debug for project Car_Parking_System ****
make all 
Building file: ../HAL/ultrasonic.c
Invoking: AVR Compiler
avr-gcc -Wall -g2 -gstabs -O0 -fpack-struct -fshort-enums -ffunction-sections -fdata-sections -std=gnu99 -funsigned-char -funsigned-bitfields -mmcu=atmega32 -DF_CPU=16000000UL -MMD -MP -MF"HAL/ultrasonic.d" -MT"HAL/ultrasonic.o" -c -o "HAL/ultrasonic.o" "../HAL/ultrasonic.c"
In file included from ../HAL/ultrasonic.c:2:
c:/winavr-20100110/lib/gcc/../../avr/include/avr/delay.h:36:2: warning: #warning "This file has been moved to <util/delay.h>."
In file included from c:/winavr-20100110/lib/gcc/../../avr/include/avr/delay.h:37,
                 from ../HAL/ultrasonic.c:2:
c:/winavr-20100110/lib/gcc/../../avr/include/util/delay.h:90:3: warning: #warning "Compiler optimizations disabled; functions from <util/delay.h> won't work as designed"
Finished building: ../HAL/ultrasonic.c
 
Building target: Car_Parking_System.elf
Invoking: AVR C Linker
avr-gcc -Wl,-Map,Car_Parking_System.map -mmcu=atmega32 -o "Car_Parking_System.elf"  ./MCAL/gpio.o ./MCAL/icu.o  ./HAL/buzzer.o ./HAL/lcd.o ./HAL/led.o ./HAL/ultrasonic.o  ./main.o   
Finished building target: Car_Parking_System.elf
 
Invoking: AVR Create Extended Listing
avr-objdump -h -S Car_Parking_System.elf  >"Car_Parking_System.lss"
Finished building: Car_Parking_System.lss
 
Invoking: Print Size
avr-size --format=avr --mcu=atmega32 Car_Parking_System.elf
AVR Memory Usage
----------------
Device: atmega32

Program:   12206 bytes (37.2% Full)
(.text + .data + .bootloader)

Data:        296 bytes (14.5% Full)
(.data + .bss + .noinit)


Finished building: sizedummy
 
18:18:23 **** Incremental Build of configuration Debug for project Car_Parking_System ****
make all 
Building file: ../MCAL/gpio.c
Invoking: AVR Compiler
avr-gcc -Wall -g2 -gstabs -O0 -fpack-struct -fshort-enums -ffunction-sections -fdata-sections -std=gnu99 -funsigned-char -funsigned-bitfields -mmcu=atmega32 -DF_CPU=16000000UL -MMD -MP -MF"MCAL/gpio.d" -MT"MCAL/gpio.o" -c -o "MCAL/gpio.o" "../MCAL/gpio.c"
Finished building: ../MCAL/gpio.c
 
Building target: Car_Parking_System.elf
Invoking: AVR C Linker
avr-gcc -Wl,-Map,Car_Parking_System.map -mmcu=atmega32 -o "Car_Parking_System.elf"  ./MCAL/gpio.o ./MCAL/icu.o  ./HAL/buzzer.o ./HAL/lcd.o ./HAL/led.o ./HAL/ultrasonic.o  ./main.o   
Finished building target: Car_Parking_System.elf
 
Invoking: AVR Create Extended Listing
avr-objdump -h -S Car_Parking_System.elf  >"Car_Parking_System.lss"
Finished building: Car_Parking_System.lss
 
Invoking: Print Size
avr-size --format=avr --mcu=atmega32 Car_Parking_System.elf
AVR Memory Usage
----------------
Device: atmega32

Program:   12206 bytes (37.2% Full)
(.text + .data + .bootloader)

Data:        296 bytes (14.5% Full)
(.data + .bss + .noinit)


Finished building: sizedummy
 
18:26:03 **** Incremental Build of configuration Debug for project Car_Parking_System ****
make all 
Building file: ../MCAL/icu.c
Invoking: AVR Compiler
avr-gcc -Wall -g2 -gstabs -O0 -fpack-struct -fshort-enums -ffunction-sections -fdata-sections -std=gnu99 -funsigned-char -funsigned-bitfields -mmcu=atmega32 -DF_CPU=16000000UL -MMD -MP -MF"MCAL/icu.d" -MT"MCAL/icu.o" -c -o "MCAL/icu.o" "../MCAL/icu.c"
Finished building: ../MCAL/icu.c
 
Building file: ../HAL/ultrasonic.c
Invoking: AVR Compiler
avr-gcc -Wall -g2 -gstabs -O0 -fpack-struct -fshort-enums -ffunction-sections -fdata-sections -std=gnu99 -funsigned-char -funsigned-bitfields -mmcu=atmega32 -DF_CPU=16000000UL -MMD -MP -MF"HAL/ultrasonic.d" -MT"HAL/ultrasonic.o" -c -o "HAL/ultrasonic.o" "../HAL/ultrasonic.c"
In file included from ../HAL/ultrasonic.c:2:
c:/winavr-20100110/lib/gcc/../../avr/include/avr/delay.h:36:2: warning: #warning "This file has been moved to <util/delay.h>."
In file included from c:/winavr-20100110/lib/gcc/../../avr/include/avr/delay.h:37,
                 from ../HAL/ultrasonic.c:2:
c:/winavr-20100110/lib/gcc/../../avr/include/util/delay.h:90:3: warning: #warning "Compiler optimizations disabled; functions from <util/delay.h> won't work as designed"
Finished building: ../HAL/ultrasonic.c
 
Building target: Car_Parking_System.elf
Invoking: AVR C Linker
avr-gcc -Wl,-Map,Car_Parking_System.map -mmcu=atmega32 -o "Car_Parking_System.elf"  ./MCAL/gpio.o ./MCAL/icu.o  ./HAL/buzzer.o ./HAL/lcd.o ./HAL/led.o ./HAL/ultrasonic.o  ./main.o   
Finished building target: Car_Parking_System.elf
 
Invoking: AVR Create Extended Listing
avr-objdump -h -S Car_Parking_System.elf  >"Car_Parking_System.lss"
Finished building: Car_Parking_System.lss
 
Invoking: Print Size
avr-size --format=avr --mcu=atmega32 Car_Parking_System.elf
AVR Memory Usage
----------------
Device: atmega32

Program:   12756 bytes (38.9% Full)
(.text + .data + .bootloader)

Data:        296 bytes (14.5% Full)
(.data + .bss + .noinit)


Finished building: sizedummy
 
18:26:42 **** Incremental Build of configuration Debug for project Car_Parking_System ****
make all 
Building file: ../HAL/ultrasonic.c
Invoking: AVR Compiler
avr-gcc -Wall -g2 -gstabs -O0 -fpack-struct -fshort-enums -ffunction-sections -fdata-sections -std=gnu99 -funsigned-char -funsigned-bitfields -mmcu=atmega32 -DF_CPU=16000000UL -MMD -MP -MF"HAL/ultrasonic.d" -MT"HAL/ultrasonic.o" -c -o "HAL/ultrasonic.o" "../HAL/ultrasonic.c"
In file included from ../HAL/ultrasonic.c:2:
c:/winavr-20100110/lib/gcc/../../avr/include/avr/delay.h:36:2: warning: #warning "This file has been moved to <util/delay.h>."
In file included from c:/winavr-20100110/lib/gcc/../../avr/include/avr/delay.h:37,
                 from ../HAL/ultrasonic.c:2:
c:/winavr-20100110/lib/gcc/../../avr/include/util/delay.h:90:3: warning: #warning "Compiler optimizations disabled; functions from <util/delay.h> won't work as designed"
Finished building: ../HAL/ultrasonic.c
 
Building target: Car_Parking_System.elf
Invoking: AVR C Linker
avr-gcc -Wl,-Map,Car_Parking_System.map -mmcu=atmega32 -o "Car_Parking_System.elf"  ./MCAL/gpio.o ./MCAL/icu.o  ./HAL/buzzer.o ./HAL/lcd.o ./HAL/led.o ./HAL/ultrasonic.o  ./main.o   
Finished building target: Car_Parking_System.elf
 
Invoking: AVR Create Extended Listing
avr-objdump -h -S Car_Parking_System.elf  >"Car_Parking_System.lss"
Finished building: Car_Parking_System.lss
 
Invoking: Print Size
avr-size --format=avr --mcu=atmega32 Car_Parking_System.elf
AVR Memory Usage
----------------
Device: atmega32

Program:   12752 bytes (38.9% Full)
(.text + .data + .bootloader)

Data:        296 bytes (14.5% Full)
(.data + .bss + .noinit)


Finished building: sizedummy
 
18:27:15 **** Incremental Build of configuration Debug for project Car_Parking_System ****
make all 
Building file: ../HAL/ultrasonic.c
Invoking: AVR Compiler
avr-gcc -Wall -g2 -gstabs -O0 -fpack-struct -fshort-enums -ffunction-sections -fdata-sections -std=gnu99 -funsigned-char -funsigned-bitfields -mmcu=atmega32 -DF_CPU=16000000UL -MMD -MP -MF"HAL/ultrasonic.d" -MT"HAL/ultrasonic.o" -c -o "HAL/ultrasonic.o" "../HAL/ultrasonic.c"
In file included from ../HAL/ultrasonic.c:2:
c:/winavr-20100110/lib/gcc/../../avr/include/avr/delay.h:36:2: warning: #warning "This file has been moved to <util/delay.h>."
In file included from c:/winavr-20100110/lib/gcc/../../avr/include/avr/delay.h:37,
                 from ../HAL/ultrasonic.c:2:
c:/winavr-20100110/lib/gcc/../../avr/include/util/delay.h:90:3: warning: #warning "Compiler optimizations disabled; functions from <util/delay.h> won't work as designed"
Finished building: ../HAL/ultrasonic.c
 
Building target: Car_Parking_System.elf
Invoking: AVR C Linker
avr-gcc -Wl,-Map,Car_Parking_System.map -mmcu=atmega32 -o "Car_Parking_System.elf"  ./MCAL/gpio.o ./MCAL/icu.o  ./HAL/buzzer.o ./HAL/lcd.o ./HAL/led.o ./HAL/ultrasonic.o  ./main.o   
Finished building target: Car_Parking_System.elf
 
Invoking: AVR Create Extended Listing
avr-objdump -h -S Car_Parking_System.elf  >"Car_Parking_System.lss"
Finished building: Car_Parking_System.lss
 
Invoking: Print Size
avr-size --format=avr --mcu=atmega32 Car_Parking_System.elf
AVR Memory Usage
----------------
Device: atmega32

Program:   12752 bytes (38.9% Full)
(.text + .data + .bootloader)

Data:        296 bytes (14.5% Full)
(.data + .bss + .noinit)


Finished building: sizedummy
 
18:27:33 **** Incremental Build of configuration Debug for project Car_Parking_System ****
make all 
Invoking: Print Size
avr-size --format=avr --mcu=atmega32 Car_Parking_System.elf
AVR Memory Usage
----------------
Device: atmega32

Program:   12752 bytes (38.9% Full)
(.text + .data + .bootloader)

Data:        296 bytes (14.5% Full)
(.data + .bss + .noinit)


Finished building: sizedummy
 
18:28:20 **** Incremental Build of configuration Debug for project Car_Parking_System ****
make all 
Building file: ../MCAL/icu.c
Invoking: AVR Compiler
avr-gcc -Wall -g2 -gstabs -O0 -fpack-struct -fshort-enums -ffunction-sections -fdata-sections -std=gnu99 -funsigned-char -funsigned-bitfields -mmcu=atmega32 -DF_CPU=16000000UL -MMD -MP -MF"MCAL/icu.d" -MT"MCAL/icu.o" -c -o "MCAL/icu.o" "../MCAL/icu.c"
Finished building: ../MCAL/icu.c
 
Building target: Car_Parking_System.elf
Invoking: AVR C Linker
avr-gcc -Wl,-Map,Car_Parking_System.map -mmcu=atmega32 -o "Car_Parking_System.elf"  ./MCAL/gpio.o ./MCAL/icu.o  ./HAL/buzzer.o ./HAL/lcd.o ./HAL/led.o ./HAL/ultrasonic.o  ./main.o   
Finished building target: Car_Parking_System.elf
 
Invoking: AVR Create Extended Listing
avr-objdump -h -S Car_Parking_System.elf  >"Car_Parking_System.lss"
Finished building: Car_Parking_System.lss
 
Invoking: Print Size
avr-size --format=avr --mcu=atmega32 Car_Parking_System.elf
AVR Memory Usage
----------------
Device: atmega32

Program:   12750 bytes (38.9% Full)
(.text + .data + .bootloader)

Data:        296 bytes (14.5% Full)
(.data + .bss + .noinit)


Finished building: sizedummy
 
18:28:46 **** Incremental Build of configuration Debug for project Car_Parking_System ****
make all 
Building file: ../MCAL/icu.c
Invoking: AVR Compiler
avr-gcc -Wall -g2 -gstabs -O0 -fpack-struct -fshort-enums -ffunction-sections -fdata-sections -std=gnu99 -funsigned-char -funsigned-bitfields -mmcu=atmega32 -DF_CPU=16000000UL -MMD -MP -MF"MCAL/icu.d" -MT"MCAL/icu.o" -c -o "MCAL/icu.o" "../MCAL/icu.c"
../MCAL/icu.c:15: warning: return type defaults to 'int'
../MCAL/icu.c: In function 'ISR':
../MCAL/icu.c:15: warning: type of '__vector_6' defaults to 'int'
../MCAL/icu.c:26: warning: control reaches end of non-void function
Finished building: ../MCAL/icu.c
 
Building target: Car_Parking_System.elf
Invoking: AVR C Linker
avr-gcc -Wl,-Map,Car_Parking_System.map -mmcu=atmega32 -o "Car_Parking_System.elf"  ./MCAL/gpio.o ./MCAL/icu.o  ./HAL/buzzer.o ./HAL/lcd.o ./HAL/led.o ./HAL/ultrasonic.o  ./main.o   
Finished building target: Car_Parking_System.elf
 
Invoking: AVR Create Extended Listing
avr-objdump -h -S Car_Parking_System.elf  >"Car_Parking_System.lss"
Finished building: Car_Parking_System.lss
 
Invoking: Print Size
avr-size --format=avr --mcu=atmega32 Car_Parking_System.elf
AVR Memory Usage
----------------
Device: atmega32

Program:   12698 bytes (38.8% Full)
(.text + .data + .bootloader)

Data:        296 bytes (14.5% Full)
(.data + .bss + .noinit)


Finished building: sizedummy
 
18:30:54 **** Incremental Build of configuration Debug for project Car_Parking_System ****
make all 
Building file: ../MCAL/icu.c
Invoking: AVR Compiler
avr-gcc -Wall -g2 -gstabs -O0 -fpack-struct -fshort-enums -ffunction-sections -fdata-sections -std=gnu99 -funsigned-char -funsigned-bitfields -mmcu=atmega32 -DF_CPU=16000000UL -MMD -MP -MF"MCAL/icu.d" -MT"MCAL/icu.o" -c -o "MCAL/icu.o" "../MCAL/icu.c"
Finished building: ../MCAL/icu.c
 
Building file: ../HAL/ultrasonic.c
Invoking: AVR Compiler
avr-gcc -Wall -g2 -gstabs -O0 -fpack-struct -fshort-enums -ffunction-sections -fdata-sections -std=gnu99 -funsigned-char -funsigned-bitfields -mmcu=atmega32 -DF_CPU=16000000UL -MMD -MP -MF"HAL/ultrasonic.d" -MT"HAL/ultrasonic.o" -c -o "HAL/ultrasonic.o" "../HAL/ultrasonic.c"
In file included from ../HAL/ultrasonic.c:2:
c:/winavr-20100110/lib/gcc/../../avr/include/avr/delay.h:36:2: warning: #warning "This file has been moved to <util/delay.h>."
In file included from c:/winavr-20100110/lib/gcc/../../avr/include/avr/delay.h:37,
                 from ../HAL/ultrasonic.c:2:
c:/winavr-20100110/lib/gcc/../../avr/include/util/delay.h:90:3: warning: #warning "Compiler optimizations disabled; functions from <util/delay.h> won't work as designed"
Finished building: ../HAL/ultrasonic.c
 
Building target: Car_Parking_System.elf
Invoking: AVR C Linker
avr-gcc -Wl,-Map,Car_Parking_System.map -mmcu=atmega32 -o "Car_Parking_System.elf"  ./MCAL/gpio.o ./MCAL/icu.o  ./HAL/buzzer.o ./HAL/lcd.o ./HAL/led.o ./HAL/ultrasonic.o  ./main.o   
Finished building target: Car_Parking_System.elf
 
Invoking: AVR Create Extended Listing
avr-objdump -h -S Car_Parking_System.elf  >"Car_Parking_System.lss"
Finished building: Car_Parking_System.lss
 
Invoking: Print Size
avr-size --format=avr --mcu=atmega32 Car_Parking_System.elf
AVR Memory Usage
----------------
Device: atmega32

Program:   12746 bytes (38.9% Full)
(.text + .data + .bootloader)

Data:        296 bytes (14.5% Full)
(.data + .bss + .noinit)


Finished building: sizedummy
 
18:37:03 **** Incremental Build of configuration Debug for project Car_Parking_System ****
make all 
Building file: ../main.c
Invoking: AVR Compiler
avr-gcc -Wall -g2 -gstabs -O0 -fpack-struct -fshort-enums -ffunction-sections -fdata-sections -std=gnu99 -funsigned-char -funsigned-bitfields -mmcu=atmega32 -DF_CPU=16000000UL -MMD -MP -MF"main.d" -MT"main.o" -c -o "main.o" "../main.c"
In file included from ../main.c:3:
c:/winavr-20100110/lib/gcc/../../avr/include/avr/delay.h:36:2: warning: #warning "This file has been moved to <util/delay.h>."
In file included from c:/winavr-20100110/lib/gcc/../../avr/include/avr/delay.h:37,
                 from ../main.c:3:
c:/winavr-20100110/lib/gcc/../../avr/include/util/delay.h:90:3: warning: #warning "Compiler optimizations disabled; functions from <util/delay.h> won't work as designed"
Finished building: ../main.c
 
Building target: Car_Parking_System.elf
Invoking: AVR C Linker
avr-gcc -Wl,-Map,Car_Parking_System.map -mmcu=atmega32 -o "Car_Parking_System.elf"  ./MCAL/gpio.o ./MCAL/icu.o  ./HAL/buzzer.o ./HAL/lcd.o ./HAL/led.o ./HAL/ultrasonic.o  ./main.o   
Finished building target: Car_Parking_System.elf
 
Invoking: AVR Create Extended Listing
avr-objdump -h -S Car_Parking_System.elf  >"Car_Parking_System.lss"
Finished building: Car_Parking_System.lss
 
Invoking: Print Size
avr-size --format=avr --mcu=atmega32 Car_Parking_System.elf
AVR Memory Usage
----------------
Device: atmega32

Program:   12754 bytes (38.9% Full)
(.text + .data + .bootloader)

Data:        296 bytes (14.5% Full)
(.data + .bss + .noinit)


Finished building: sizedummy
 
18:37:47 **** Incremental Build of configuration Debug for project Car_Parking_System ****
make all 
Building file: ../HAL/ultrasonic.c
Invoking: AVR Compiler
avr-gcc -Wall -g2 -gstabs -O0 -fpack-struct -fshort-enums -ffunction-sections -fdata-sections -std=gnu99 -funsigned-char -funsigned-bitfields -mmcu=atmega32 -DF_CPU=16000000UL -MMD -MP -MF"HAL/ultrasonic.d" -MT"HAL/ultrasonic.o" -c -o "HAL/ultrasonic.o" "../HAL/ultrasonic.c"
In file included from ../HAL/ultrasonic.c:2:
c:/winavr-20100110/lib/gcc/../../avr/include/avr/delay.h:36:2: warning: #warning "This file has been moved to <util/delay.h>."
In file included from c:/winavr-20100110/lib/gcc/../../avr/include/avr/delay.h:37,
                 from ../HAL/ultrasonic.c:2:
c:/winavr-20100110/lib/gcc/../../avr/include/util/delay.h:90:3: warning: #warning "Compiler optimizations disabled; functions from <util/delay.h> won't work as designed"
Finished building: ../HAL/ultrasonic.c
 
Building target: Car_Parking_System.elf
Invoking: AVR C Linker
avr-gcc -Wl,-Map,Car_Parking_System.map -mmcu=atmega32 -o "Car_Parking_System.elf"  ./MCAL/gpio.o ./MCAL/icu.o  ./HAL/buzzer.o ./HAL/lcd.o ./HAL/led.o ./HAL/ultrasonic.o  ./main.o   
Finished building target: Car_Parking_System.elf
 
Invoking: AVR Create Extended Listing
avr-objdump -h -S Car_Parking_System.elf  >"Car_Parking_System.lss"
Finished building: Car_Parking_System.lss
 
Invoking: Print Size
avr-size --format=avr --mcu=atmega32 Car_Parking_System.elf
AVR Memory Usage
----------------
Device: atmega32

Program:   12760 bytes (38.9% Full)
(.text + .data + .bootloader)

Data:        296 bytes (14.5% Full)
(.data + .bss + .noinit)


Finished building: sizedummy
 
18:38:01 **** Incremental Build of configuration Debug for project Car_Parking_System ****
make all 
Building file: ../HAL/ultrasonic.c
Invoking: AVR Compiler
avr-gcc -Wall -g2 -gstabs -O0 -fpack-struct -fshort-enums -ffunction-sections -fdata-sections -std=gnu99 -funsigned-char -funsigned-bitfields -mmcu=atmega32 -DF_CPU=16000000UL -MMD -MP -MF"HAL/ultrasonic.d" -MT"HAL/ultrasonic.o" -c -o "HAL/ultrasonic.o" "../HAL/ultrasonic.c"
In file included from ../HAL/ultrasonic.c:2:
c:/winavr-20100110/lib/gcc/../../avr/include/avr/delay.h:36:2: warning: #warning "This file has been moved to <util/delay.h>."
In file included from c:/winavr-20100110/lib/gcc/../../avr/include/avr/delay.h:37,
                 from ../HAL/ultrasonic.c:2:
c:/winavr-20100110/lib/gcc/../../avr/include/util/delay.h:90:3: warning: #warning "Compiler optimizations disabled; functions from <util/delay.h> won't work as designed"
Finished building: ../HAL/ultrasonic.c
 
Building target: Car_Parking_System.elf
Invoking: AVR C Linker
avr-gcc -Wl,-Map,Car_Parking_System.map -mmcu=atmega32 -o "Car_Parking_System.elf"  ./MCAL/gpio.o ./MCAL/icu.o  ./HAL/buzzer.o ./HAL/lcd.o ./HAL/led.o ./HAL/ultrasonic.o  ./main.o   
Finished building target: Car_Parking_System.elf
 
Invoking: AVR Create Extended Listing
avr-objdump -h -S Car_Parking_System.elf  >"Car_Parking_System.lss"
Finished building: Car_Parking_System.lss
 
Invoking: Print Size
avr-size --format=avr --mcu=atmega32 Car_Parking_System.elf
AVR Memory Usage
----------------
Device: atmega32

Program:   12760 bytes (38.9% Full)
(.text + .data + .bootloader)

Data:        296 bytes (14.5% Full)
(.data + .bss + .noinit)


Finished building: sizedummy
 
18:38:20 **** Incremental Build of configuration Debug for project Car_Parking_System ****
make all 
Building file: ../MCAL/icu.c
Invoking: AVR Compiler
avr-gcc -Wall -g2 -gstabs -O0 -fpack-struct -fshort-enums -ffunction-sections -fdata-sections -std=gnu99 -funsigned-char -funsigned-bitfields -mmcu=atmega32 -DF_CPU=16000000UL -MMD -MP -MF"MCAL/icu.d" -MT"MCAL/icu.o" -c -o "MCAL/icu.o" "../MCAL/icu.c"
Finished building: ../MCAL/icu.c
 
Building target: Car_Parking_System.elf
Invoking: AVR C Linker
avr-gcc -Wl,-Map,Car_Parking_System.map -mmcu=atmega32 -o "Car_Parking_System.elf"  ./MCAL/gpio.o ./MCAL/icu.o  ./HAL/buzzer.o ./HAL/lcd.o ./HAL/led.o ./HAL/ultrasonic.o  ./main.o   
Finished building target: Car_Parking_System.elf
 
Invoking: AVR Create Extended Listing
avr-objdump -h -S Car_Parking_System.elf  >"Car_Parking_System.lss"
Finished building: Car_Parking_System.lss
 
Invoking: Print Size
avr-size --format=avr --mcu=atmega32 Car_Parking_System.elf
AVR Memory Usage
----------------
Device: atmega32

Program:   12756 bytes (38.9% Full)
(.text + .data + .bootloader)

Data:        296 bytes (14.5% Full)
(.data + .bss + .noinit)


Finished building: sizedummy
 
18:38:43 **** Incremental Build of configuration Debug for project Car_Parking_System ****
make all 
Building file: ../HAL/ultrasonic.c
Invoking: AVR Compiler
avr-gcc -Wall -g2 -gstabs -O0 -fpack-struct -fshort-enums -ffunction-sections -fdata-sections -std=gnu99 -funsigned-char -funsigned-bitfields -mmcu=atmega32 -DF_CPU=16000000UL -MMD -MP -MF"HAL/ultrasonic.d" -MT"HAL/ultrasonic.o" -c -o "HAL/ultrasonic.o" "../HAL/ultrasonic.c"
In file included from ../HAL/ultrasonic.c:2:
c:/winavr-20100110/lib/gcc/../../avr/include/avr/delay.h:36:2: warning: #warning "This file has been moved to <util/delay.h>."
In file included from c:/winavr-20100110/lib/gcc/../../avr/include/avr/delay.h:37,
                 from ../HAL/ultrasonic.c:2:
c:/winavr-20100110/lib/gcc/../../avr/include/util/delay.h:90:3: warning: #warning "Compiler optimizations disabled; functions from <util/delay.h> won't work as designed"
Finished building: ../HAL/ultrasonic.c
 
Building target: Car_Parking_System.elf
Invoking: AVR C Linker
avr-gcc -Wl,-Map,Car_Parking_System.map -mmcu=atmega32 -o "Car_Parking_System.elf"  ./MCAL/gpio.o ./MCAL/icu.o  ./HAL/buzzer.o ./HAL/lcd.o ./HAL/led.o ./HAL/ultrasonic.o  ./main.o   
Finished building target: Car_Parking_System.elf
 
Invoking: AVR Create Extended Listing
avr-objdump -h -S Car_Parking_System.elf  >"Car_Parking_System.lss"
Finished building: Car_Parking_System.lss
 
Invoking: Print Size
avr-size --format=avr --mcu=atmega32 Car_Parking_System.elf
AVR Memory Usage
----------------
Device: atmega32

Program:   12756 bytes (38.9% Full)
(.text + .data + .bootloader)

Data:        296 bytes (14.5% Full)
(.data + .bss + .noinit)


Finished building: sizedummy
 
18:40:54 **** Incremental Build of configuration Debug for project Car_Parking_System ****
make all 
Building file: ../HAL/ultrasonic.c
Invoking: AVR Compiler
avr-gcc -Wall -g2 -gstabs -O0 -fpack-struct -fshort-enums -ffunction-sections -fdata-sections -std=gnu99 -funsigned-char -funsigned-bitfields -mmcu=atmega32 -DF_CPU=16000000UL -MMD -MP -MF"HAL/ultrasonic.d" -MT"HAL/ultrasonic.o" -c -o "HAL/ultrasonic.o" "../HAL/ultrasonic.c"
In file included from ../HAL/ultrasonic.c:2:
c:/winavr-20100110/lib/gcc/../../avr/include/avr/delay.h:36:2: warning: #warning "This file has been moved to <util/delay.h>."
In file included from c:/winavr-20100110/lib/gcc/../../avr/include/avr/delay.h:37,
                 from ../HAL/ultrasonic.c:2:
c:/winavr-20100110/lib/gcc/../../avr/include/util/delay.h:90:3: warning: #warning "Compiler optimizations disabled; functions from <util/delay.h> won't work as designed"
Finished building: ../HAL/ultrasonic.c
 
Building target: Car_Parking_System.elf
Invoking: AVR C Linker
avr-gcc -Wl,-Map,Car_Parking_System.map -mmcu=atmega32 -o "Car_Parking_System.elf"  ./MCAL/gpio.o ./MCAL/icu.o  ./HAL/buzzer.o ./HAL/lcd.o ./HAL/led.o ./HAL/ultrasonic.o  ./main.o   
Finished building target: Car_Parking_System.elf
 
Invoking: AVR Create Extended Listing
avr-objdump -h -S Car_Parking_System.elf  >"Car_Parking_System.lss"
Finished building: Car_Parking_System.lss
 
Invoking: Print Size
avr-size --format=avr --mcu=atmega32 Car_Parking_System.elf
AVR Memory Usage
----------------
Device: atmega32

Program:   12750 bytes (38.9% Full)
(.text + .data + .bootloader)

Data:        296 bytes (14.5% Full)
(.data + .bss + .noinit)


Finished building: sizedummy
 
18:41:05 **** Incremental Build of configuration Debug for project Car_Parking_System ****
make all 
Building file: ../HAL/ultrasonic.c
Invoking: AVR Compiler
avr-gcc -Wall -g2 -gstabs -O0 -fpack-struct -fshort-enums -ffunction-sections -fdata-sections -std=gnu99 -funsigned-char -funsigned-bitfields -mmcu=atmega32 -DF_CPU=16000000UL -MMD -MP -MF"HAL/ultrasonic.d" -MT"HAL/ultrasonic.o" -c -o "HAL/ultrasonic.o" "../HAL/ultrasonic.c"
In file included from ../HAL/ultrasonic.c:2:
c:/winavr-20100110/lib/gcc/../../avr/include/avr/delay.h:36:2: warning: #warning "This file has been moved to <util/delay.h>."
In file included from c:/winavr-20100110/lib/gcc/../../avr/include/avr/delay.h:37,
                 from ../HAL/ultrasonic.c:2:
c:/winavr-20100110/lib/gcc/../../avr/include/util/delay.h:90:3: warning: #warning "Compiler optimizations disabled; functions from <util/delay.h> won't work as designed"
Finished building: ../HAL/ultrasonic.c
 
Building target: Car_Parking_System.elf
Invoking: AVR C Linker
avr-gcc -Wl,-Map,Car_Parking_System.map -mmcu=atmega32 -o "Car_Parking_System.elf"  ./MCAL/gpio.o ./MCAL/icu.o  ./HAL/buzzer.o ./HAL/lcd.o ./HAL/led.o ./HAL/ultrasonic.o  ./main.o   
Finished building target: Car_Parking_System.elf
 
Invoking: AVR Create Extended Listing
avr-objdump -h -S Car_Parking_System.elf  >"Car_Parking_System.lss"
Finished building: Car_Parking_System.lss
 
Invoking: Print Size
avr-size --format=avr --mcu=atmega32 Car_Parking_System.elf
AVR Memory Usage
----------------
Device: atmega32

Program:   12750 bytes (38.9% Full)
(.text + .data + .bootloader)

Data:        296 bytes (14.5% Full)
(.data + .bss + .noinit)


Finished building: sizedummy
 
18:42:33 **** Incremental Build of configuration Debug for project Car_Parking_System ****
make all 
Building file: ../HAL/ultrasonic.c
Invoking: AVR Compiler
avr-gcc -Wall -g2 -gstabs -O0 -fpack-struct -fshort-enums -ffunction-sections -fdata-sections -std=gnu99 -funsigned-char -funsigned-bitfields -mmcu=atmega32 -DF_CPU=16000000UL -MMD -MP -MF"HAL/ultrasonic.d" -MT"HAL/ultrasonic.o" -c -o "HAL/ultrasonic.o" "../HAL/ultrasonic.c"
In file included from ../HAL/ultrasonic.c:2:
c:/winavr-20100110/lib/gcc/../../avr/include/avr/delay.h:36:2: warning: #warning "This file has been moved to <util/delay.h>."
In file included from c:/winavr-20100110/lib/gcc/../../avr/include/avr/delay.h:37,
                 from ../HAL/ultrasonic.c:2:
c:/winavr-20100110/lib/gcc/../../avr/include/util/delay.h:90:3: warning: #warning "Compiler optimizations disabled; functions from <util/delay.h> won't work as designed"
Finished building: ../HAL/ultrasonic.c
 
Building target: Car_Parking_System.elf
Invoking: AVR C Linker
avr-gcc -Wl,-Map,Car_Parking_System.map -mmcu=atmega32 -o "Car_Parking_System.elf"  ./MCAL/gpio.o ./MCAL/icu.o  ./HAL/buzzer.o ./HAL/lcd.o ./HAL/led.o ./HAL/ultrasonic.o  ./main.o   
Finished building target: Car_Parking_System.elf
 
Invoking: AVR Create Extended Listing
avr-objdump -h -S Car_Parking_System.elf  >"Car_Parking_System.lss"
Finished building: Car_Parking_System.lss
 
Invoking: Print Size
avr-size --format=avr --mcu=atmega32 Car_Parking_System.elf
AVR Memory Usage
----------------
Device: atmega32

Program:   12750 bytes (38.9% Full)
(.text + .data + .bootloader)

Data:        296 bytes (14.5% Full)
(.data + .bss + .noinit)


Finished building: sizedummy
 
19:05:11 **** Incremental Build of configuration Debug for project Car_Parking_System ****
make all 
Building file: ../main.c
Invoking: AVR Compiler
avr-gcc -Wall -g2 -gstabs -O0 -fpack-struct -fshort-enums -ffunction-sections -fdata-sections -std=gnu99 -funsigned-char -funsigned-bitfields -mmcu=atmega32 -DF_CPU=16000000UL -MMD -MP -MF"main.d" -MT"main.o" -c -o "main.o" "../main.c"
In file included from ../main.c:3:
c:/winavr-20100110/lib/gcc/../../avr/include/avr/delay.h:36:2: warning: #warning "This file has been moved to <util/delay.h>."
In file included from c:/winavr-20100110/lib/gcc/../../avr/include/avr/delay.h:37,
                 from ../main.c:3:
c:/winavr-20100110/lib/gcc/../../avr/include/util/delay.h:90:3: warning: #warning "Compiler optimizations disabled; functions from <util/delay.h> won't work as designed"
Finished building: ../main.c
 
Building target: Car_Parking_System.elf
Invoking: AVR C Linker
avr-gcc -Wl,-Map,Car_Parking_System.map -mmcu=atmega32 -o "Car_Parking_System.elf"  ./MCAL/gpio.o ./MCAL/icu.o  ./HAL/buzzer.o ./HAL/lcd.o ./HAL/led.o ./HAL/ultrasonic.o  ./main.o   
Finished building target: Car_Parking_System.elf
 
Invoking: AVR Create Extended Listing
avr-objdump -h -S Car_Parking_System.elf  >"Car_Parking_System.lss"
Finished building: Car_Parking_System.lss
 
Invoking: Print Size
avr-size --format=avr --mcu=atmega32 Car_Parking_System.elf
AVR Memory Usage
----------------
Device: atmega32

Program:   12814 bytes (39.1% Full)
(.text + .data + .bootloader)

Data:        296 bytes (14.5% Full)
(.data + .bss + .noinit)


Finished building: sizedummy
 
19:06:11 **** Incremental Build of configuration Debug for project Car_Parking_System ****
make all 
Building file: ../main.c
Invoking: AVR Compiler
avr-gcc -Wall -g2 -gstabs -O0 -fpack-struct -fshort-enums -ffunction-sections -fdata-sections -std=gnu99 -funsigned-char -funsigned-bitfields -mmcu=atmega32 -DF_CPU=16000000UL -MMD -MP -MF"main.d" -MT"main.o" -c -o "main.o" "../main.c"
In file included from ../main.c:3:
c:/winavr-20100110/lib/gcc/../../avr/include/avr/delay.h:36:2: warning: #warning "This file has been moved to <util/delay.h>."
In file included from c:/winavr-20100110/lib/gcc/../../avr/include/avr/delay.h:37,
                 from ../main.c:3:
c:/winavr-20100110/lib/gcc/../../avr/include/util/delay.h:90:3: warning: #warning "Compiler optimizations disabled; functions from <util/delay.h> won't work as designed"
Finished building: ../main.c
 
Building target: Car_Parking_System.elf
Invoking: AVR C Linker
avr-gcc -Wl,-Map,Car_Parking_System.map -mmcu=atmega32 -o "Car_Parking_System.elf"  ./MCAL/gpio.o ./MCAL/icu.o  ./HAL/buzzer.o ./HAL/lcd.o ./HAL/led.o ./HAL/ultrasonic.o  ./main.o   
Finished building target: Car_Parking_System.elf
 
Invoking: AVR Create Extended Listing
avr-objdump -h -S Car_Parking_System.elf  >"Car_Parking_System.lss"
Finished building: Car_Parking_System.lss
 
Invoking: Print Size
avr-size --format=avr --mcu=atmega32 Car_Parking_System.elf
AVR Memory Usage
----------------
Device: atmega32

Program:   12818 bytes (39.1% Full)
(.text + .data + .bootloader)

Data:        296 bytes (14.5% Full)
(.data + .bss + .noinit)


Finished building: sizedummy
 
19:06:36 **** Incremental Build of configuration Debug for project Car_Parking_System ****
make all 
Building file: ../main.c
Invoking: AVR Compiler
avr-gcc -Wall -g2 -gstabs -O0 -fpack-struct -fshort-enums -ffunction-sections -fdata-sections -std=gnu99 -funsigned-char -funsigned-bitfields -mmcu=atmega32 -DF_CPU=16000000UL -MMD -MP -MF"main.d" -MT"main.o" -c -o "main.o" "../main.c"
In file included from ../main.c:3:
c:/winavr-20100110/lib/gcc/../../avr/include/avr/delay.h:36:2: warning: #warning "This file has been moved to <util/delay.h>."
In file included from c:/winavr-20100110/lib/gcc/../../avr/include/avr/delay.h:37,
                 from ../main.c:3:
c:/winavr-20100110/lib/gcc/../../avr/include/util/delay.h:90:3: warning: #warning "Compiler optimizations disabled; functions from <util/delay.h> won't work as designed"
Finished building: ../main.c
 
Building target: Car_Parking_System.elf
Invoking: AVR C Linker
avr-gcc -Wl,-Map,Car_Parking_System.map -mmcu=atmega32 -o "Car_Parking_System.elf"  ./MCAL/gpio.o ./MCAL/icu.o  ./HAL/buzzer.o ./HAL/lcd.o ./HAL/led.o ./HAL/ultrasonic.o  ./main.o   
Finished building target: Car_Parking_System.elf
 
Invoking: AVR Create Extended Listing
avr-objdump -h -S Car_Parking_System.elf  >"Car_Parking_System.lss"
Finished building: Car_Parking_System.lss
 
Invoking: Print Size
avr-size --format=avr --mcu=atmega32 Car_Parking_System.elf
AVR Memory Usage
----------------
Device: atmega32

Program:   12818 bytes (39.1% Full)
(.text + .data + .bootloader)

Data:        296 bytes (14.5% Full)
(.data + .bss + .noinit)


Finished building: sizedummy
 
19:07:02 **** Incremental Build of configuration Debug for project Car_Parking_System ****
make all 
Building file: ../HAL/ultrasonic.c
Invoking: AVR Compiler
avr-gcc -Wall -g2 -gstabs -O0 -fpack-struct -fshort-enums -ffunction-sections -fdata-sections -std=gnu99 -funsigned-char -funsigned-bitfields -mmcu=atmega32 -DF_CPU=16000000UL -MMD -MP -MF"HAL/ultrasonic.d" -MT"HAL/ultrasonic.o" -c -o "HAL/ultrasonic.o" "../HAL/ultrasonic.c"
In file included from ../HAL/ultrasonic.c:2:
c:/winavr-20100110/lib/gcc/../../avr/include/avr/delay.h:36:2: warning: #warning "This file has been moved to <util/delay.h>."
In file included from c:/winavr-20100110/lib/gcc/../../avr/include/avr/delay.h:37,
                 from ../HAL/ultrasonic.c:2:
c:/winavr-20100110/lib/gcc/../../avr/include/util/delay.h:90:3: warning: #warning "Compiler optimizations disabled; functions from <util/delay.h> won't work as designed"
Finished building: ../HAL/ultrasonic.c
 
Building file: ../main.c
Invoking: AVR Compiler
avr-gcc -Wall -g2 -gstabs -O0 -fpack-struct -fshort-enums -ffunction-sections -fdata-sections -std=gnu99 -funsigned-char -funsigned-bitfields -mmcu=atmega32 -DF_CPU=16000000UL -MMD -MP -MF"main.d" -MT"main.o" -c -o "main.o" "../main.c"
In file included from ../main.c:3:
c:/winavr-20100110/lib/gcc/../../avr/include/avr/delay.h:36:2: warning: #warning "This file has been moved to <util/delay.h>."
In file included from c:/winavr-20100110/lib/gcc/../../avr/include/avr/delay.h:37,
                 from ../main.c:3:
c:/winavr-20100110/lib/gcc/../../avr/include/util/delay.h:90:3: warning: #warning "Compiler optimizations disabled; functions from <util/delay.h> won't work as designed"
Finished building: ../main.c
 
Building target: Car_Parking_System.elf
Invoking: AVR C Linker
avr-gcc -Wl,-Map,Car_Parking_System.map -mmcu=atmega32 -o "Car_Parking_System.elf"  ./MCAL/gpio.o ./MCAL/icu.o  ./HAL/buzzer.o ./HAL/lcd.o ./HAL/led.o ./HAL/ultrasonic.o  ./main.o   
Finished building target: Car_Parking_System.elf
 
Invoking: AVR Create Extended Listing
avr-objdump -h -S Car_Parking_System.elf  >"Car_Parking_System.lss"
Finished building: Car_Parking_System.lss
 
Invoking: Print Size
avr-size --format=avr --mcu=atmega32 Car_Parking_System.elf
AVR Memory Usage
----------------
Device: atmega32

Program:   12808 bytes (39.1% Full)
(.text + .data + .bootloader)

Data:        296 bytes (14.5% Full)
(.data + .bss + .noinit)


Finished building: sizedummy
 
19:07:24 **** Incremental Build of configuration Debug for project Car_Parking_System ****
make all 
Building file: ../HAL/ultrasonic.c
Invoking: AVR Compiler
avr-gcc -Wall -g2 -gstabs -O0 -fpack-struct -fshort-enums -ffunction-sections -fdata-sections -std=gnu99 -funsigned-char -funsigned-bitfields -mmcu=atmega32 -DF_CPU=16000000UL -MMD -MP -MF"HAL/ultrasonic.d" -MT"HAL/ultrasonic.o" -c -o "HAL/ultrasonic.o" "../HAL/ultrasonic.c"
In file included from ../HAL/ultrasonic.c:2:
c:/winavr-20100110/lib/gcc/../../avr/include/avr/delay.h:36:2: warning: #warning "This file has been moved to <util/delay.h>."
In file included from c:/winavr-20100110/lib/gcc/../../avr/include/avr/delay.h:37,
                 from ../HAL/ultrasonic.c:2:
c:/winavr-20100110/lib/gcc/../../avr/include/util/delay.h:90:3: warning: #warning "Compiler optimizations disabled; functions from <util/delay.h> won't work as designed"
Finished building: ../HAL/ultrasonic.c
 
Building target: Car_Parking_System.elf
Invoking: AVR C Linker
avr-gcc -Wl,-Map,Car_Parking_System.map -mmcu=atmega32 -o "Car_Parking_System.elf"  ./MCAL/gpio.o ./MCAL/icu.o  ./HAL/buzzer.o ./HAL/lcd.o ./HAL/led.o ./HAL/ultrasonic.o  ./main.o   
Finished building target: Car_Parking_System.elf
 
Invoking: AVR Create Extended Listing
avr-objdump -h -S Car_Parking_System.elf  >"Car_Parking_System.lss"
Finished building: Car_Parking_System.lss
 
Invoking: Print Size
avr-size --format=avr --mcu=atmega32 Car_Parking_System.elf
AVR Memory Usage
----------------
Device: atmega32

Program:   12804 bytes (39.1% Full)
(.text + .data + .bootloader)

Data:        296 bytes (14.5% Full)
(.data + .bss + .noinit)


Finished building: sizedummy
 
19:07:50 **** Incremental Build of configuration Debug for project Car_Parking_System ****
make all 
Building file: ../HAL/ultrasonic.c
Invoking: AVR Compiler
avr-gcc -Wall -g2 -gstabs -O0 -fpack-struct -fshort-enums -ffunction-sections -fdata-sections -std=gnu99 -funsigned-char -funsigned-bitfields -mmcu=atmega32 -DF_CPU=16000000UL -MMD -MP -MF"HAL/ultrasonic.d" -MT"HAL/ultrasonic.o" -c -o "HAL/ultrasonic.o" "../HAL/ultrasonic.c"
In file included from ../HAL/ultrasonic.c:2:
c:/winavr-20100110/lib/gcc/../../avr/include/avr/delay.h:36:2: warning: #warning "This file has been moved to <util/delay.h>."
In file included from c:/winavr-20100110/lib/gcc/../../avr/include/avr/delay.h:37,
                 from ../HAL/ultrasonic.c:2:
c:/winavr-20100110/lib/gcc/../../avr/include/util/delay.h:90:3: warning: #warning "Compiler optimizations disabled; functions from <util/delay.h> won't work as designed"
Finished building: ../HAL/ultrasonic.c
 
Building target: Car_Parking_System.elf
Invoking: AVR C Linker
avr-gcc -Wl,-Map,Car_Parking_System.map -mmcu=atmega32 -o "Car_Parking_System.elf"  ./MCAL/gpio.o ./MCAL/icu.o  ./HAL/buzzer.o ./HAL/lcd.o ./HAL/led.o ./HAL/ultrasonic.o  ./main.o   
Finished building target: Car_Parking_System.elf
 
Invoking: AVR Create Extended Listing
avr-objdump -h -S Car_Parking_System.elf  >"Car_Parking_System.lss"
Finished building: Car_Parking_System.lss
 
Invoking: Print Size
avr-size --format=avr --mcu=atmega32 Car_Parking_System.elf
AVR Memory Usage
----------------
Device: atmega32

Program:   12810 bytes (39.1% Full)
(.text + .data + .bootloader)

Data:        296 bytes (14.5% Full)
(.data + .bss + .noinit)


Finished building: sizedummy
 
19:08:21 **** Incremental Build of configuration Debug for project Car_Parking_System ****
make all 
Building file: ../HAL/ultrasonic.c
Invoking: AVR Compiler
avr-gcc -Wall -g2 -gstabs -O0 -fpack-struct -fshort-enums -ffunction-sections -fdata-sections -std=gnu99 -funsigned-char -funsigned-bitfields -mmcu=atmega32 -DF_CPU=16000000UL -MMD -MP -MF"HAL/ultrasonic.d" -MT"HAL/ultrasonic.o" -c -o "HAL/ultrasonic.o" "../HAL/ultrasonic.c"
In file included from ../HAL/ultrasonic.c:2:
c:/winavr-20100110/lib/gcc/../../avr/include/avr/delay.h:36:2: warning: #warning "This file has been moved to <util/delay.h>."
In file included from c:/winavr-20100110/lib/gcc/../../avr/include/avr/delay.h:37,
                 from ../HAL/ultrasonic.c:2:
c:/winavr-20100110/lib/gcc/../../avr/include/util/delay.h:90:3: warning: #warning "Compiler optimizations disabled; functions from <util/delay.h> won't work as designed"
Finished building: ../HAL/ultrasonic.c
 
Building target: Car_Parking_System.elf
Invoking: AVR C Linker
avr-gcc -Wl,-Map,Car_Parking_System.map -mmcu=atmega32 -o "Car_Parking_System.elf"  ./MCAL/gpio.o ./MCAL/icu.o  ./HAL/buzzer.o ./HAL/lcd.o ./HAL/led.o ./HAL/ultrasonic.o  ./main.o   
Finished building target: Car_Parking_System.elf
 
Invoking: AVR Create Extended Listing
avr-objdump -h -S Car_Parking_System.elf  >"Car_Parking_System.lss"
Finished building: Car_Parking_System.lss
 
Invoking: Print Size
avr-size --format=avr --mcu=atmega32 Car_Parking_System.elf
AVR Memory Usage
----------------
Device: atmega32

Program:   12810 bytes (39.1% Full)
(.text + .data + .bootloader)

Data:        296 bytes (14.5% Full)
(.data + .bss + .noinit)


Finished building: sizedummy
 
19:09:16 **** Incremental Build of configuration Debug for project Car_Parking_System ****
make all 
Building file: ../HAL/ultrasonic.c
Invoking: AVR Compiler
avr-gcc -Wall -g2 -gstabs -O0 -fpack-struct -fshort-enums -ffunction-sections -fdata-sections -std=gnu99 -funsigned-char -funsigned-bitfields -mmcu=atmega32 -DF_CPU=16000000UL -MMD -MP -MF"HAL/ultrasonic.d" -MT"HAL/ultrasonic.o" -c -o "HAL/ultrasonic.o" "../HAL/ultrasonic.c"
In file included from ../HAL/ultrasonic.c:2:
c:/winavr-20100110/lib/gcc/../../avr/include/avr/delay.h:36:2: warning: #warning "This file has been moved to <util/delay.h>."
In file included from c:/winavr-20100110/lib/gcc/../../avr/include/avr/delay.h:37,
                 from ../HAL/ultrasonic.c:2:
c:/winavr-20100110/lib/gcc/../../avr/include/util/delay.h:90:3: warning: #warning "Compiler optimizations disabled; functions from <util/delay.h> won't work as designed"
Finished building: ../HAL/ultrasonic.c
 
Building target: Car_Parking_System.elf
Invoking: AVR C Linker
avr-gcc -Wl,-Map,Car_Parking_System.map -mmcu=atmega32 -o "Car_Parking_System.elf"  ./MCAL/gpio.o ./MCAL/icu.o  ./HAL/buzzer.o ./HAL/lcd.o ./HAL/led.o ./HAL/ultrasonic.o  ./main.o   
Finished building target: Car_Parking_System.elf
 
Invoking: AVR Create Extended Listing
avr-objdump -h -S Car_Parking_System.elf  >"Car_Parking_System.lss"
Finished building: Car_Parking_System.lss
 
Invoking: Print Size
avr-size --format=avr --mcu=atmega32 Car_Parking_System.elf
AVR Memory Usage
----------------
Device: atmega32

Program:   12802 bytes (39.1% Full)
(.text + .data + .bootloader)

Data:        296 bytes (14.5% Full)
(.data + .bss + .noinit)


Finished building: sizedummy
 
19:09:21 **** Incremental Build of configuration Debug for project Car_Parking_System ****
make all 
Building file: ../HAL/ultrasonic.c
Invoking: AVR Compiler
avr-gcc -Wall -g2 -gstabs -O0 -fpack-struct -fshort-enums -ffunction-sections -fdata-sections -std=gnu99 -funsigned-char -funsigned-bitfields -mmcu=atmega32 -DF_CPU=16000000UL -MMD -MP -MF"HAL/ultrasonic.d" -MT"HAL/ultrasonic.o" -c -o "HAL/ultrasonic.o" "../HAL/ultrasonic.c"
In file included from ../HAL/ultrasonic.c:2:
c:/winavr-20100110/lib/gcc/../../avr/include/avr/delay.h:36:2: warning: #warning "This file has been moved to <util/delay.h>."
In file included from c:/winavr-20100110/lib/gcc/../../avr/include/avr/delay.h:37,
                 from ../HAL/ultrasonic.c:2:
c:/winavr-20100110/lib/gcc/../../avr/include/util/delay.h:90:3: warning: #warning "Compiler optimizations disabled; functions from <util/delay.h> won't work as designed"
Finished building: ../HAL/ultrasonic.c
 
Building target: Car_Parking_System.elf
Invoking: AVR C Linker
avr-gcc -Wl,-Map,Car_Parking_System.map -mmcu=atmega32 -o "Car_Parking_System.elf"  ./MCAL/gpio.o ./MCAL/icu.o  ./HAL/buzzer.o ./HAL/lcd.o ./HAL/led.o ./HAL/ultrasonic.o  ./main.o   
Finished building target: Car_Parking_System.elf
 
Invoking: AVR Create Extended Listing
avr-objdump -h -S Car_Parking_System.elf  >"Car_Parking_System.lss"
Finished building: Car_Parking_System.lss
 
Invoking: Print Size
avr-size --format=avr --mcu=atmega32 Car_Parking_System.elf
AVR Memory Usage
----------------
Device: atmega32

Program:   12802 bytes (39.1% Full)
(.text + .data + .bootloader)

Data:        296 bytes (14.5% Full)
(.data + .bss + .noinit)


Finished building: sizedummy
 
19:09:48 **** Incremental Build of configuration Debug for project Car_Parking_System ****
make all 
Building file: ../HAL/ultrasonic.c
Invoking: AVR Compiler
avr-gcc -Wall -g2 -gstabs -O0 -fpack-struct -fshort-enums -ffunction-sections -fdata-sections -std=gnu99 -funsigned-char -funsigned-bitfields -mmcu=atmega32 -DF_CPU=16000000UL -MMD -MP -MF"HAL/ultrasonic.d" -MT"HAL/ultrasonic.o" -c -o "HAL/ultrasonic.o" "../HAL/ultrasonic.c"
In file included from ../HAL/ultrasonic.c:2:
c:/winavr-20100110/lib/gcc/../../avr/include/avr/delay.h:36:2: warning: #warning "This file has been moved to <util/delay.h>."
In file included from c:/winavr-20100110/lib/gcc/../../avr/include/avr/delay.h:37,
                 from ../HAL/ultrasonic.c:2:
c:/winavr-20100110/lib/gcc/../../avr/include/util/delay.h:90:3: warning: #warning "Compiler optimizations disabled; functions from <util/delay.h> won't work as designed"
Finished building: ../HAL/ultrasonic.c
 
Building target: Car_Parking_System.elf
Invoking: AVR C Linker
avr-gcc -Wl,-Map,Car_Parking_System.map -mmcu=atmega32 -o "Car_Parking_System.elf"  ./MCAL/gpio.o ./MCAL/icu.o  ./HAL/buzzer.o ./HAL/lcd.o ./HAL/led.o ./HAL/ultrasonic.o  ./main.o   
Finished building target: Car_Parking_System.elf
 
Invoking: AVR Create Extended Listing
avr-objdump -h -S Car_Parking_System.elf  >"Car_Parking_System.lss"
Finished building: Car_Parking_System.lss
 
Invoking: Print Size
avr-size --format=avr --mcu=atmega32 Car_Parking_System.elf
AVR Memory Usage
----------------
Device: atmega32

Program:   12802 bytes (39.1% Full)
(.text + .data + .bootloader)

Data:        296 bytes (14.5% Full)
(.data + .bss + .noinit)


Finished building: sizedummy
 
13:24:14 **** Incremental Build of configuration Debug for project Car_Parking_System ****
make all 
Building file: ../MCAL/gpio.c
Invoking: AVR Compiler
avr-gcc -Wall -g2 -gstabs -O0 -fpack-struct -fshort-enums -ffunction-sections -fdata-sections -std=gnu99 -funsigned-char -funsigned-bitfields -mmcu=atmega32 -DF_CPU=16000000UL -MMD -MP -MF"MCAL/gpio.d" -MT"MCAL/gpio.o" -c -o "MCAL/gpio.o" "../MCAL/gpio.c"
Finished building: ../MCAL/gpio.c
 
Building file: ../MCAL/icu.c
Invoking: AVR Compiler
avr-gcc -Wall -g2 -gstabs -O0 -fpack-struct -fshort-enums -ffunction-sections -fdata-sections -std=gnu99 -funsigned-char -funsigned-bitfields -mmcu=atmega32 -DF_CPU=16000000UL -MMD -MP -MF"MCAL/icu.d" -MT"MCAL/icu.o" -c -o "MCAL/icu.o" "../MCAL/icu.c"
Finished building: ../MCAL/icu.c
 
Building file: ../HAL/buzzer.c
Invoking: AVR Compiler
avr-gcc -Wall -g2 -gstabs -O0 -fpack-struct -fshort-enums -ffunction-sections -fdata-sections -std=gnu99 -funsigned-char -funsigned-bitfields -mmcu=atmega32 -DF_CPU=16000000UL -MMD -MP -MF"HAL/buzzer.d" -MT"HAL/buzzer.o" -c -o "HAL/buzzer.o" "../HAL/buzzer.c"
Finished building: ../HAL/buzzer.c
 
Building file: ../HAL/lcd.c
Invoking: AVR Compiler
avr-gcc -Wall -g2 -gstabs -O0 -fpack-struct -fshort-enums -ffunction-sections -fdata-sections -std=gnu99 -funsigned-char -funsigned-bitfields -mmcu=atmega32 -DF_CPU=16000000UL -MMD -MP -MF"HAL/lcd.d" -MT"HAL/lcd.o" -c -o "HAL/lcd.o" "../HAL/lcd.c"
In file included from ../HAL/lcd.c:13:
c:/winavr-20100110/lib/gcc/../../avr/include/util/delay.h:90:3: warning: #warning "Compiler optimizations disabled; functions from <util/delay.h> won't work as designed"
../HAL/lcd.c: In function 'LCD_intgerToString':
../HAL/lcd.c:209: warning: implicit declaration of function 'itoa'
Finished building: ../HAL/lcd.c
 
Building file: ../HAL/led.c
Invoking: AVR Compiler
avr-gcc -Wall -g2 -gstabs -O0 -fpack-struct -fshort-enums -ffunction-sections -fdata-sections -std=gnu99 -funsigned-char -funsigned-bitfields -mmcu=atmega32 -DF_CPU=16000000UL -MMD -MP -MF"HAL/led.d" -MT"HAL/led.o" -c -o "HAL/led.o" "../HAL/led.c"
Finished building: ../HAL/led.c
 
Building file: ../HAL/ultrasonic.c
Invoking: AVR Compiler
avr-gcc -Wall -g2 -gstabs -O0 -fpack-struct -fshort-enums -ffunction-sections -fdata-sections -std=gnu99 -funsigned-char -funsigned-bitfields -mmcu=atmega32 -DF_CPU=16000000UL -MMD -MP -MF"HAL/ultrasonic.d" -MT"HAL/ultrasonic.o" -c -o "HAL/ultrasonic.o" "../HAL/ultrasonic.c"
In file included from ../HAL/ultrasonic.c:2:
c:/winavr-20100110/lib/gcc/../../avr/include/avr/delay.h:36:2: warning: #warning "This file has been moved to <util/delay.h>."
In file included from c:/winavr-20100110/lib/gcc/../../avr/include/avr/delay.h:37,
                 from ../HAL/ultrasonic.c:2:
c:/winavr-20100110/lib/gcc/../../avr/include/util/delay.h:90:3: warning: #warning "Compiler optimizations disabled; functions from <util/delay.h> won't work as designed"
Finished building: ../HAL/ultrasonic.c
 
Building file: ../main.c
Invoking: AVR Compiler
avr-gcc -Wall -g2 -gstabs -O0 -fpack-struct -fshort-enums -ffunction-sections -fdata-sections -std=gnu99 -funsigned-char -funsigned-bitfields -mmcu=atmega32 -DF_CPU=16000000UL -MMD -MP -MF"main.d" -MT"main.o" -c -o "main.o" "../main.c"
In file included from ../main.c:3:
c:/winavr-20100110/lib/gcc/../../avr/include/avr/delay.h:36:2: warning: #warning "This file has been moved to <util/delay.h>."
In file included from c:/winavr-20100110/lib/gcc/../../avr/include/avr/delay.h:37,
                 from ../main.c:3:
c:/winavr-20100110/lib/gcc/../../avr/include/util/delay.h:90:3: warning: #warning "Compiler optimizations disabled; functions from <util/delay.h> won't work as designed"
Finished building: ../main.c
 
Building target: Car_Parking_System.elf
Invoking: AVR C Linker
avr-gcc -Wl,-Map,Car_Parking_System.map -mmcu=atmega32 -o "Car_Parking_System.elf"  ./MCAL/gpio.o ./MCAL/icu.o  ./HAL/buzzer.o ./HAL/lcd.o ./HAL/led.o ./HAL/ultrasonic.o  ./main.o   
Finished building target: Car_Parking_System.elf
 
Invoking: AVR Create Extended Listing
avr-objdump -h -S Car_Parking_System.elf  >"Car_Parking_System.lss"
Finished building: Car_Parking_System.lss
 
Invoking: Print Size
avr-size --format=avr --mcu=atmega32 Car_Parking_System.elf
AVR Memory Usage
----------------
Device: atmega32

Program:   12796 bytes (39.1% Full)
(.text + .data + .bootloader)

Data:        296 bytes (14.5% Full)
(.data + .bss + .noinit)


Finished building: sizedummy
 
13:29:39 **** Incremental Build of configuration Debug for project Car_Parking_System ****
make all 
Building file: ../HAL/ultrasonic.c
Invoking: AVR Compiler
avr-gcc -Wall -g2 -gstabs -O0 -fpack-struct -fshort-enums -ffunction-sections -fdata-sections -std=gnu99 -funsigned-char -funsigned-bitfields -mmcu=atmega32 -DF_CPU=16000000UL -MMD -MP -MF"HAL/ultrasonic.d" -MT"HAL/ultrasonic.o" -c -o "HAL/ultrasonic.o" "../HAL/ultrasonic.c"
In file included from ../HAL/ultrasonic.c:2:
c:/winavr-20100110/lib/gcc/../../avr/include/avr/delay.h:36:2: warning: #warning "This file has been moved to <util/delay.h>."
In file included from c:/winavr-20100110/lib/gcc/../../avr/include/avr/delay.h:37,
                 from ../HAL/ultrasonic.c:2:
c:/winavr-20100110/lib/gcc/../../avr/include/util/delay.h:90:3: warning: #warning "Compiler optimizations disabled; functions from <util/delay.h> won't work as designed"
Finished building: ../HAL/ultrasonic.c
 
Building target: Car_Parking_System.elf
Invoking: AVR C Linker
avr-gcc -Wl,-Map,Car_Parking_System.map -mmcu=atmega32 -o "Car_Parking_System.elf"  ./MCAL/gpio.o ./MCAL/icu.o  ./HAL/buzzer.o ./HAL/lcd.o ./HAL/led.o ./HAL/ultrasonic.o  ./main.o   
Finished building target: Car_Parking_System.elf
 
Invoking: AVR Create Extended Listing
avr-objdump -h -S Car_Parking_System.elf  >"Car_Parking_System.lss"
Finished building: Car_Parking_System.lss
 
Invoking: Print Size
avr-size --format=avr --mcu=atmega32 Car_Parking_System.elf
AVR Memory Usage
----------------
Device: atmega32

Program:   12796 bytes (39.1% Full)
(.text + .data + .bootloader)

Data:        296 bytes (14.5% Full)
(.data + .bss + .noinit)


Finished building: sizedummy
 
13:32:12 **** Incremental Build of configuration Debug for project Car_Parking_System ****
make all 
Building file: ../main.c
Invoking: AVR Compiler
avr-gcc -Wall -g2 -gstabs -O0 -fpack-struct -fshort-enums -ffunction-sections -fdata-sections -std=gnu99 -funsigned-char -funsigned-bitfields -mmcu=atmega32 -DF_CPU=16000000UL -MMD -MP -MF"main.d" -MT"main.o" -c -o "main.o" "../main.c"
In file included from ../main.c:3:
c:/winavr-20100110/lib/gcc/../../avr/include/avr/delay.h:36:2: warning: #warning "This file has been moved to <util/delay.h>."
In file included from c:/winavr-20100110/lib/gcc/../../avr/include/avr/delay.h:37,
                 from ../main.c:3:
c:/winavr-20100110/lib/gcc/../../avr/include/util/delay.h:90:3: warning: #warning "Compiler optimizations disabled; functions from <util/delay.h> won't work as designed"
Finished building: ../main.c
 
Building target: Car_Parking_System.elf
Invoking: AVR C Linker
avr-gcc -Wl,-Map,Car_Parking_System.map -mmcu=atmega32 -o "Car_Parking_System.elf"  ./MCAL/gpio.o ./MCAL/icu.o  ./HAL/buzzer.o ./HAL/lcd.o ./HAL/led.o ./HAL/ultrasonic.o  ./main.o   
Finished building target: Car_Parking_System.elf
 
Invoking: AVR Create Extended Listing
avr-objdump -h -S Car_Parking_System.elf  >"Car_Parking_System.lss"
Finished building: Car_Parking_System.lss
 
Invoking: Print Size
avr-size --format=avr --mcu=atmega32 Car_Parking_System.elf
AVR Memory Usage
----------------
Device: atmega32

Program:   13032 bytes (39.8% Full)
(.text + .data + .bootloader)

Data:        296 bytes (14.5% Full)
(.data + .bss + .noinit)


Finished building: sizedummy
 
13:32:46 **** Incremental Build of configuration Debug for project Car_Parking_System ****
make all 
Building file: ../HAL/ultrasonic.c
Invoking: AVR Compiler
avr-gcc -Wall -g2 -gstabs -O0 -fpack-struct -fshort-enums -ffunction-sections -fdata-sections -std=gnu99 -funsigned-char -funsigned-bitfields -mmcu=atmega32 -DF_CPU=16000000UL -MMD -MP -MF"HAL/ultrasonic.d" -MT"HAL/ultrasonic.o" -c -o "HAL/ultrasonic.o" "../HAL/ultrasonic.c"
In file included from ../HAL/ultrasonic.c:2:
c:/winavr-20100110/lib/gcc/../../avr/include/avr/delay.h:36:2: warning: #warning "This file has been moved to <util/delay.h>."
In file included from c:/winavr-20100110/lib/gcc/../../avr/include/avr/delay.h:37,
                 from ../HAL/ultrasonic.c:2:
c:/winavr-20100110/lib/gcc/../../avr/include/util/delay.h:90:3: warning: #warning "Compiler optimizations disabled; functions from <util/delay.h> won't work as designed"
Finished building: ../HAL/ultrasonic.c
 
Building target: Car_Parking_System.elf
Invoking: AVR C Linker
avr-gcc -Wl,-Map,Car_Parking_System.map -mmcu=atmega32 -o "Car_Parking_System.elf"  ./MCAL/gpio.o ./MCAL/icu.o  ./HAL/buzzer.o ./HAL/lcd.o ./HAL/led.o ./HAL/ultrasonic.o  ./main.o   
Finished building target: Car_Parking_System.elf
 
Invoking: AVR Create Extended Listing
avr-objdump -h -S Car_Parking_System.elf  >"Car_Parking_System.lss"
Finished building: Car_Parking_System.lss
 
Invoking: Print Size
avr-size --format=avr --mcu=atmega32 Car_Parking_System.elf
AVR Memory Usage
----------------
Device: atmega32

Program:   13032 bytes (39.8% Full)
(.text + .data + .bootloader)

Data:        296 bytes (14.5% Full)
(.data + .bss + .noinit)


Finished building: sizedummy
 
13:35:22 **** Incremental Build of configuration Debug for project Car_Parking_System ****
make all 
Building file: ../HAL/ultrasonic.c
Invoking: AVR Compiler
avr-gcc -Wall -g2 -gstabs -O0 -fpack-struct -fshort-enums -ffunction-sections -fdata-sections -std=gnu99 -funsigned-char -funsigned-bitfields -mmcu=atmega32 -DF_CPU=16000000UL -MMD -MP -MF"HAL/ultrasonic.d" -MT"HAL/ultrasonic.o" -c -o "HAL/ultrasonic.o" "../HAL/ultrasonic.c"
In file included from ../HAL/ultrasonic.c:2:
c:/winavr-20100110/lib/gcc/../../avr/include/avr/delay.h:36:2: warning: #warning "This file has been moved to <util/delay.h>."
In file included from c:/winavr-20100110/lib/gcc/../../avr/include/avr/delay.h:37,
                 from ../HAL/ultrasonic.c:2:
c:/winavr-20100110/lib/gcc/../../avr/include/util/delay.h:90:3: warning: #warning "Compiler optimizations disabled; functions from <util/delay.h> won't work as designed"
Finished building: ../HAL/ultrasonic.c
 
Building file: ../main.c
Invoking: AVR Compiler
avr-gcc -Wall -g2 -gstabs -O0 -fpack-struct -fshort-enums -ffunction-sections -fdata-sections -std=gnu99 -funsigned-char -funsigned-bitfields -mmcu=atmega32 -DF_CPU=16000000UL -MMD -MP -MF"main.d" -MT"main.o" -c -o "main.o" "../main.c"
In file included from ../main.c:3:
c:/winavr-20100110/lib/gcc/../../avr/include/avr/delay.h:36:2: warning: #warning "This file has been moved to <util/delay.h>."
In file included from c:/winavr-20100110/lib/gcc/../../avr/include/avr/delay.h:37,
                 from ../main.c:3:
c:/winavr-20100110/lib/gcc/../../avr/include/util/delay.h:90:3: warning: #warning "Compiler optimizations disabled; functions from <util/delay.h> won't work as designed"
Finished building: ../main.c
 
Building target: Car_Parking_System.elf
Invoking: AVR C Linker
avr-gcc -Wl,-Map,Car_Parking_System.map -mmcu=atmega32 -o "Car_Parking_System.elf"  ./MCAL/gpio.o ./MCAL/icu.o  ./HAL/buzzer.o ./HAL/lcd.o ./HAL/led.o ./HAL/ultrasonic.o  ./main.o   
Finished building target: Car_Parking_System.elf
 
Invoking: AVR Create Extended Listing
avr-objdump -h -S Car_Parking_System.elf  >"Car_Parking_System.lss"
Finished building: Car_Parking_System.lss
 
Invoking: Print Size
avr-size --format=avr --mcu=atmega32 Car_Parking_System.elf
AVR Memory Usage
----------------
Device: atmega32

Program:   13204 bytes (40.3% Full)
(.text + .data + .bootloader)

Data:        296 bytes (14.5% Full)
(.data + .bss + .noinit)


Finished building: sizedummy
 
13:47:43 **** Incremental Build of configuration Debug for project Car_Parking_System ****
make all 
Building file: ../HAL/ultrasonic.c
Invoking: AVR Compiler
avr-gcc -Wall -g2 -gstabs -O0 -fpack-struct -fshort-enums -ffunction-sections -fdata-sections -std=gnu99 -funsigned-char -funsigned-bitfields -mmcu=atmega32 -DF_CPU=16000000UL -MMD -MP -MF"HAL/ultrasonic.d" -MT"HAL/ultrasonic.o" -c -o "HAL/ultrasonic.o" "../HAL/ultrasonic.c"
In file included from ../HAL/ultrasonic.c:2:
c:/winavr-20100110/lib/gcc/../../avr/include/avr/delay.h:36:2: warning: #warning "This file has been moved to <util/delay.h>."
In file included from c:/winavr-20100110/lib/gcc/../../avr/include/avr/delay.h:37,
                 from ../HAL/ultrasonic.c:2:
c:/winavr-20100110/lib/gcc/../../avr/include/util/delay.h:90:3: warning: #warning "Compiler optimizations disabled; functions from <util/delay.h> won't work as designed"
../HAL/ultrasonic.c: In function 'Ultrasonic_readDistance':
../HAL/ultrasonic.c:46: error: invalid type argument of '->' (have 'ICU_ConfigType')
../HAL/ultrasonic.c:48: error: invalid type argument of '->' (have 'ICU_ConfigType')
../HAL/ultrasonic.c:50: error: invalid type argument of '->' (have 'ICU_ConfigType')
../HAL/ultrasonic.c:52: error: invalid type argument of '->' (have 'ICU_ConfigType')
../HAL/ultrasonic.c:54: error: invalid type argument of '->' (have 'ICU_ConfigType')
make: *** [HAL/ultrasonic.o] Error 1
"make all" terminated with exit code 2. Build might be incomplete.
13:48:26 **** Incremental Build of configuration Debug for project Car_Parking_System ****
make all 
Building file: ../HAL/ultrasonic.c
Invoking: AVR Compiler
avr-gcc -Wall -g2 -gstabs -O0 -fpack-struct -fshort-enums -ffunction-sections -fdata-sections -std=gnu99 -funsigned-char -funsigned-bitfields -mmcu=atmega32 -DF_CPU=16000000UL -MMD -MP -MF"HAL/ultrasonic.d" -MT"HAL/ultrasonic.o" -c -o "HAL/ultrasonic.o" "../HAL/ultrasonic.c"
In file included from ../HAL/ultrasonic.c:2:
c:/winavr-20100110/lib/gcc/../../avr/include/avr/delay.h:36:2: warning: #warning "This file has been moved to <util/delay.h>."
In file included from c:/winavr-20100110/lib/gcc/../../avr/include/avr/delay.h:37,
                 from ../HAL/ultrasonic.c:2:
c:/winavr-20100110/lib/gcc/../../avr/include/util/delay.h:90:3: warning: #warning "Compiler optimizations disabled; functions from <util/delay.h> won't work as designed"
Finished building: ../HAL/ultrasonic.c
 
Building file: ../main.c
Invoking: AVR Compiler
avr-gcc -Wall -g2 -gstabs -O0 -fpack-struct -fshort-enums -ffunction-sections -fdata-sections -std=gnu99 -funsigned-char -funsigned-bitfields -mmcu=atmega32 -DF_CPU=16000000UL -MMD -MP -MF"main.d" -MT"main.o" -c -o "main.o" "../main.c"
In file included from ../main.c:3:
c:/winavr-20100110/lib/gcc/../../avr/include/avr/delay.h:36:2: warning: #warning "This file has been moved to <util/delay.h>."
In file included from c:/winavr-20100110/lib/gcc/../../avr/include/avr/delay.h:37,
                 from ../main.c:3:
c:/winavr-20100110/lib/gcc/../../avr/include/util/delay.h:90:3: warning: #warning "Compiler optimizations disabled; functions from <util/delay.h> won't work as designed"
../main.c: In function 'main':
../main.c:113: warning: unused variable 'num'
Finished building: ../main.c
 
Building target: Car_Parking_System.elf
Invoking: AVR C Linker
avr-gcc -Wl,-Map,Car_Parking_System.map -mmcu=atmega32 -o "Car_Parking_System.elf"  ./MCAL/gpio.o ./MCAL/icu.o  ./HAL/buzzer.o ./HAL/lcd.o ./HAL/led.o ./HAL/ultrasonic.o  ./main.o   
Finished building target: Car_Parking_System.elf
 
Invoking: AVR Create Extended Listing
avr-objdump -h -S Car_Parking_System.elf  >"Car_Parking_System.lss"
Finished building: Car_Parking_System.lss
 
Invoking: Print Size
avr-size --format=avr --mcu=atmega32 Car_Parking_System.elf
AVR Memory Usage
----------------
Device: atmega32

Program:   13534 bytes (41.3% Full)
(.text + .data + .bootloader)

Data:        292 bytes (14.3% Full)
(.data + .bss + .noinit)


Finished building: sizedummy
 
13:48:46 **** Incremental Build of configuration Debug for project Car_Parking_System ****
make all 
Building file: ../MCAL/icu.c
Invoking: AVR Compiler
avr-gcc -Wall -g2 -gstabs -O0 -fpack-struct -fshort-enums -ffunction-sections -fdata-sections -std=gnu99 -funsigned-char -funsigned-bitfields -mmcu=atmega32 -DF_CPU=16000000UL -MMD -MP -MF"MCAL/icu.d" -MT"MCAL/icu.o" -c -o "MCAL/icu.o" "../MCAL/icu.c"
Finished building: ../MCAL/icu.c
 
Building target: Car_Parking_System.elf
Invoking: AVR C Linker
avr-gcc -Wl,-Map,Car_Parking_System.map -mmcu=atmega32 -o "Car_Parking_System.elf"  ./MCAL/gpio.o ./MCAL/icu.o  ./HAL/buzzer.o ./HAL/lcd.o ./HAL/led.o ./HAL/ultrasonic.o  ./main.o   
Finished building target: Car_Parking_System.elf
 
Invoking: AVR Create Extended Listing
avr-objdump -h -S Car_Parking_System.elf  >"Car_Parking_System.lss"
Finished building: Car_Parking_System.lss
 
Invoking: Print Size
avr-size --format=avr --mcu=atmega32 Car_Parking_System.elf
AVR Memory Usage
----------------
Device: atmega32

Program:   13528 bytes (41.3% Full)
(.text + .data + .bootloader)

Data:        292 bytes (14.3% Full)
(.data + .bss + .noinit)


Finished building: sizedummy
 
13:50:31 **** Incremental Build of configuration Debug for project Car_Parking_System ****
make all 
Building file: ../HAL/ultrasonic.c
Invoking: AVR Compiler
avr-gcc -Wall -g2 -gstabs -O0 -fpack-struct -fshort-enums -ffunction-sections -fdata-sections -std=gnu99 -funsigned-char -funsigned-bitfields -mmcu=atmega32 -DF_CPU=16000000UL -MMD -MP -MF"HAL/ultrasonic.d" -MT"HAL/ultrasonic.o" -c -o "HAL/ultrasonic.o" "../HAL/ultrasonic.c"
In file included from ../HAL/ultrasonic.c:2:
c:/winavr-20100110/lib/gcc/../../avr/include/avr/delay.h:36:2: warning: #warning "This file has been moved to <util/delay.h>."
In file included from c:/winavr-20100110/lib/gcc/../../avr/include/avr/delay.h:37,
                 from ../HAL/ultrasonic.c:2:
c:/winavr-20100110/lib/gcc/../../avr/include/util/delay.h:90:3: warning: #warning "Compiler optimizations disabled; functions from <util/delay.h> won't work as designed"
Finished building: ../HAL/ultrasonic.c
 
Building target: Car_Parking_System.elf
Invoking: AVR C Linker
avr-gcc -Wl,-Map,Car_Parking_System.map -mmcu=atmega32 -o "Car_Parking_System.elf"  ./MCAL/gpio.o ./MCAL/icu.o  ./HAL/buzzer.o ./HAL/lcd.o ./HAL/led.o ./HAL/ultrasonic.o  ./main.o   
Finished building target: Car_Parking_System.elf
 
Invoking: AVR Create Extended Listing
avr-objdump -h -S Car_Parking_System.elf  >"Car_Parking_System.lss"
Finished building: Car_Parking_System.lss
 
Invoking: Print Size
avr-size --format=avr --mcu=atmega32 Car_Parking_System.elf
AVR Memory Usage
----------------
Device: atmega32

Program:   13146 bytes (40.1% Full)
(.text + .data + .bootloader)

Data:        292 bytes (14.3% Full)
(.data + .bss + .noinit)


Finished building: sizedummy
 
13:51:15 **** Incremental Build of configuration Debug for project Car_Parking_System ****
make all 
Building file: ../HAL/ultrasonic.c
Invoking: AVR Compiler
avr-gcc -Wall -g2 -gstabs -O0 -fpack-struct -fshort-enums -ffunction-sections -fdata-sections -std=gnu99 -funsigned-char -funsigned-bitfields -mmcu=atmega32 -DF_CPU=16000000UL -MMD -MP -MF"HAL/ultrasonic.d" -MT"HAL/ultrasonic.o" -c -o "HAL/ultrasonic.o" "../HAL/ultrasonic.c"
In file included from ../HAL/ultrasonic.c:2:
c:/winavr-20100110/lib/gcc/../../avr/include/avr/delay.h:36:2: warning: #warning "This file has been moved to <util/delay.h>."
In file included from c:/winavr-20100110/lib/gcc/../../avr/include/avr/delay.h:37,
                 from ../HAL/ultrasonic.c:2:
c:/winavr-20100110/lib/gcc/../../avr/include/util/delay.h:90:3: warning: #warning "Compiler optimizations disabled; functions from <util/delay.h> won't work as designed"
Finished building: ../HAL/ultrasonic.c
 
Building target: Car_Parking_System.elf
Invoking: AVR C Linker
avr-gcc -Wl,-Map,Car_Parking_System.map -mmcu=atmega32 -o "Car_Parking_System.elf"  ./MCAL/gpio.o ./MCAL/icu.o  ./HAL/buzzer.o ./HAL/lcd.o ./HAL/led.o ./HAL/ultrasonic.o  ./main.o   
Finished building target: Car_Parking_System.elf
 
Invoking: AVR Create Extended Listing
avr-objdump -h -S Car_Parking_System.elf  >"Car_Parking_System.lss"
Finished building: Car_Parking_System.lss
 
Invoking: Print Size
avr-size --format=avr --mcu=atmega32 Car_Parking_System.elf
AVR Memory Usage
----------------
Device: atmega32

Program:   13538 bytes (41.3% Full)
(.text + .data + .bootloader)

Data:        292 bytes (14.3% Full)
(.data + .bss + .noinit)


Finished building: sizedummy
 
13:51:52 **** Incremental Build of configuration Debug for project Car_Parking_System ****
make all 
Building file: ../main.c
Invoking: AVR Compiler
avr-gcc -Wall -g2 -gstabs -O0 -fpack-struct -fshort-enums -ffunction-sections -fdata-sections -std=gnu99 -funsigned-char -funsigned-bitfields -mmcu=atmega32 -DF_CPU=16000000UL -MMD -MP -MF"main.d" -MT"main.o" -c -o "main.o" "../main.c"
In file included from ../main.c:3:
c:/winavr-20100110/lib/gcc/../../avr/include/avr/delay.h:36:2: warning: #warning "This file has been moved to <util/delay.h>."
In file included from c:/winavr-20100110/lib/gcc/../../avr/include/avr/delay.h:37,
                 from ../main.c:3:
c:/winavr-20100110/lib/gcc/../../avr/include/util/delay.h:90:3: warning: #warning "Compiler optimizations disabled; functions from <util/delay.h> won't work as designed"
../main.c: In function 'main':
../main.c:113: warning: unused variable 'num'
Finished building: ../main.c
 
Building target: Car_Parking_System.elf
Invoking: AVR C Linker
avr-gcc -Wl,-Map,Car_Parking_System.map -mmcu=atmega32 -o "Car_Parking_System.elf"  ./MCAL/gpio.o ./MCAL/icu.o  ./HAL/buzzer.o ./HAL/lcd.o ./HAL/led.o ./HAL/ultrasonic.o  ./main.o   
Finished building target: Car_Parking_System.elf
 
Invoking: AVR Create Extended Listing
avr-objdump -h -S Car_Parking_System.elf  >"Car_Parking_System.lss"
Finished building: Car_Parking_System.lss
 
Invoking: Print Size
avr-size --format=avr --mcu=atmega32 Car_Parking_System.elf
AVR Memory Usage
----------------
Device: atmega32

Program:   13538 bytes (41.3% Full)
(.text + .data + .bootloader)

Data:        292 bytes (14.3% Full)
(.data + .bss + .noinit)


Finished building: sizedummy
 
13:51:57 **** Incremental Build of configuration Debug for project Car_Parking_System ****
make all 
Building file: ../main.c
Invoking: AVR Compiler
avr-gcc -Wall -g2 -gstabs -O0 -fpack-struct -fshort-enums -ffunction-sections -fdata-sections -std=gnu99 -funsigned-char -funsigned-bitfields -mmcu=atmega32 -DF_CPU=16000000UL -MMD -MP -MF"main.d" -MT"main.o" -c -o "main.o" "../main.c"
In file included from ../main.c:3:
c:/winavr-20100110/lib/gcc/../../avr/include/avr/delay.h:36:2: warning: #warning "This file has been moved to <util/delay.h>."
In file included from c:/winavr-20100110/lib/gcc/../../avr/include/avr/delay.h:37,
                 from ../main.c:3:
c:/winavr-20100110/lib/gcc/../../avr/include/util/delay.h:90:3: warning: #warning "Compiler optimizations disabled; functions from <util/delay.h> won't work as designed"
Finished building: ../main.c
 
Building target: Car_Parking_System.elf
Invoking: AVR C Linker
avr-gcc -Wl,-Map,Car_Parking_System.map -mmcu=atmega32 -o "Car_Parking_System.elf"  ./MCAL/gpio.o ./MCAL/icu.o  ./HAL/buzzer.o ./HAL/lcd.o ./HAL/led.o ./HAL/ultrasonic.o  ./main.o   
Finished building target: Car_Parking_System.elf
 
Invoking: AVR Create Extended Listing
avr-objdump -h -S Car_Parking_System.elf  >"Car_Parking_System.lss"
Finished building: Car_Parking_System.lss
 
Invoking: Print Size
avr-size --format=avr --mcu=atmega32 Car_Parking_System.elf
AVR Memory Usage
----------------
Device: atmega32

Program:   13534 bytes (41.3% Full)
(.text + .data + .bootloader)

Data:        292 bytes (14.3% Full)
(.data + .bss + .noinit)


Finished building: sizedummy
 
13:52:48 **** Incremental Build of configuration Debug for project Car_Parking_System ****
make all 
Building file: ../main.c
Invoking: AVR Compiler
avr-gcc -Wall -g2 -gstabs -O0 -fpack-struct -fshort-enums -ffunction-sections -fdata-sections -std=gnu99 -funsigned-char -funsigned-bitfields -mmcu=atmega32 -DF_CPU=16000000UL -MMD -MP -MF"main.d" -MT"main.o" -c -o "main.o" "../main.c"
In file included from ../main.c:3:
c:/winavr-20100110/lib/gcc/../../avr/include/avr/delay.h:36:2: warning: #warning "This file has been moved to <util/delay.h>."
In file included from c:/winavr-20100110/lib/gcc/../../avr/include/avr/delay.h:37,
                 from ../main.c:3:
c:/winavr-20100110/lib/gcc/../../avr/include/util/delay.h:90:3: warning: #warning "Compiler optimizations disabled; functions from <util/delay.h> won't work as designed"
Finished building: ../main.c
 
Building target: Car_Parking_System.elf
Invoking: AVR C Linker
avr-gcc -Wl,-Map,Car_Parking_System.map -mmcu=atmega32 -o "Car_Parking_System.elf"  ./MCAL/gpio.o ./MCAL/icu.o  ./HAL/buzzer.o ./HAL/lcd.o ./HAL/led.o ./HAL/ultrasonic.o  ./main.o   
Finished building target: Car_Parking_System.elf
 
Invoking: AVR Create Extended Listing
avr-objdump -h -S Car_Parking_System.elf  >"Car_Parking_System.lss"
Finished building: Car_Parking_System.lss
 
Invoking: Print Size
avr-size --format=avr --mcu=atmega32 Car_Parking_System.elf
AVR Memory Usage
----------------
Device: atmega32

Program:   13534 bytes (41.3% Full)
(.text + .data + .bootloader)

Data:        292 bytes (14.3% Full)
(.data + .bss + .noinit)


Finished building: sizedummy
 
13:53:02 **** Incremental Build of configuration Debug for project Car_Parking_System ****
make all 
Building file: ../main.c
Invoking: AVR Compiler
avr-gcc -Wall -g2 -gstabs -O0 -fpack-struct -fshort-enums -ffunction-sections -fdata-sections -std=gnu99 -funsigned-char -funsigned-bitfields -mmcu=atmega32 -DF_CPU=16000000UL -MMD -MP -MF"main.d" -MT"main.o" -c -o "main.o" "../main.c"
In file included from ../main.c:3:
c:/winavr-20100110/lib/gcc/../../avr/include/avr/delay.h:36:2: warning: #warning "This file has been moved to <util/delay.h>."
In file included from c:/winavr-20100110/lib/gcc/../../avr/include/avr/delay.h:37,
                 from ../main.c:3:
c:/winavr-20100110/lib/gcc/../../avr/include/util/delay.h:90:3: warning: #warning "Compiler optimizations disabled; functions from <util/delay.h> won't work as designed"
Finished building: ../main.c
 
Building target: Car_Parking_System.elf
Invoking: AVR C Linker
avr-gcc -Wl,-Map,Car_Parking_System.map -mmcu=atmega32 -o "Car_Parking_System.elf"  ./MCAL/gpio.o ./MCAL/icu.o  ./HAL/buzzer.o ./HAL/lcd.o ./HAL/led.o ./HAL/ultrasonic.o  ./main.o   
Finished building target: Car_Parking_System.elf
 
Invoking: AVR Create Extended Listing
avr-objdump -h -S Car_Parking_System.elf  >"Car_Parking_System.lss"
Finished building: Car_Parking_System.lss
 
Invoking: Print Size
avr-size --format=avr --mcu=atmega32 Car_Parking_System.elf
AVR Memory Usage
----------------
Device: atmega32

Program:   13382 bytes (40.8% Full)
(.text + .data + .bootloader)

Data:        292 bytes (14.3% Full)
(.data + .bss + .noinit)


Finished building: sizedummy
 
13:53:27 **** Incremental Build of configuration Debug for project Car_Parking_System ****
make all 
Building file: ../main.c
Invoking: AVR Compiler
avr-gcc -Wall -g2 -gstabs -O0 -fpack-struct -fshort-enums -ffunction-sections -fdata-sections -std=gnu99 -funsigned-char -funsigned-bitfields -mmcu=atmega32 -DF_CPU=16000000UL -MMD -MP -MF"main.d" -MT"main.o" -c -o "main.o" "../main.c"
In file included from ../main.c:3:
c:/winavr-20100110/lib/gcc/../../avr/include/avr/delay.h:36:2: warning: #warning "This file has been moved to <util/delay.h>."
In file included from c:/winavr-20100110/lib/gcc/../../avr/include/avr/delay.h:37,
                 from ../main.c:3:
c:/winavr-20100110/lib/gcc/../../avr/include/util/delay.h:90:3: warning: #warning "Compiler optimizations disabled; functions from <util/delay.h> won't work as designed"
Finished building: ../main.c
 
Building target: Car_Parking_System.elf
Invoking: AVR C Linker
avr-gcc -Wl,-Map,Car_Parking_System.map -mmcu=atmega32 -o "Car_Parking_System.elf"  ./MCAL/gpio.o ./MCAL/icu.o  ./HAL/buzzer.o ./HAL/lcd.o ./HAL/led.o ./HAL/ultrasonic.o  ./main.o   
Finished building target: Car_Parking_System.elf
 
Invoking: AVR Create Extended Listing
avr-objdump -h -S Car_Parking_System.elf  >"Car_Parking_System.lss"
Finished building: Car_Parking_System.lss
 
Invoking: Print Size
avr-size --format=avr --mcu=atmega32 Car_Parking_System.elf
AVR Memory Usage
----------------
Device: atmega32

Program:   13424 bytes (41.0% Full)
(.text + .data + .bootloader)

Data:        298 bytes (14.6% Full)
(.data + .bss + .noinit)


Finished building: sizedummy
 
13:53:56 **** Incremental Build of configuration Debug for project Car_Parking_System ****
make all 
Building file: ../main.c
Invoking: AVR Compiler
avr-gcc -Wall -g2 -gstabs -O0 -fpack-struct -fshort-enums -ffunction-sections -fdata-sections -std=gnu99 -funsigned-char -funsigned-bitfields -mmcu=atmega32 -DF_CPU=16000000UL -MMD -MP -MF"main.d" -MT"main.o" -c -o "main.o" "../main.c"
In file included from ../main.c:3:
c:/winavr-20100110/lib/gcc/../../avr/include/avr/delay.h:36:2: warning: #warning "This file has been moved to <util/delay.h>."
In file included from c:/winavr-20100110/lib/gcc/../../avr/include/avr/delay.h:37,
                 from ../main.c:3:
c:/winavr-20100110/lib/gcc/../../avr/include/util/delay.h:90:3: warning: #warning "Compiler optimizations disabled; functions from <util/delay.h> won't work as designed"
Finished building: ../main.c
 
Building target: Car_Parking_System.elf
Invoking: AVR C Linker
avr-gcc -Wl,-Map,Car_Parking_System.map -mmcu=atmega32 -o "Car_Parking_System.elf"  ./MCAL/gpio.o ./MCAL/icu.o  ./HAL/buzzer.o ./HAL/lcd.o ./HAL/led.o ./HAL/ultrasonic.o  ./main.o   
Finished building target: Car_Parking_System.elf
 
Invoking: AVR Create Extended Listing
avr-objdump -h -S Car_Parking_System.elf  >"Car_Parking_System.lss"
Finished building: Car_Parking_System.lss
 
Invoking: Print Size
avr-size --format=avr --mcu=atmega32 Car_Parking_System.elf
AVR Memory Usage
----------------
Device: atmega32

Program:   13382 bytes (40.8% Full)
(.text + .data + .bootloader)

Data:        292 bytes (14.3% Full)
(.data + .bss + .noinit)


Finished building: sizedummy
 
13:54:42 **** Incremental Build of configuration Debug for project Car_Parking_System ****
make all 
Building file: ../main.c
Invoking: AVR Compiler
avr-gcc -Wall -g2 -gstabs -O0 -fpack-struct -fshort-enums -ffunction-sections -fdata-sections -std=gnu99 -funsigned-char -funsigned-bitfields -mmcu=atmega32 -DF_CPU=16000000UL -MMD -MP -MF"main.d" -MT"main.o" -c -o "main.o" "../main.c"
In file included from ../main.c:3:
c:/winavr-20100110/lib/gcc/../../avr/include/avr/delay.h:36:2: warning: #warning "This file has been moved to <util/delay.h>."
In file included from c:/winavr-20100110/lib/gcc/../../avr/include/avr/delay.h:37,
                 from ../main.c:3:
c:/winavr-20100110/lib/gcc/../../avr/include/util/delay.h:90:3: warning: #warning "Compiler optimizations disabled; functions from <util/delay.h> won't work as designed"
../main.c: In function 'main':
../main.c:113: warning: unused variable 'num'
Finished building: ../main.c
 
Building target: Car_Parking_System.elf
Invoking: AVR C Linker
avr-gcc -Wl,-Map,Car_Parking_System.map -mmcu=atmega32 -o "Car_Parking_System.elf"  ./MCAL/gpio.o ./MCAL/icu.o  ./HAL/buzzer.o ./HAL/lcd.o ./HAL/led.o ./HAL/ultrasonic.o  ./main.o   
Finished building target: Car_Parking_System.elf
 
Invoking: AVR Create Extended Listing
avr-objdump -h -S Car_Parking_System.elf  >"Car_Parking_System.lss"
Finished building: Car_Parking_System.lss
 
Invoking: Print Size
avr-size --format=avr --mcu=atmega32 Car_Parking_System.elf
AVR Memory Usage
----------------
Device: atmega32

Program:   13518 bytes (41.3% Full)
(.text + .data + .bootloader)

Data:        298 bytes (14.6% Full)
(.data + .bss + .noinit)


Finished building: sizedummy
 
13:54:55 **** Incremental Build of configuration Debug for project Car_Parking_System ****
make all 
Building file: ../main.c
Invoking: AVR Compiler
avr-gcc -Wall -g2 -gstabs -O0 -fpack-struct -fshort-enums -ffunction-sections -fdata-sections -std=gnu99 -funsigned-char -funsigned-bitfields -mmcu=atmega32 -DF_CPU=16000000UL -MMD -MP -MF"main.d" -MT"main.o" -c -o "main.o" "../main.c"
In file included from ../main.c:3:
c:/winavr-20100110/lib/gcc/../../avr/include/avr/delay.h:36:2: warning: #warning "This file has been moved to <util/delay.h>."
In file included from c:/winavr-20100110/lib/gcc/../../avr/include/avr/delay.h:37,
                 from ../main.c:3:
c:/winavr-20100110/lib/gcc/../../avr/include/util/delay.h:90:3: warning: #warning "Compiler optimizations disabled; functions from <util/delay.h> won't work as designed"
Finished building: ../main.c
 
Building target: Car_Parking_System.elf
Invoking: AVR C Linker
avr-gcc -Wl,-Map,Car_Parking_System.map -mmcu=atmega32 -o "Car_Parking_System.elf"  ./MCAL/gpio.o ./MCAL/icu.o  ./HAL/buzzer.o ./HAL/lcd.o ./HAL/led.o ./HAL/ultrasonic.o  ./main.o   
Finished building target: Car_Parking_System.elf
 
Invoking: AVR Create Extended Listing
avr-objdump -h -S Car_Parking_System.elf  >"Car_Parking_System.lss"
Finished building: Car_Parking_System.lss
 
Invoking: Print Size
avr-size --format=avr --mcu=atmega32 Car_Parking_System.elf
AVR Memory Usage
----------------
Device: atmega32

Program:   13576 bytes (41.4% Full)
(.text + .data + .bootloader)

Data:        298 bytes (14.6% Full)
(.data + .bss + .noinit)


Finished building: sizedummy
 
13:55:14 **** Incremental Build of configuration Debug for project Car_Parking_System ****
make all 
Building file: ../main.c
Invoking: AVR Compiler
avr-gcc -Wall -g2 -gstabs -O0 -fpack-struct -fshort-enums -ffunction-sections -fdata-sections -std=gnu99 -funsigned-char -funsigned-bitfields -mmcu=atmega32 -DF_CPU=16000000UL -MMD -MP -MF"main.d" -MT"main.o" -c -o "main.o" "../main.c"
In file included from ../main.c:3:
c:/winavr-20100110/lib/gcc/../../avr/include/avr/delay.h:36:2: warning: #warning "This file has been moved to <util/delay.h>."
In file included from c:/winavr-20100110/lib/gcc/../../avr/include/avr/delay.h:37,
                 from ../main.c:3:
c:/winavr-20100110/lib/gcc/../../avr/include/util/delay.h:90:3: warning: #warning "Compiler optimizations disabled; functions from <util/delay.h> won't work as designed"
Finished building: ../main.c
 
Building target: Car_Parking_System.elf
Invoking: AVR C Linker
avr-gcc -Wl,-Map,Car_Parking_System.map -mmcu=atmega32 -o "Car_Parking_System.elf"  ./MCAL/gpio.o ./MCAL/icu.o  ./HAL/buzzer.o ./HAL/lcd.o ./HAL/led.o ./HAL/ultrasonic.o  ./main.o   
Finished building target: Car_Parking_System.elf
 
Invoking: AVR Create Extended Listing
avr-objdump -h -S Car_Parking_System.elf  >"Car_Parking_System.lss"
Finished building: Car_Parking_System.lss
 
Invoking: Print Size
avr-size --format=avr --mcu=atmega32 Car_Parking_System.elf
AVR Memory Usage
----------------
Device: atmega32

Program:   13424 bytes (41.0% Full)
(.text + .data + .bootloader)

Data:        298 bytes (14.6% Full)
(.data + .bss + .noinit)


Finished building: sizedummy
 
13:55:30 **** Incremental Build of configuration Debug for project Car_Parking_System ****
make all 
Building file: ../main.c
Invoking: AVR Compiler
avr-gcc -Wall -g2 -gstabs -O0 -fpack-struct -fshort-enums -ffunction-sections -fdata-sections -std=gnu99 -funsigned-char -funsigned-bitfields -mmcu=atmega32 -DF_CPU=16000000UL -MMD -MP -MF"main.d" -MT"main.o" -c -o "main.o" "../main.c"
In file included from ../main.c:3:
c:/winavr-20100110/lib/gcc/../../avr/include/avr/delay.h:36:2: warning: #warning "This file has been moved to <util/delay.h>."
In file included from c:/winavr-20100110/lib/gcc/../../avr/include/avr/delay.h:37,
                 from ../main.c:3:
c:/winavr-20100110/lib/gcc/../../avr/include/util/delay.h:90:3: warning: #warning "Compiler optimizations disabled; functions from <util/delay.h> won't work as designed"
../main.c: In function 'main':
../main.c:113: warning: unused variable 'num'
Finished building: ../main.c
 
Building target: Car_Parking_System.elf
Invoking: AVR C Linker
avr-gcc -Wl,-Map,Car_Parking_System.map -mmcu=atmega32 -o "Car_Parking_System.elf"  ./MCAL/gpio.o ./MCAL/icu.o  ./HAL/buzzer.o ./HAL/lcd.o ./HAL/led.o ./HAL/ultrasonic.o  ./main.o   
Finished building target: Car_Parking_System.elf
 
Invoking: AVR Create Extended Listing
avr-objdump -h -S Car_Parking_System.elf  >"Car_Parking_System.lss"
Finished building: Car_Parking_System.lss
 
Invoking: Print Size
avr-size --format=avr --mcu=atmega32 Car_Parking_System.elf
AVR Memory Usage
----------------
Device: atmega32

Program:   13366 bytes (40.8% Full)
(.text + .data + .bootloader)

Data:        298 bytes (14.6% Full)
(.data + .bss + .noinit)


Finished building: sizedummy
 
13:56:18 **** Incremental Build of configuration Debug for project Car_Parking_System ****
make all 
Building file: ../main.c
Invoking: AVR Compiler
avr-gcc -Wall -g2 -gstabs -O0 -fpack-struct -fshort-enums -ffunction-sections -fdata-sections -std=gnu99 -funsigned-char -funsigned-bitfields -mmcu=atmega32 -DF_CPU=16000000UL -MMD -MP -MF"main.d" -MT"main.o" -c -o "main.o" "../main.c"
In file included from ../main.c:3:
c:/winavr-20100110/lib/gcc/../../avr/include/avr/delay.h:36:2: warning: #warning "This file has been moved to <util/delay.h>."
In file included from c:/winavr-20100110/lib/gcc/../../avr/include/avr/delay.h:37,
                 from ../main.c:3:
c:/winavr-20100110/lib/gcc/../../avr/include/util/delay.h:90:3: warning: #warning "Compiler optimizations disabled; functions from <util/delay.h> won't work as designed"
../main.c: In function 'main':
../main.c:115: warning: suggest parentheses around assignment used as truth value
Finished building: ../main.c
 
Building target: Car_Parking_System.elf
Invoking: AVR C Linker
avr-gcc -Wl,-Map,Car_Parking_System.map -mmcu=atmega32 -o "Car_Parking_System.elf"  ./MCAL/gpio.o ./MCAL/icu.o  ./HAL/buzzer.o ./HAL/lcd.o ./HAL/led.o ./HAL/ultrasonic.o  ./main.o   
Finished building target: Car_Parking_System.elf
 
Invoking: AVR Create Extended Listing
avr-objdump -h -S Car_Parking_System.elf  >"Car_Parking_System.lss"
Finished building: Car_Parking_System.lss
 
Invoking: Print Size
avr-size --format=avr --mcu=atmega32 Car_Parking_System.elf
AVR Memory Usage
----------------
Device: atmega32

Program:   13394 bytes (40.9% Full)
(.text + .data + .bootloader)

Data:        292 bytes (14.3% Full)
(.data + .bss + .noinit)


Finished building: sizedummy
 
13:56:38 **** Incremental Build of configuration Debug for project Car_Parking_System ****
make all 
Building file: ../main.c
Invoking: AVR Compiler
avr-gcc -Wall -g2 -gstabs -O0 -fpack-struct -fshort-enums -ffunction-sections -fdata-sections -std=gnu99 -funsigned-char -funsigned-bitfields -mmcu=atmega32 -DF_CPU=16000000UL -MMD -MP -MF"main.d" -MT"main.o" -c -o "main.o" "../main.c"
In file included from ../main.c:3:
c:/winavr-20100110/lib/gcc/../../avr/include/avr/delay.h:36:2: warning: #warning "This file has been moved to <util/delay.h>."
In file included from c:/winavr-20100110/lib/gcc/../../avr/include/avr/delay.h:37,
                 from ../main.c:3:
c:/winavr-20100110/lib/gcc/../../avr/include/util/delay.h:90:3: warning: #warning "Compiler optimizations disabled; functions from <util/delay.h> won't work as designed"
Finished building: ../main.c
 
Building target: Car_Parking_System.elf
Invoking: AVR C Linker
avr-gcc -Wl,-Map,Car_Parking_System.map -mmcu=atmega32 -o "Car_Parking_System.elf"  ./MCAL/gpio.o ./MCAL/icu.o  ./HAL/buzzer.o ./HAL/lcd.o ./HAL/led.o ./HAL/ultrasonic.o  ./main.o   
Finished building target: Car_Parking_System.elf
 
Invoking: AVR Create Extended Listing
avr-objdump -h -S Car_Parking_System.elf  >"Car_Parking_System.lss"
Finished building: Car_Parking_System.lss
 
Invoking: Print Size
avr-size --format=avr --mcu=atmega32 Car_Parking_System.elf
AVR Memory Usage
----------------
Device: atmega32

Program:   13398 bytes (40.9% Full)
(.text + .data + .bootloader)

Data:        292 bytes (14.3% Full)
(.data + .bss + .noinit)


Finished building: sizedummy
 
13:56:51 **** Incremental Build of configuration Debug for project Car_Parking_System ****
make all 
Building file: ../main.c
Invoking: AVR Compiler
avr-gcc -Wall -g2 -gstabs -O0 -fpack-struct -fshort-enums -ffunction-sections -fdata-sections -std=gnu99 -funsigned-char -funsigned-bitfields -mmcu=atmega32 -DF_CPU=16000000UL -MMD -MP -MF"main.d" -MT"main.o" -c -o "main.o" "../main.c"
In file included from ../main.c:3:
c:/winavr-20100110/lib/gcc/../../avr/include/avr/delay.h:36:2: warning: #warning "This file has been moved to <util/delay.h>."
In file included from c:/winavr-20100110/lib/gcc/../../avr/include/avr/delay.h:37,
                 from ../main.c:3:
c:/winavr-20100110/lib/gcc/../../avr/include/util/delay.h:90:3: warning: #warning "Compiler optimizations disabled; functions from <util/delay.h> won't work as designed"
Finished building: ../main.c
 
Building target: Car_Parking_System.elf
Invoking: AVR C Linker
avr-gcc -Wl,-Map,Car_Parking_System.map -mmcu=atmega32 -o "Car_Parking_System.elf"  ./MCAL/gpio.o ./MCAL/icu.o  ./HAL/buzzer.o ./HAL/lcd.o ./HAL/led.o ./HAL/ultrasonic.o  ./main.o   
Finished building target: Car_Parking_System.elf
 
Invoking: AVR Create Extended Listing
avr-objdump -h -S Car_Parking_System.elf  >"Car_Parking_System.lss"
Finished building: Car_Parking_System.lss
 
Invoking: Print Size
avr-size --format=avr --mcu=atmega32 Car_Parking_System.elf
AVR Memory Usage
----------------
Device: atmega32

Program:   13398 bytes (40.9% Full)
(.text + .data + .bootloader)

Data:        292 bytes (14.3% Full)
(.data + .bss + .noinit)


Finished building: sizedummy
 
13:57:12 **** Incremental Build of configuration Debug for project Car_Parking_System ****
make all 
Building file: ../main.c
Invoking: AVR Compiler
avr-gcc -Wall -g2 -gstabs -O0 -fpack-struct -fshort-enums -ffunction-sections -fdata-sections -std=gnu99 -funsigned-char -funsigned-bitfields -mmcu=atmega32 -DF_CPU=16000000UL -MMD -MP -MF"main.d" -MT"main.o" -c -o "main.o" "../main.c"
In file included from ../main.c:3:
c:/winavr-20100110/lib/gcc/../../avr/include/avr/delay.h:36:2: warning: #warning "This file has been moved to <util/delay.h>."
In file included from c:/winavr-20100110/lib/gcc/../../avr/include/avr/delay.h:37,
                 from ../main.c:3:
c:/winavr-20100110/lib/gcc/../../avr/include/util/delay.h:90:3: warning: #warning "Compiler optimizations disabled; functions from <util/delay.h> won't work as designed"
Finished building: ../main.c
 
Building target: Car_Parking_System.elf
Invoking: AVR C Linker
avr-gcc -Wl,-Map,Car_Parking_System.map -mmcu=atmega32 -o "Car_Parking_System.elf"  ./MCAL/gpio.o ./MCAL/icu.o  ./HAL/buzzer.o ./HAL/lcd.o ./HAL/led.o ./HAL/ultrasonic.o  ./main.o   
Finished building target: Car_Parking_System.elf
 
Invoking: AVR Create Extended Listing
avr-objdump -h -S Car_Parking_System.elf  >"Car_Parking_System.lss"
Finished building: Car_Parking_System.lss
 
Invoking: Print Size
avr-size --format=avr --mcu=atmega32 Car_Parking_System.elf
AVR Memory Usage
----------------
Device: atmega32

Program:   13398 bytes (40.9% Full)
(.text + .data + .bootloader)

Data:        292 bytes (14.3% Full)
(.data + .bss + .noinit)


Finished building: sizedummy
 
13:57:18 **** Incremental Build of configuration Debug for project Car_Parking_System ****
make all 
Building file: ../main.c
Invoking: AVR Compiler
avr-gcc -Wall -g2 -gstabs -O0 -fpack-struct -fshort-enums -ffunction-sections -fdata-sections -std=gnu99 -funsigned-char -funsigned-bitfields -mmcu=atmega32 -DF_CPU=16000000UL -MMD -MP -MF"main.d" -MT"main.o" -c -o "main.o" "../main.c"
In file included from ../main.c:3:
c:/winavr-20100110/lib/gcc/../../avr/include/avr/delay.h:36:2: warning: #warning "This file has been moved to <util/delay.h>."
In file included from c:/winavr-20100110/lib/gcc/../../avr/include/avr/delay.h:37,
                 from ../main.c:3:
c:/winavr-20100110/lib/gcc/../../avr/include/util/delay.h:90:3: warning: #warning "Compiler optimizations disabled; functions from <util/delay.h> won't work as designed"
Finished building: ../main.c
 
Building target: Car_Parking_System.elf
Invoking: AVR C Linker
avr-gcc -Wl,-Map,Car_Parking_System.map -mmcu=atmega32 -o "Car_Parking_System.elf"  ./MCAL/gpio.o ./MCAL/icu.o  ./HAL/buzzer.o ./HAL/lcd.o ./HAL/led.o ./HAL/ultrasonic.o  ./main.o   
Finished building target: Car_Parking_System.elf
 
Invoking: AVR Create Extended Listing
avr-objdump -h -S Car_Parking_System.elf  >"Car_Parking_System.lss"
Finished building: Car_Parking_System.lss
 
Invoking: Print Size
avr-size --format=avr --mcu=atmega32 Car_Parking_System.elf
AVR Memory Usage
----------------
Device: atmega32

Program:   13382 bytes (40.8% Full)
(.text + .data + .bootloader)

Data:        292 bytes (14.3% Full)
(.data + .bss + .noinit)


Finished building: sizedummy
 
13:57:53 **** Incremental Build of configuration Debug for project Car_Parking_System ****
make all 
Building file: ../main.c
Invoking: AVR Compiler
avr-gcc -Wall -g2 -gstabs -O0 -fpack-struct -fshort-enums -ffunction-sections -fdata-sections -std=gnu99 -funsigned-char -funsigned-bitfields -mmcu=atmega32 -DF_CPU=16000000UL -MMD -MP -MF"main.d" -MT"main.o" -c -o "main.o" "../main.c"
In file included from ../main.c:3:
c:/winavr-20100110/lib/gcc/../../avr/include/avr/delay.h:36:2: warning: #warning "This file has been moved to <util/delay.h>."
In file included from c:/winavr-20100110/lib/gcc/../../avr/include/avr/delay.h:37,
                 from ../main.c:3:
c:/winavr-20100110/lib/gcc/../../avr/include/util/delay.h:90:3: warning: #warning "Compiler optimizations disabled; functions from <util/delay.h> won't work as designed"
Finished building: ../main.c
 
Building target: Car_Parking_System.elf
Invoking: AVR C Linker
avr-gcc -Wl,-Map,Car_Parking_System.map -mmcu=atmega32 -o "Car_Parking_System.elf"  ./MCAL/gpio.o ./MCAL/icu.o  ./HAL/buzzer.o ./HAL/lcd.o ./HAL/led.o ./HAL/ultrasonic.o  ./main.o   
Finished building target: Car_Parking_System.elf
 
Invoking: AVR Create Extended Listing
avr-objdump -h -S Car_Parking_System.elf  >"Car_Parking_System.lss"
Finished building: Car_Parking_System.lss
 
Invoking: Print Size
avr-size --format=avr --mcu=atmega32 Car_Parking_System.elf
AVR Memory Usage
----------------
Device: atmega32

Program:   13348 bytes (40.7% Full)
(.text + .data + .bootloader)

Data:        292 bytes (14.3% Full)
(.data + .bss + .noinit)


Finished building: sizedummy
 
13:58:15 **** Incremental Build of configuration Debug for project Car_Parking_System ****
make all 
Building file: ../main.c
Invoking: AVR Compiler
avr-gcc -Wall -g2 -gstabs -O0 -fpack-struct -fshort-enums -ffunction-sections -fdata-sections -std=gnu99 -funsigned-char -funsigned-bitfields -mmcu=atmega32 -DF_CPU=16000000UL -MMD -MP -MF"main.d" -MT"main.o" -c -o "main.o" "../main.c"
In file included from ../main.c:3:
c:/winavr-20100110/lib/gcc/../../avr/include/avr/delay.h:36:2: warning: #warning "This file has been moved to <util/delay.h>."
In file included from c:/winavr-20100110/lib/gcc/../../avr/include/avr/delay.h:37,
                 from ../main.c:3:
c:/winavr-20100110/lib/gcc/../../avr/include/util/delay.h:90:3: warning: #warning "Compiler optimizations disabled; functions from <util/delay.h> won't work as designed"
Finished building: ../main.c
 
Building target: Car_Parking_System.elf
Invoking: AVR C Linker
avr-gcc -Wl,-Map,Car_Parking_System.map -mmcu=atmega32 -o "Car_Parking_System.elf"  ./MCAL/gpio.o ./MCAL/icu.o  ./HAL/buzzer.o ./HAL/lcd.o ./HAL/led.o ./HAL/ultrasonic.o  ./main.o   
Finished building target: Car_Parking_System.elf
 
Invoking: AVR Create Extended Listing
avr-objdump -h -S Car_Parking_System.elf  >"Car_Parking_System.lss"
Finished building: Car_Parking_System.lss
 
Invoking: Print Size
avr-size --format=avr --mcu=atmega32 Car_Parking_System.elf
AVR Memory Usage
----------------
Device: atmega32

Program:   13424 bytes (41.0% Full)
(.text + .data + .bootloader)

Data:        298 bytes (14.6% Full)
(.data + .bss + .noinit)


Finished building: sizedummy
 
13:58:29 **** Incremental Build of configuration Debug for project Car_Parking_System ****
make all 
Building file: ../main.c
Invoking: AVR Compiler
avr-gcc -Wall -g2 -gstabs -O0 -fpack-struct -fshort-enums -ffunction-sections -fdata-sections -std=gnu99 -funsigned-char -funsigned-bitfields -mmcu=atmega32 -DF_CPU=16000000UL -MMD -MP -MF"main.d" -MT"main.o" -c -o "main.o" "../main.c"
In file included from ../main.c:3:
c:/winavr-20100110/lib/gcc/../../avr/include/avr/delay.h:36:2: warning: #warning "This file has been moved to <util/delay.h>."
In file included from c:/winavr-20100110/lib/gcc/../../avr/include/avr/delay.h:37,
                 from ../main.c:3:
c:/winavr-20100110/lib/gcc/../../avr/include/util/delay.h:90:3: warning: #warning "Compiler optimizations disabled; functions from <util/delay.h> won't work as designed"
../main.c: In function 'main':
../main.c:113: warning: unused variable 'num'
Finished building: ../main.c
 
Building target: Car_Parking_System.elf
Invoking: AVR C Linker
avr-gcc -Wl,-Map,Car_Parking_System.map -mmcu=atmega32 -o "Car_Parking_System.elf"  ./MCAL/gpio.o ./MCAL/icu.o  ./HAL/buzzer.o ./HAL/lcd.o ./HAL/led.o ./HAL/ultrasonic.o  ./main.o   
Finished building target: Car_Parking_System.elf
 
Invoking: AVR Create Extended Listing
avr-objdump -h -S Car_Parking_System.elf  >"Car_Parking_System.lss"
Finished building: Car_Parking_System.lss
 
Invoking: Print Size
avr-size --format=avr --mcu=atmega32 Car_Parking_System.elf
AVR Memory Usage
----------------
Device: atmega32

Program:   13366 bytes (40.8% Full)
(.text + .data + .bootloader)

Data:        298 bytes (14.6% Full)
(.data + .bss + .noinit)


Finished building: sizedummy
 
13:58:40 **** Incremental Build of configuration Debug for project Car_Parking_System ****
make all 
Building file: ../main.c
Invoking: AVR Compiler
avr-gcc -Wall -g2 -gstabs -O0 -fpack-struct -fshort-enums -ffunction-sections -fdata-sections -std=gnu99 -funsigned-char -funsigned-bitfields -mmcu=atmega32 -DF_CPU=16000000UL -MMD -MP -MF"main.d" -MT"main.o" -c -o "main.o" "../main.c"
In file included from ../main.c:3:
c:/winavr-20100110/lib/gcc/../../avr/include/avr/delay.h:36:2: warning: #warning "This file has been moved to <util/delay.h>."
In file included from c:/winavr-20100110/lib/gcc/../../avr/include/avr/delay.h:37,
                 from ../main.c:3:
c:/winavr-20100110/lib/gcc/../../avr/include/util/delay.h:90:3: warning: #warning "Compiler optimizations disabled; functions from <util/delay.h> won't work as designed"
Finished building: ../main.c
 
Building target: Car_Parking_System.elf
Invoking: AVR C Linker
avr-gcc -Wl,-Map,Car_Parking_System.map -mmcu=atmega32 -o "Car_Parking_System.elf"  ./MCAL/gpio.o ./MCAL/icu.o  ./HAL/buzzer.o ./HAL/lcd.o ./HAL/led.o ./HAL/ultrasonic.o  ./main.o   
Finished building target: Car_Parking_System.elf
 
Invoking: AVR Create Extended Listing
avr-objdump -h -S Car_Parking_System.elf  >"Car_Parking_System.lss"
Finished building: Car_Parking_System.lss
 
Invoking: Print Size
avr-size --format=avr --mcu=atmega32 Car_Parking_System.elf
AVR Memory Usage
----------------
Device: atmega32

Program:   13362 bytes (40.8% Full)
(.text + .data + .bootloader)

Data:        298 bytes (14.6% Full)
(.data + .bss + .noinit)


Finished building: sizedummy
 
13:58:52 **** Incremental Build of configuration Debug for project Car_Parking_System ****
make all 
Building file: ../main.c
Invoking: AVR Compiler
avr-gcc -Wall -g2 -gstabs -O0 -fpack-struct -fshort-enums -ffunction-sections -fdata-sections -std=gnu99 -funsigned-char -funsigned-bitfields -mmcu=atmega32 -DF_CPU=16000000UL -MMD -MP -MF"main.d" -MT"main.o" -c -o "main.o" "../main.c"
In file included from ../main.c:3:
c:/winavr-20100110/lib/gcc/../../avr/include/avr/delay.h:36:2: warning: #warning "This file has been moved to <util/delay.h>."
In file included from c:/winavr-20100110/lib/gcc/../../avr/include/avr/delay.h:37,
                 from ../main.c:3:
c:/winavr-20100110/lib/gcc/../../avr/include/util/delay.h:90:3: warning: #warning "Compiler optimizations disabled; functions from <util/delay.h> won't work as designed"
Finished building: ../main.c
 
Building target: Car_Parking_System.elf
Invoking: AVR C Linker
avr-gcc -Wl,-Map,Car_Parking_System.map -mmcu=atmega32 -o "Car_Parking_System.elf"  ./MCAL/gpio.o ./MCAL/icu.o  ./HAL/buzzer.o ./HAL/lcd.o ./HAL/led.o ./HAL/ultrasonic.o  ./main.o   
Finished building target: Car_Parking_System.elf
 
Invoking: AVR Create Extended Listing
avr-objdump -h -S Car_Parking_System.elf  >"Car_Parking_System.lss"
Finished building: Car_Parking_System.lss
 
Invoking: Print Size
avr-size --format=avr --mcu=atmega32 Car_Parking_System.elf
AVR Memory Usage
----------------
Device: atmega32

Program:   13384 bytes (40.8% Full)
(.text + .data + .bootloader)

Data:        298 bytes (14.6% Full)
(.data + .bss + .noinit)


Finished building: sizedummy
 
13:59:58 **** Incremental Build of configuration Debug for project Car_Parking_System ****
make all 
Building file: ../HAL/ultrasonic.c
Invoking: AVR Compiler
avr-gcc -Wall -g2 -gstabs -O0 -fpack-struct -fshort-enums -ffunction-sections -fdata-sections -std=gnu99 -funsigned-char -funsigned-bitfields -mmcu=atmega32 -DF_CPU=16000000UL -MMD -MP -MF"HAL/ultrasonic.d" -MT"HAL/ultrasonic.o" -c -o "HAL/ultrasonic.o" "../HAL/ultrasonic.c"
In file included from ../HAL/ultrasonic.c:2:
c:/winavr-20100110/lib/gcc/../../avr/include/avr/delay.h:36:2: warning: #warning "This file has been moved to <util/delay.h>."
In file included from c:/winavr-20100110/lib/gcc/../../avr/include/avr/delay.h:37,
                 from ../HAL/ultrasonic.c:2:
c:/winavr-20100110/lib/gcc/../../avr/include/util/delay.h:90:3: warning: #warning "Compiler optimizations disabled; functions from <util/delay.h> won't work as designed"
../HAL/ultrasonic.c: In function 'Ultrasonic_readDistance':
../HAL/ultrasonic.c:53: warning: large integer implicitly truncated to unsigned type
../HAL/ultrasonic.c:55: warning: large integer implicitly truncated to unsigned type
Finished building: ../HAL/ultrasonic.c
 
Building file: ../main.c
Invoking: AVR Compiler
avr-gcc -Wall -g2 -gstabs -O0 -fpack-struct -fshort-enums -ffunction-sections -fdata-sections -std=gnu99 -funsigned-char -funsigned-bitfields -mmcu=atmega32 -DF_CPU=16000000UL -MMD -MP -MF"main.d" -MT"main.o" -c -o "main.o" "../main.c"
In file included from ../main.c:3:
c:/winavr-20100110/lib/gcc/../../avr/include/avr/delay.h:36:2: warning: #warning "This file has been moved to <util/delay.h>."
In file included from c:/winavr-20100110/lib/gcc/../../avr/include/avr/delay.h:37,
                 from ../main.c:3:
c:/winavr-20100110/lib/gcc/../../avr/include/util/delay.h:90:3: warning: #warning "Compiler optimizations disabled; functions from <util/delay.h> won't work as designed"
Finished building: ../main.c
 
Building target: Car_Parking_System.elf
Invoking: AVR C Linker
avr-gcc -Wl,-Map,Car_Parking_System.map -mmcu=atmega32 -o "Car_Parking_System.elf"  ./MCAL/gpio.o ./MCAL/icu.o  ./HAL/buzzer.o ./HAL/lcd.o ./HAL/led.o ./HAL/ultrasonic.o  ./main.o   
Finished building target: Car_Parking_System.elf
 
Invoking: AVR Create Extended Listing
avr-objdump -h -S Car_Parking_System.elf  >"Car_Parking_System.lss"
Finished building: Car_Parking_System.lss
 
Invoking: Print Size
avr-size --format=avr --mcu=atmega32 Car_Parking_System.elf
AVR Memory Usage
----------------
Device: atmega32

Program:   13322 bytes (40.7% Full)
(.text + .data + .bootloader)

Data:        298 bytes (14.6% Full)
(.data + .bss + .noinit)


Finished building: sizedummy
 
14:00:22 **** Incremental Build of configuration Debug for project Car_Parking_System ****
make all 
Building file: ../HAL/ultrasonic.c
Invoking: AVR Compiler
avr-gcc -Wall -g2 -gstabs -O0 -fpack-struct -fshort-enums -ffunction-sections -fdata-sections -std=gnu99 -funsigned-char -funsigned-bitfields -mmcu=atmega32 -DF_CPU=16000000UL -MMD -MP -MF"HAL/ultrasonic.d" -MT"HAL/ultrasonic.o" -c -o "HAL/ultrasonic.o" "../HAL/ultrasonic.c"
In file included from ../HAL/ultrasonic.c:2:
c:/winavr-20100110/lib/gcc/../../avr/include/avr/delay.h:36:2: warning: #warning "This file has been moved to <util/delay.h>."
In file included from c:/winavr-20100110/lib/gcc/../../avr/include/avr/delay.h:37,
                 from ../HAL/ultrasonic.c:2:
c:/winavr-20100110/lib/gcc/../../avr/include/util/delay.h:90:3: warning: #warning "Compiler optimizations disabled; functions from <util/delay.h> won't work as designed"
Finished building: ../HAL/ultrasonic.c
 
Building file: ../main.c
Invoking: AVR Compiler
avr-gcc -Wall -g2 -gstabs -O0 -fpack-struct -fshort-enums -ffunction-sections -fdata-sections -std=gnu99 -funsigned-char -funsigned-bitfields -mmcu=atmega32 -DF_CPU=16000000UL -MMD -MP -MF"main.d" -MT"main.o" -c -o "main.o" "../main.c"
In file included from ../main.c:3:
c:/winavr-20100110/lib/gcc/../../avr/include/avr/delay.h:36:2: warning: #warning "This file has been moved to <util/delay.h>."
In file included from c:/winavr-20100110/lib/gcc/../../avr/include/avr/delay.h:37,
                 from ../main.c:3:
c:/winavr-20100110/lib/gcc/../../avr/include/util/delay.h:90:3: warning: #warning "Compiler optimizations disabled; functions from <util/delay.h> won't work as designed"
Finished building: ../main.c
 
Building target: Car_Parking_System.elf
Invoking: AVR C Linker
avr-gcc -Wl,-Map,Car_Parking_System.map -mmcu=atmega32 -o "Car_Parking_System.elf"  ./MCAL/gpio.o ./MCAL/icu.o  ./HAL/buzzer.o ./HAL/lcd.o ./HAL/led.o ./HAL/ultrasonic.o  ./main.o   
Finished building target: Car_Parking_System.elf
 
Invoking: AVR Create Extended Listing
avr-objdump -h -S Car_Parking_System.elf  >"Car_Parking_System.lss"
Finished building: Car_Parking_System.lss
 
Invoking: Print Size
avr-size --format=avr --mcu=atmega32 Car_Parking_System.elf
AVR Memory Usage
----------------
Device: atmega32

Program:   13148 bytes (40.1% Full)
(.text + .data + .bootloader)

Data:        298 bytes (14.6% Full)
(.data + .bss + .noinit)


Finished building: sizedummy
 
14:00:45 **** Incremental Build of configuration Debug for project Car_Parking_System ****
make all 
Building file: ../HAL/ultrasonic.c
Invoking: AVR Compiler
avr-gcc -Wall -g2 -gstabs -O0 -fpack-struct -fshort-enums -ffunction-sections -fdata-sections -std=gnu99 -funsigned-char -funsigned-bitfields -mmcu=atmega32 -DF_CPU=16000000UL -MMD -MP -MF"HAL/ultrasonic.d" -MT"HAL/ultrasonic.o" -c -o "HAL/ultrasonic.o" "../HAL/ultrasonic.c"
In file included from ../HAL/ultrasonic.c:2:
c:/winavr-20100110/lib/gcc/../../avr/include/avr/delay.h:36:2: warning: #warning "This file has been moved to <util/delay.h>."
In file included from c:/winavr-20100110/lib/gcc/../../avr/include/avr/delay.h:37,
                 from ../HAL/ultrasonic.c:2:
c:/winavr-20100110/lib/gcc/../../avr/include/util/delay.h:90:3: warning: #warning "Compiler optimizations disabled; functions from <util/delay.h> won't work as designed"
Finished building: ../HAL/ultrasonic.c
 
Building target: Car_Parking_System.elf
Invoking: AVR C Linker
avr-gcc -Wl,-Map,Car_Parking_System.map -mmcu=atmega32 -o "Car_Parking_System.elf"  ./MCAL/gpio.o ./MCAL/icu.o  ./HAL/buzzer.o ./HAL/lcd.o ./HAL/led.o ./HAL/ultrasonic.o  ./main.o   
Finished building target: Car_Parking_System.elf
 
Invoking: AVR Create Extended Listing
avr-objdump -h -S Car_Parking_System.elf  >"Car_Parking_System.lss"
Finished building: Car_Parking_System.lss
 
Invoking: Print Size
avr-size --format=avr --mcu=atmega32 Car_Parking_System.elf
AVR Memory Usage
----------------
Device: atmega32

Program:   13150 bytes (40.1% Full)
(.text + .data + .bootloader)

Data:        298 bytes (14.6% Full)
(.data + .bss + .noinit)


Finished building: sizedummy
 
14:00:54 **** Incremental Build of configuration Debug for project Car_Parking_System ****
make all 
Invoking: Print Size
avr-size --format=avr --mcu=atmega32 Car_Parking_System.elf
AVR Memory Usage
----------------
Device: atmega32

Program:   13150 bytes (40.1% Full)
(.text + .data + .bootloader)

Data:        298 bytes (14.6% Full)
(.data + .bss + .noinit)


Finished building: sizedummy
 
14:02:07 **** Incremental Build of configuration Debug for project Car_Parking_System ****
make all 
Building file: ../HAL/ultrasonic.c
Invoking: AVR Compiler
avr-gcc -Wall -g2 -gstabs -O0 -fpack-struct -fshort-enums -ffunction-sections -fdata-sections -std=gnu99 -funsigned-char -funsigned-bitfields -mmcu=atmega32 -DF_CPU=16000000UL -MMD -MP -MF"HAL/ultrasonic.d" -MT"HAL/ultrasonic.o" -c -o "HAL/ultrasonic.o" "../HAL/ultrasonic.c"
In file included from ../HAL/ultrasonic.c:2:
c:/winavr-20100110/lib/gcc/../../avr/include/avr/delay.h:36:2: warning: #warning "This file has been moved to <util/delay.h>."
In file included from c:/winavr-20100110/lib/gcc/../../avr/include/avr/delay.h:37,
                 from ../HAL/ultrasonic.c:2:
c:/winavr-20100110/lib/gcc/../../avr/include/util/delay.h:90:3: warning: #warning "Compiler optimizations disabled; functions from <util/delay.h> won't work as designed"
Finished building: ../HAL/ultrasonic.c
 
Building target: Car_Parking_System.elf
Invoking: AVR C Linker
avr-gcc -Wl,-Map,Car_Parking_System.map -mmcu=atmega32 -o "Car_Parking_System.elf"  ./MCAL/gpio.o ./MCAL/icu.o  ./HAL/buzzer.o ./HAL/lcd.o ./HAL/led.o ./HAL/ultrasonic.o  ./main.o   
Finished building target: Car_Parking_System.elf
 
Invoking: AVR Create Extended Listing
avr-objdump -h -S Car_Parking_System.elf  >"Car_Parking_System.lss"
Finished building: Car_Parking_System.lss
 
Invoking: Print Size
avr-size --format=avr --mcu=atmega32 Car_Parking_System.elf
AVR Memory Usage
----------------
Device: atmega32

Program:   13168 bytes (40.2% Full)
(.text + .data + .bootloader)

Data:        298 bytes (14.6% Full)
(.data + .bss + .noinit)


Finished building: sizedummy
 
14:02:58 **** Incremental Build of configuration Debug for project Car_Parking_System ****
make all 
Building file: ../HAL/ultrasonic.c
Invoking: AVR Compiler
avr-gcc -Wall -g2 -gstabs -O0 -fpack-struct -fshort-enums -ffunction-sections -fdata-sections -std=gnu99 -funsigned-char -funsigned-bitfields -mmcu=atmega32 -DF_CPU=16000000UL -MMD -MP -MF"HAL/ultrasonic.d" -MT"HAL/ultrasonic.o" -c -o "HAL/ultrasonic.o" "../HAL/ultrasonic.c"
In file included from ../HAL/ultrasonic.c:2:
c:/winavr-20100110/lib/gcc/../../avr/include/avr/delay.h:36:2: warning: #warning "This file has been moved to <util/delay.h>."
In file included from c:/winavr-20100110/lib/gcc/../../avr/include/avr/delay.h:37,
                 from ../HAL/ultrasonic.c:2:
c:/winavr-20100110/lib/gcc/../../avr/include/util/delay.h:90:3: warning: #warning "Compiler optimizations disabled; functions from <util/delay.h> won't work as designed"
Finished building: ../HAL/ultrasonic.c
 
Building target: Car_Parking_System.elf
Invoking: AVR C Linker
avr-gcc -Wl,-Map,Car_Parking_System.map -mmcu=atmega32 -o "Car_Parking_System.elf"  ./MCAL/gpio.o ./MCAL/icu.o  ./HAL/buzzer.o ./HAL/lcd.o ./HAL/led.o ./HAL/ultrasonic.o  ./main.o   
Finished building target: Car_Parking_System.elf
 
Invoking: AVR Create Extended Listing
avr-objdump -h -S Car_Parking_System.elf  >"Car_Parking_System.lss"
Finished building: Car_Parking_System.lss
 
Invoking: Print Size
avr-size --format=avr --mcu=atmega32 Car_Parking_System.elf
AVR Memory Usage
----------------
Device: atmega32

Program:   13168 bytes (40.2% Full)
(.text + .data + .bootloader)

Data:        298 bytes (14.6% Full)
(.data + .bss + .noinit)


Finished building: sizedummy
 
14:05:16 **** Incremental Build of configuration Debug for project Car_Parking_System ****
make all 
Building file: ../main.c
Invoking: AVR Compiler
avr-gcc -Wall -g2 -gstabs -O0 -fpack-struct -fshort-enums -ffunction-sections -fdata-sections -std=gnu99 -funsigned-char -funsigned-bitfields -mmcu=atmega32 -DF_CPU=16000000UL -MMD -MP -MF"main.d" -MT"main.o" -c -o "main.o" "../main.c"
In file included from ../main.c:3:
c:/winavr-20100110/lib/gcc/../../avr/include/avr/delay.h:36:2: warning: #warning "This file has been moved to <util/delay.h>."
In file included from c:/winavr-20100110/lib/gcc/../../avr/include/avr/delay.h:37,
                 from ../main.c:3:
c:/winavr-20100110/lib/gcc/../../avr/include/util/delay.h:90:3: warning: #warning "Compiler optimizations disabled; functions from <util/delay.h> won't work as designed"
Finished building: ../main.c
 
Building target: Car_Parking_System.elf
Invoking: AVR C Linker
avr-gcc -Wl,-Map,Car_Parking_System.map -mmcu=atmega32 -o "Car_Parking_System.elf"  ./MCAL/gpio.o ./MCAL/icu.o  ./HAL/buzzer.o ./HAL/lcd.o ./HAL/led.o ./HAL/ultrasonic.o  ./main.o   
Finished building target: Car_Parking_System.elf
 
Invoking: AVR Create Extended Listing
avr-objdump -h -S Car_Parking_System.elf  >"Car_Parking_System.lss"
Finished building: Car_Parking_System.lss
 
Invoking: Print Size
avr-size --format=avr --mcu=atmega32 Car_Parking_System.elf
AVR Memory Usage
----------------
Device: atmega32

Program:   13168 bytes (40.2% Full)
(.text + .data + .bootloader)

Data:        298 bytes (14.6% Full)
(.data + .bss + .noinit)


Finished building: sizedummy
 
14:05:59 **** Incremental Build of configuration Debug for project Car_Parking_System ****
make all 
Building file: ../main.c
Invoking: AVR Compiler
avr-gcc -Wall -g2 -gstabs -O0 -fpack-struct -fshort-enums -ffunction-sections -fdata-sections -std=gnu99 -funsigned-char -funsigned-bitfields -mmcu=atmega32 -DF_CPU=16000000UL -MMD -MP -MF"main.d" -MT"main.o" -c -o "main.o" "../main.c"
In file included from ../main.c:3:
c:/winavr-20100110/lib/gcc/../../avr/include/avr/delay.h:36:2: warning: #warning "This file has been moved to <util/delay.h>."
In file included from c:/winavr-20100110/lib/gcc/../../avr/include/avr/delay.h:37,
                 from ../main.c:3:
c:/winavr-20100110/lib/gcc/../../avr/include/util/delay.h:90:3: warning: #warning "Compiler optimizations disabled; functions from <util/delay.h> won't work as designed"
Finished building: ../main.c
 
Building target: Car_Parking_System.elf
Invoking: AVR C Linker
avr-gcc -Wl,-Map,Car_Parking_System.map -mmcu=atmega32 -o "Car_Parking_System.elf"  ./MCAL/gpio.o ./MCAL/icu.o  ./HAL/buzzer.o ./HAL/lcd.o ./HAL/led.o ./HAL/ultrasonic.o  ./main.o   
Finished building target: Car_Parking_System.elf
 
Invoking: AVR Create Extended Listing
avr-objdump -h -S Car_Parking_System.elf  >"Car_Parking_System.lss"
Finished building: Car_Parking_System.lss
 
Invoking: Print Size
avr-size --format=avr --mcu=atmega32 Car_Parking_System.elf
AVR Memory Usage
----------------
Device: atmega32

Program:   13154 bytes (40.1% Full)
(.text + .data + .bootloader)

Data:        292 bytes (14.3% Full)
(.data + .bss + .noinit)


Finished building: sizedummy
 
14:07:31 **** Incremental Build of configuration Debug for project Car_Parking_System ****
make all 
Building file: ../main.c
Invoking: AVR Compiler
avr-gcc -Wall -g2 -gstabs -O0 -fpack-struct -fshort-enums -ffunction-sections -fdata-sections -std=gnu99 -funsigned-char -funsigned-bitfields -mmcu=atmega32 -DF_CPU=16000000UL -MMD -MP -MF"main.d" -MT"main.o" -c -o "main.o" "../main.c"
In file included from ../main.c:3:
c:/winavr-20100110/lib/gcc/../../avr/include/avr/delay.h:36:2: warning: #warning "This file has been moved to <util/delay.h>."
In file included from c:/winavr-20100110/lib/gcc/../../avr/include/avr/delay.h:37,
                 from ../main.c:3:
c:/winavr-20100110/lib/gcc/../../avr/include/util/delay.h:90:3: warning: #warning "Compiler optimizations disabled; functions from <util/delay.h> won't work as designed"
Finished building: ../main.c
 
Building target: Car_Parking_System.elf
Invoking: AVR C Linker
avr-gcc -Wl,-Map,Car_Parking_System.map -mmcu=atmega32 -o "Car_Parking_System.elf"  ./MCAL/gpio.o ./MCAL/icu.o  ./HAL/buzzer.o ./HAL/lcd.o ./HAL/led.o ./HAL/ultrasonic.o  ./main.o   
Finished building target: Car_Parking_System.elf
 
Invoking: AVR Create Extended Listing
avr-objdump -h -S Car_Parking_System.elf  >"Car_Parking_System.lss"
Finished building: Car_Parking_System.lss
 
Invoking: Print Size
avr-size --format=avr --mcu=atmega32 Car_Parking_System.elf
AVR Memory Usage
----------------
Device: atmega32

Program:   13154 bytes (40.1% Full)
(.text + .data + .bootloader)

Data:        292 bytes (14.3% Full)
(.data + .bss + .noinit)


Finished building: sizedummy
 
14:08:30 **** Incremental Build of configuration Debug for project Car_Parking_System ****
make all 
Building file: ../main.c
Invoking: AVR Compiler
avr-gcc -Wall -g2 -gstabs -O0 -fpack-struct -fshort-enums -ffunction-sections -fdata-sections -std=gnu99 -funsigned-char -funsigned-bitfields -mmcu=atmega32 -DF_CPU=16000000UL -MMD -MP -MF"main.d" -MT"main.o" -c -o "main.o" "../main.c"
In file included from ../main.c:3:
c:/winavr-20100110/lib/gcc/../../avr/include/avr/delay.h:36:2: warning: #warning "This file has been moved to <util/delay.h>."
In file included from c:/winavr-20100110/lib/gcc/../../avr/include/avr/delay.h:37,
                 from ../main.c:3:
c:/winavr-20100110/lib/gcc/../../avr/include/util/delay.h:90:3: warning: #warning "Compiler optimizations disabled; functions from <util/delay.h> won't work as designed"
Finished building: ../main.c
 
Building target: Car_Parking_System.elf
Invoking: AVR C Linker
avr-gcc -Wl,-Map,Car_Parking_System.map -mmcu=atmega32 -o "Car_Parking_System.elf"  ./MCAL/gpio.o ./MCAL/icu.o  ./HAL/buzzer.o ./HAL/lcd.o ./HAL/led.o ./HAL/ultrasonic.o  ./main.o   
Finished building target: Car_Parking_System.elf
 
Invoking: AVR Create Extended Listing
avr-objdump -h -S Car_Parking_System.elf  >"Car_Parking_System.lss"
Finished building: Car_Parking_System.lss
 
Invoking: Print Size
avr-size --format=avr --mcu=atmega32 Car_Parking_System.elf
AVR Memory Usage
----------------
Device: atmega32

Program:   13154 bytes (40.1% Full)
(.text + .data + .bootloader)

Data:        292 bytes (14.3% Full)
(.data + .bss + .noinit)


Finished building: sizedummy
 
14:09:54 **** Incremental Build of configuration Debug for project Car_Parking_System ****
make all 
Building file: ../main.c
Invoking: AVR Compiler
avr-gcc -Wall -g2 -gstabs -O0 -fpack-struct -fshort-enums -ffunction-sections -fdata-sections -std=gnu99 -funsigned-char -funsigned-bitfields -mmcu=atmega32 -DF_CPU=16000000UL -MMD -MP -MF"main.d" -MT"main.o" -c -o "main.o" "../main.c"
In file included from ../main.c:3:
c:/winavr-20100110/lib/gcc/../../avr/include/avr/delay.h:36:2: warning: #warning "This file has been moved to <util/delay.h>."
In file included from c:/winavr-20100110/lib/gcc/../../avr/include/avr/delay.h:37,
                 from ../main.c:3:
c:/winavr-20100110/lib/gcc/../../avr/include/util/delay.h:90:3: warning: #warning "Compiler optimizations disabled; functions from <util/delay.h> won't work as designed"
Finished building: ../main.c
 
Building target: Car_Parking_System.elf
Invoking: AVR C Linker
avr-gcc -Wl,-Map,Car_Parking_System.map -mmcu=atmega32 -o "Car_Parking_System.elf"  ./MCAL/gpio.o ./MCAL/icu.o  ./HAL/buzzer.o ./HAL/lcd.o ./HAL/led.o ./HAL/ultrasonic.o  ./main.o   
Finished building target: Car_Parking_System.elf
 
Invoking: AVR Create Extended Listing
avr-objdump -h -S Car_Parking_System.elf  >"Car_Parking_System.lss"
Finished building: Car_Parking_System.lss
 
Invoking: Print Size
avr-size --format=avr --mcu=atmega32 Car_Parking_System.elf
AVR Memory Usage
----------------
Device: atmega32

Program:   13154 bytes (40.1% Full)
(.text + .data + .bootloader)

Data:        292 bytes (14.3% Full)
(.data + .bss + .noinit)


Finished building: sizedummy
 
14:11:28 **** Incremental Build of configuration Debug for project Car_Parking_System ****
make all 
Building file: ../main.c
Invoking: AVR Compiler
avr-gcc -Wall -g2 -gstabs -O0 -fpack-struct -fshort-enums -ffunction-sections -fdata-sections -std=gnu99 -funsigned-char -funsigned-bitfields -mmcu=atmega32 -DF_CPU=16000000UL -MMD -MP -MF"main.d" -MT"main.o" -c -o "main.o" "../main.c"
In file included from ../main.c:3:
c:/winavr-20100110/lib/gcc/../../avr/include/avr/delay.h:36:2: warning: #warning "This file has been moved to <util/delay.h>."
In file included from c:/winavr-20100110/lib/gcc/../../avr/include/avr/delay.h:37,
                 from ../main.c:3:
c:/winavr-20100110/lib/gcc/../../avr/include/util/delay.h:90:3: warning: #warning "Compiler optimizations disabled; functions from <util/delay.h> won't work as designed"
Finished building: ../main.c
 
Building target: Car_Parking_System.elf
Invoking: AVR C Linker
avr-gcc -Wl,-Map,Car_Parking_System.map -mmcu=atmega32 -o "Car_Parking_System.elf"  ./MCAL/gpio.o ./MCAL/icu.o  ./HAL/buzzer.o ./HAL/lcd.o ./HAL/led.o ./HAL/ultrasonic.o  ./main.o   
Finished building target: Car_Parking_System.elf
 
Invoking: AVR Create Extended Listing
avr-objdump -h -S Car_Parking_System.elf  >"Car_Parking_System.lss"
Finished building: Car_Parking_System.lss
 
Invoking: Print Size
avr-size --format=avr --mcu=atmega32 Car_Parking_System.elf
AVR Memory Usage
----------------
Device: atmega32

Program:   13168 bytes (40.2% Full)
(.text + .data + .bootloader)

Data:        298 bytes (14.6% Full)
(.data + .bss + .noinit)


Finished building: sizedummy
 
14:12:08 **** Incremental Build of configuration Debug for project Car_Parking_System ****
make all 
Building file: ../main.c
Invoking: AVR Compiler
avr-gcc -Wall -g2 -gstabs -O0 -fpack-struct -fshort-enums -ffunction-sections -fdata-sections -std=gnu99 -funsigned-char -funsigned-bitfields -mmcu=atmega32 -DF_CPU=16000000UL -MMD -MP -MF"main.d" -MT"main.o" -c -o "main.o" "../main.c"
In file included from ../main.c:3:
c:/winavr-20100110/lib/gcc/../../avr/include/avr/delay.h:36:2: warning: #warning "This file has been moved to <util/delay.h>."
In file included from c:/winavr-20100110/lib/gcc/../../avr/include/avr/delay.h:37,
                 from ../main.c:3:
c:/winavr-20100110/lib/gcc/../../avr/include/util/delay.h:90:3: warning: #warning "Compiler optimizations disabled; functions from <util/delay.h> won't work as designed"
Finished building: ../main.c
 
Building target: Car_Parking_System.elf
Invoking: AVR C Linker
avr-gcc -Wl,-Map,Car_Parking_System.map -mmcu=atmega32 -o "Car_Parking_System.elf"  ./MCAL/gpio.o ./MCAL/icu.o  ./HAL/buzzer.o ./HAL/lcd.o ./HAL/led.o ./HAL/ultrasonic.o  ./main.o   
Finished building target: Car_Parking_System.elf
 
Invoking: AVR Create Extended Listing
avr-objdump -h -S Car_Parking_System.elf  >"Car_Parking_System.lss"
Finished building: Car_Parking_System.lss
 
Invoking: Print Size
avr-size --format=avr --mcu=atmega32 Car_Parking_System.elf
AVR Memory Usage
----------------
Device: atmega32

Program:   13168 bytes (40.2% Full)
(.text + .data + .bootloader)

Data:        298 bytes (14.6% Full)
(.data + .bss + .noinit)


Finished building: sizedummy
 
14:12:26 **** Incremental Build of configuration Debug for project Car_Parking_System ****
make all 
Building file: ../main.c
Invoking: AVR Compiler
avr-gcc -Wall -g2 -gstabs -O0 -fpack-struct -fshort-enums -ffunction-sections -fdata-sections -std=gnu99 -funsigned-char -funsigned-bitfields -mmcu=atmega32 -DF_CPU=16000000UL -MMD -MP -MF"main.d" -MT"main.o" -c -o "main.o" "../main.c"
In file included from ../main.c:3:
c:/winavr-20100110/lib/gcc/../../avr/include/avr/delay.h:36:2: warning: #warning "This file has been moved to <util/delay.h>."
In file included from c:/winavr-20100110/lib/gcc/../../avr/include/avr/delay.h:37,
                 from ../main.c:3:
c:/winavr-20100110/lib/gcc/../../avr/include/util/delay.h:90:3: warning: #warning "Compiler optimizations disabled; functions from <util/delay.h> won't work as designed"
Finished building: ../main.c
 
Building target: Car_Parking_System.elf
Invoking: AVR C Linker
avr-gcc -Wl,-Map,Car_Parking_System.map -mmcu=atmega32 -o "Car_Parking_System.elf"  ./MCAL/gpio.o ./MCAL/icu.o  ./HAL/buzzer.o ./HAL/lcd.o ./HAL/led.o ./HAL/ultrasonic.o  ./main.o   
Finished building target: Car_Parking_System.elf
 
Invoking: AVR Create Extended Listing
avr-objdump -h -S Car_Parking_System.elf  >"Car_Parking_System.lss"
Finished building: Car_Parking_System.lss
 
Invoking: Print Size
avr-size --format=avr --mcu=atmega32 Car_Parking_System.elf
AVR Memory Usage
----------------
Device: atmega32

Program:   13154 bytes (40.1% Full)
(.text + .data + .bootloader)

Data:        292 bytes (14.3% Full)
(.data + .bss + .noinit)


Finished building: sizedummy
 
14:12:37 **** Incremental Build of configuration Debug for project Car_Parking_System ****
make all 
Building file: ../main.c
Invoking: AVR Compiler
avr-gcc -Wall -g2 -gstabs -O0 -fpack-struct -fshort-enums -ffunction-sections -fdata-sections -std=gnu99 -funsigned-char -funsigned-bitfields -mmcu=atmega32 -DF_CPU=16000000UL -MMD -MP -MF"main.d" -MT"main.o" -c -o "main.o" "../main.c"
In file included from ../main.c:3:
c:/winavr-20100110/lib/gcc/../../avr/include/avr/delay.h:36:2: warning: #warning "This file has been moved to <util/delay.h>."
In file included from c:/winavr-20100110/lib/gcc/../../avr/include/avr/delay.h:37,
                 from ../main.c:3:
c:/winavr-20100110/lib/gcc/../../avr/include/util/delay.h:90:3: warning: #warning "Compiler optimizations disabled; functions from <util/delay.h> won't work as designed"
Finished building: ../main.c
 
Building target: Car_Parking_System.elf
Invoking: AVR C Linker
avr-gcc -Wl,-Map,Car_Parking_System.map -mmcu=atmega32 -o "Car_Parking_System.elf"  ./MCAL/gpio.o ./MCAL/icu.o  ./HAL/buzzer.o ./HAL/lcd.o ./HAL/led.o ./HAL/ultrasonic.o  ./main.o   
Finished building target: Car_Parking_System.elf
 
Invoking: AVR Create Extended Listing
avr-objdump -h -S Car_Parking_System.elf  >"Car_Parking_System.lss"
Finished building: Car_Parking_System.lss
 
Invoking: Print Size
avr-size --format=avr --mcu=atmega32 Car_Parking_System.elf
AVR Memory Usage
----------------
Device: atmega32

Program:   13168 bytes (40.2% Full)
(.text + .data + .bootloader)

Data:        298 bytes (14.6% Full)
(.data + .bss + .noinit)


Finished building: sizedummy
 
14:13:19 **** Incremental Build of configuration Debug for project Car_Parking_System ****
make all 
Building file: ../main.c
Invoking: AVR Compiler
avr-gcc -Wall -g2 -gstabs -O0 -fpack-struct -fshort-enums -ffunction-sections -fdata-sections -std=gnu99 -funsigned-char -funsigned-bitfields -mmcu=atmega32 -DF_CPU=16000000UL -MMD -MP -MF"main.d" -MT"main.o" -c -o "main.o" "../main.c"
In file included from ../main.c:3:
c:/winavr-20100110/lib/gcc/../../avr/include/avr/delay.h:36:2: warning: #warning "This file has been moved to <util/delay.h>."
In file included from c:/winavr-20100110/lib/gcc/../../avr/include/avr/delay.h:37,
                 from ../main.c:3:
c:/winavr-20100110/lib/gcc/../../avr/include/util/delay.h:90:3: warning: #warning "Compiler optimizations disabled; functions from <util/delay.h> won't work as designed"
Finished building: ../main.c
 
Building target: Car_Parking_System.elf
Invoking: AVR C Linker
avr-gcc -Wl,-Map,Car_Parking_System.map -mmcu=atmega32 -o "Car_Parking_System.elf"  ./MCAL/gpio.o ./MCAL/icu.o  ./HAL/buzzer.o ./HAL/lcd.o ./HAL/led.o ./HAL/ultrasonic.o  ./main.o   
Finished building target: Car_Parking_System.elf
 
Invoking: AVR Create Extended Listing
avr-objdump -h -S Car_Parking_System.elf  >"Car_Parking_System.lss"
Finished building: Car_Parking_System.lss
 
Invoking: Print Size
avr-size --format=avr --mcu=atmega32 Car_Parking_System.elf
AVR Memory Usage
----------------
Device: atmega32

Program:   13382 bytes (40.8% Full)
(.text + .data + .bootloader)

Data:        292 bytes (14.3% Full)
(.data + .bss + .noinit)


Finished building: sizedummy
 
14:15:02 **** Incremental Build of configuration Debug for project Car_Parking_System ****
make all 
Building file: ../main.c
Invoking: AVR Compiler
avr-gcc -Wall -g2 -gstabs -O0 -fpack-struct -fshort-enums -ffunction-sections -fdata-sections -std=gnu99 -funsigned-char -funsigned-bitfields -mmcu=atmega32 -DF_CPU=16000000UL -MMD -MP -MF"main.d" -MT"main.o" -c -o "main.o" "../main.c"
In file included from ../main.c:3:
c:/winavr-20100110/lib/gcc/../../avr/include/avr/delay.h:36:2: warning: #warning "This file has been moved to <util/delay.h>."
In file included from c:/winavr-20100110/lib/gcc/../../avr/include/avr/delay.h:37,
                 from ../main.c:3:
c:/winavr-20100110/lib/gcc/../../avr/include/util/delay.h:90:3: warning: #warning "Compiler optimizations disabled; functions from <util/delay.h> won't work as designed"
Finished building: ../main.c
 
Building target: Car_Parking_System.elf
Invoking: AVR C Linker
avr-gcc -Wl,-Map,Car_Parking_System.map -mmcu=atmega32 -o "Car_Parking_System.elf"  ./MCAL/gpio.o ./MCAL/icu.o  ./HAL/buzzer.o ./HAL/lcd.o ./HAL/led.o ./HAL/ultrasonic.o  ./main.o   
Finished building target: Car_Parking_System.elf
 
Invoking: AVR Create Extended Listing
avr-objdump -h -S Car_Parking_System.elf  >"Car_Parking_System.lss"
Finished building: Car_Parking_System.lss
 
Invoking: Print Size
avr-size --format=avr --mcu=atmega32 Car_Parking_System.elf
AVR Memory Usage
----------------
Device: atmega32

Program:   13686 bytes (41.8% Full)
(.text + .data + .bootloader)

Data:        292 bytes (14.3% Full)
(.data + .bss + .noinit)


Finished building: sizedummy
 
14:15:14 **** Incremental Build of configuration Debug for project Car_Parking_System ****
make all 
Building file: ../main.c
Invoking: AVR Compiler
avr-gcc -Wall -g2 -gstabs -O0 -fpack-struct -fshort-enums -ffunction-sections -fdata-sections -std=gnu99 -funsigned-char -funsigned-bitfields -mmcu=atmega32 -DF_CPU=16000000UL -MMD -MP -MF"main.d" -MT"main.o" -c -o "main.o" "../main.c"
In file included from ../main.c:3:
c:/winavr-20100110/lib/gcc/../../avr/include/avr/delay.h:36:2: warning: #warning "This file has been moved to <util/delay.h>."
In file included from c:/winavr-20100110/lib/gcc/../../avr/include/avr/delay.h:37,
                 from ../main.c:3:
c:/winavr-20100110/lib/gcc/../../avr/include/util/delay.h:90:3: warning: #warning "Compiler optimizations disabled; functions from <util/delay.h> won't work as designed"
Finished building: ../main.c
 
Building target: Car_Parking_System.elf
Invoking: AVR C Linker
avr-gcc -Wl,-Map,Car_Parking_System.map -mmcu=atmega32 -o "Car_Parking_System.elf"  ./MCAL/gpio.o ./MCAL/icu.o  ./HAL/buzzer.o ./HAL/lcd.o ./HAL/led.o ./HAL/ultrasonic.o  ./main.o   
Finished building target: Car_Parking_System.elf
 
Invoking: AVR Create Extended Listing
avr-objdump -h -S Car_Parking_System.elf  >"Car_Parking_System.lss"
Finished building: Car_Parking_System.lss
 
Invoking: Print Size
avr-size --format=avr --mcu=atmega32 Car_Parking_System.elf
AVR Memory Usage
----------------
Device: atmega32

Program:   13686 bytes (41.8% Full)
(.text + .data + .bootloader)

Data:        292 bytes (14.3% Full)
(.data + .bss + .noinit)


Finished building: sizedummy
 
14:15:26 **** Incremental Build of configuration Debug for project Car_Parking_System ****
make all 
Building file: ../main.c
Invoking: AVR Compiler
avr-gcc -Wall -g2 -gstabs -O0 -fpack-struct -fshort-enums -ffunction-sections -fdata-sections -std=gnu99 -funsigned-char -funsigned-bitfields -mmcu=atmega32 -DF_CPU=16000000UL -MMD -MP -MF"main.d" -MT"main.o" -c -o "main.o" "../main.c"
In file included from ../main.c:3:
c:/winavr-20100110/lib/gcc/../../avr/include/avr/delay.h:36:2: warning: #warning "This file has been moved to <util/delay.h>."
In file included from c:/winavr-20100110/lib/gcc/../../avr/include/avr/delay.h:37,
                 from ../main.c:3:
c:/winavr-20100110/lib/gcc/../../avr/include/util/delay.h:90:3: warning: #warning "Compiler optimizations disabled; functions from <util/delay.h> won't work as designed"
Finished building: ../main.c
 
Building target: Car_Parking_System.elf
Invoking: AVR C Linker
avr-gcc -Wl,-Map,Car_Parking_System.map -mmcu=atmega32 -o "Car_Parking_System.elf"  ./MCAL/gpio.o ./MCAL/icu.o  ./HAL/buzzer.o ./HAL/lcd.o ./HAL/led.o ./HAL/ultrasonic.o  ./main.o   
Finished building target: Car_Parking_System.elf
 
Invoking: AVR Create Extended Listing
avr-objdump -h -S Car_Parking_System.elf  >"Car_Parking_System.lss"
Finished building: Car_Parking_System.lss
 
Invoking: Print Size
avr-size --format=avr --mcu=atmega32 Car_Parking_System.elf
AVR Memory Usage
----------------
Device: atmega32

Program:   13686 bytes (41.8% Full)
(.text + .data + .bootloader)

Data:        292 bytes (14.3% Full)
(.data + .bss + .noinit)


Finished building: sizedummy
 
14:15:44 **** Incremental Build of configuration Debug for project Car_Parking_System ****
make all 
Building file: ../main.c
Invoking: AVR Compiler
avr-gcc -Wall -g2 -gstabs -O0 -fpack-struct -fshort-enums -ffunction-sections -fdata-sections -std=gnu99 -funsigned-char -funsigned-bitfields -mmcu=atmega32 -DF_CPU=16000000UL -MMD -MP -MF"main.d" -MT"main.o" -c -o "main.o" "../main.c"
In file included from ../main.c:3:
c:/winavr-20100110/lib/gcc/../../avr/include/avr/delay.h:36:2: warning: #warning "This file has been moved to <util/delay.h>."
In file included from c:/winavr-20100110/lib/gcc/../../avr/include/avr/delay.h:37,
                 from ../main.c:3:
c:/winavr-20100110/lib/gcc/../../avr/include/util/delay.h:90:3: warning: #warning "Compiler optimizations disabled; functions from <util/delay.h> won't work as designed"
Finished building: ../main.c
 
Building target: Car_Parking_System.elf
Invoking: AVR C Linker
avr-gcc -Wl,-Map,Car_Parking_System.map -mmcu=atmega32 -o "Car_Parking_System.elf"  ./MCAL/gpio.o ./MCAL/icu.o  ./HAL/buzzer.o ./HAL/lcd.o ./HAL/led.o ./HAL/ultrasonic.o  ./main.o   
Finished building target: Car_Parking_System.elf
 
Invoking: AVR Create Extended Listing
avr-objdump -h -S Car_Parking_System.elf  >"Car_Parking_System.lss"
Finished building: Car_Parking_System.lss
 
Invoking: Print Size
avr-size --format=avr --mcu=atmega32 Car_Parking_System.elf
AVR Memory Usage
----------------
Device: atmega32

Program:   13382 bytes (40.8% Full)
(.text + .data + .bootloader)

Data:        292 bytes (14.3% Full)
(.data + .bss + .noinit)


Finished building: sizedummy
 
14:16:00 **** Incremental Build of configuration Debug for project Car_Parking_System ****
make all 
Building file: ../main.c
Invoking: AVR Compiler
avr-gcc -Wall -g2 -gstabs -O0 -fpack-struct -fshort-enums -ffunction-sections -fdata-sections -std=gnu99 -funsigned-char -funsigned-bitfields -mmcu=atmega32 -DF_CPU=16000000UL -MMD -MP -MF"main.d" -MT"main.o" -c -o "main.o" "../main.c"
In file included from ../main.c:3:
c:/winavr-20100110/lib/gcc/../../avr/include/avr/delay.h:36:2: warning: #warning "This file has been moved to <util/delay.h>."
In file included from c:/winavr-20100110/lib/gcc/../../avr/include/avr/delay.h:37,
                 from ../main.c:3:
c:/winavr-20100110/lib/gcc/../../avr/include/util/delay.h:90:3: warning: #warning "Compiler optimizations disabled; functions from <util/delay.h> won't work as designed"
Finished building: ../main.c
 
Building target: Car_Parking_System.elf
Invoking: AVR C Linker
avr-gcc -Wl,-Map,Car_Parking_System.map -mmcu=atmega32 -o "Car_Parking_System.elf"  ./MCAL/gpio.o ./MCAL/icu.o  ./HAL/buzzer.o ./HAL/lcd.o ./HAL/led.o ./HAL/ultrasonic.o  ./main.o   
Finished building target: Car_Parking_System.elf
 
Invoking: AVR Create Extended Listing
avr-objdump -h -S Car_Parking_System.elf  >"Car_Parking_System.lss"
Finished building: Car_Parking_System.lss
 
Invoking: Print Size
avr-size --format=avr --mcu=atmega32 Car_Parking_System.elf
AVR Memory Usage
----------------
Device: atmega32

Program:   13382 bytes (40.8% Full)
(.text + .data + .bootloader)

Data:        292 bytes (14.3% Full)
(.data + .bss + .noinit)


Finished building: sizedummy
 
14:16:15 **** Incremental Build of configuration Debug for project Car_Parking_System ****
make all 
Building file: ../main.c
Invoking: AVR Compiler
avr-gcc -Wall -g2 -gstabs -O0 -fpack-struct -fshort-enums -ffunction-sections -fdata-sections -std=gnu99 -funsigned-char -funsigned-bitfields -mmcu=atmega32 -DF_CPU=16000000UL -MMD -MP -MF"main.d" -MT"main.o" -c -o "main.o" "../main.c"
In file included from ../main.c:3:
c:/winavr-20100110/lib/gcc/../../avr/include/avr/delay.h:36:2: warning: #warning "This file has been moved to <util/delay.h>."
In file included from c:/winavr-20100110/lib/gcc/../../avr/include/avr/delay.h:37,
                 from ../main.c:3:
c:/winavr-20100110/lib/gcc/../../avr/include/util/delay.h:90:3: warning: #warning "Compiler optimizations disabled; functions from <util/delay.h> won't work as designed"
Finished building: ../main.c
 
Building target: Car_Parking_System.elf
Invoking: AVR C Linker
avr-gcc -Wl,-Map,Car_Parking_System.map -mmcu=atmega32 -o "Car_Parking_System.elf"  ./MCAL/gpio.o ./MCAL/icu.o  ./HAL/buzzer.o ./HAL/lcd.o ./HAL/led.o ./HAL/ultrasonic.o  ./main.o   
Finished building target: Car_Parking_System.elf
 
Invoking: AVR Create Extended Listing
avr-objdump -h -S Car_Parking_System.elf  >"Car_Parking_System.lss"
Finished building: Car_Parking_System.lss
 
Invoking: Print Size
avr-size --format=avr --mcu=atmega32 Car_Parking_System.elf
AVR Memory Usage
----------------
Device: atmega32

Program:   13382 bytes (40.8% Full)
(.text + .data + .bootloader)

Data:        292 bytes (14.3% Full)
(.data + .bss + .noinit)


Finished building: sizedummy
 
14:16:40 **** Incremental Build of configuration Debug for project Car_Parking_System ****
make all 
Building file: ../main.c
Invoking: AVR Compiler
avr-gcc -Wall -g2 -gstabs -O0 -fpack-struct -fshort-enums -ffunction-sections -fdata-sections -std=gnu99 -funsigned-char -funsigned-bitfields -mmcu=atmega32 -DF_CPU=16000000UL -MMD -MP -MF"main.d" -MT"main.o" -c -o "main.o" "../main.c"
In file included from ../main.c:3:
c:/winavr-20100110/lib/gcc/../../avr/include/avr/delay.h:36:2: warning: #warning "This file has been moved to <util/delay.h>."
In file included from c:/winavr-20100110/lib/gcc/../../avr/include/avr/delay.h:37,
                 from ../main.c:3:
c:/winavr-20100110/lib/gcc/../../avr/include/util/delay.h:90:3: warning: #warning "Compiler optimizations disabled; functions from <util/delay.h> won't work as designed"
Finished building: ../main.c
 
Building target: Car_Parking_System.elf
Invoking: AVR C Linker
avr-gcc -Wl,-Map,Car_Parking_System.map -mmcu=atmega32 -o "Car_Parking_System.elf"  ./MCAL/gpio.o ./MCAL/icu.o  ./HAL/buzzer.o ./HAL/lcd.o ./HAL/led.o ./HAL/ultrasonic.o  ./main.o   
Finished building target: Car_Parking_System.elf
 
Invoking: AVR Create Extended Listing
avr-objdump -h -S Car_Parking_System.elf  >"Car_Parking_System.lss"
Finished building: Car_Parking_System.lss
 
Invoking: Print Size
avr-size --format=avr --mcu=atmega32 Car_Parking_System.elf
AVR Memory Usage
----------------
Device: atmega32

Program:   13382 bytes (40.8% Full)
(.text + .data + .bootloader)

Data:        292 bytes (14.3% Full)
(.data + .bss + .noinit)


Finished building: sizedummy
 
14:17:10 **** Incremental Build of configuration Debug for project Car_Parking_System ****
make all 
Building file: ../main.c
Invoking: AVR Compiler
avr-gcc -Wall -g2 -gstabs -O0 -fpack-struct -fshort-enums -ffunction-sections -fdata-sections -std=gnu99 -funsigned-char -funsigned-bitfields -mmcu=atmega32 -DF_CPU=16000000UL -MMD -MP -MF"main.d" -MT"main.o" -c -o "main.o" "../main.c"
In file included from ../main.c:3:
c:/winavr-20100110/lib/gcc/../../avr/include/avr/delay.h:36:2: warning: #warning "This file has been moved to <util/delay.h>."
In file included from c:/winavr-20100110/lib/gcc/../../avr/include/avr/delay.h:37,
                 from ../main.c:3:
c:/winavr-20100110/lib/gcc/../../avr/include/util/delay.h:90:3: warning: #warning "Compiler optimizations disabled; functions from <util/delay.h> won't work as designed"
Finished building: ../main.c
 
Building target: Car_Parking_System.elf
Invoking: AVR C Linker
avr-gcc -Wl,-Map,Car_Parking_System.map -mmcu=atmega32 -o "Car_Parking_System.elf"  ./MCAL/gpio.o ./MCAL/icu.o  ./HAL/buzzer.o ./HAL/lcd.o ./HAL/led.o ./HAL/ultrasonic.o  ./main.o   
Finished building target: Car_Parking_System.elf
 
Invoking: AVR Create Extended Listing
avr-objdump -h -S Car_Parking_System.elf  >"Car_Parking_System.lss"
Finished building: Car_Parking_System.lss
 
Invoking: Print Size
avr-size --format=avr --mcu=atmega32 Car_Parking_System.elf
AVR Memory Usage
----------------
Device: atmega32

Program:   13382 bytes (40.8% Full)
(.text + .data + .bootloader)

Data:        292 bytes (14.3% Full)
(.data + .bss + .noinit)


Finished building: sizedummy
 
14:17:22 **** Incremental Build of configuration Debug for project Car_Parking_System ****
make all 
Building file: ../main.c
Invoking: AVR Compiler
avr-gcc -Wall -g2 -gstabs -O0 -fpack-struct -fshort-enums -ffunction-sections -fdata-sections -std=gnu99 -funsigned-char -funsigned-bitfields -mmcu=atmega32 -DF_CPU=16000000UL -MMD -MP -MF"main.d" -MT"main.o" -c -o "main.o" "../main.c"
In file included from ../main.c:3:
c:/winavr-20100110/lib/gcc/../../avr/include/avr/delay.h:36:2: warning: #warning "This file has been moved to <util/delay.h>."
In file included from c:/winavr-20100110/lib/gcc/../../avr/include/avr/delay.h:37,
                 from ../main.c:3:
c:/winavr-20100110/lib/gcc/../../avr/include/util/delay.h:90:3: warning: #warning "Compiler optimizations disabled; functions from <util/delay.h> won't work as designed"
Finished building: ../main.c
 
Building target: Car_Parking_System.elf
Invoking: AVR C Linker
avr-gcc -Wl,-Map,Car_Parking_System.map -mmcu=atmega32 -o "Car_Parking_System.elf"  ./MCAL/gpio.o ./MCAL/icu.o  ./HAL/buzzer.o ./HAL/lcd.o ./HAL/led.o ./HAL/ultrasonic.o  ./main.o   
Finished building target: Car_Parking_System.elf
 
Invoking: AVR Create Extended Listing
avr-objdump -h -S Car_Parking_System.elf  >"Car_Parking_System.lss"
Finished building: Car_Parking_System.lss
 
Invoking: Print Size
avr-size --format=avr --mcu=atmega32 Car_Parking_System.elf
AVR Memory Usage
----------------
Device: atmega32

Program:   13382 bytes (40.8% Full)
(.text + .data + .bootloader)

Data:        292 bytes (14.3% Full)
(.data + .bss + .noinit)


Finished building: sizedummy
 
14:17:37 **** Incremental Build of configuration Debug for project Car_Parking_System ****
make all 
Building file: ../main.c
Invoking: AVR Compiler
avr-gcc -Wall -g2 -gstabs -O0 -fpack-struct -fshort-enums -ffunction-sections -fdata-sections -std=gnu99 -funsigned-char -funsigned-bitfields -mmcu=atmega32 -DF_CPU=16000000UL -MMD -MP -MF"main.d" -MT"main.o" -c -o "main.o" "../main.c"
In file included from ../main.c:3:
c:/winavr-20100110/lib/gcc/../../avr/include/avr/delay.h:36:2: warning: #warning "This file has been moved to <util/delay.h>."
In file included from c:/winavr-20100110/lib/gcc/../../avr/include/avr/delay.h:37,
                 from ../main.c:3:
c:/winavr-20100110/lib/gcc/../../avr/include/util/delay.h:90:3: warning: #warning "Compiler optimizations disabled; functions from <util/delay.h> won't work as designed"
Finished building: ../main.c
 
Building target: Car_Parking_System.elf
Invoking: AVR C Linker
avr-gcc -Wl,-Map,Car_Parking_System.map -mmcu=atmega32 -o "Car_Parking_System.elf"  ./MCAL/gpio.o ./MCAL/icu.o  ./HAL/buzzer.o ./HAL/lcd.o ./HAL/led.o ./HAL/ultrasonic.o  ./main.o   
Finished building target: Car_Parking_System.elf
 
Invoking: AVR Create Extended Listing
avr-objdump -h -S Car_Parking_System.elf  >"Car_Parking_System.lss"
Finished building: Car_Parking_System.lss
 
Invoking: Print Size
avr-size --format=avr --mcu=atmega32 Car_Parking_System.elf
AVR Memory Usage
----------------
Device: atmega32

Program:   13382 bytes (40.8% Full)
(.text + .data + .bootloader)

Data:        292 bytes (14.3% Full)
(.data + .bss + .noinit)


Finished building: sizedummy
 
14:17:50 **** Incremental Build of configuration Debug for project Car_Parking_System ****
make all 
Building file: ../main.c
Invoking: AVR Compiler
avr-gcc -Wall -g2 -gstabs -O0 -fpack-struct -fshort-enums -ffunction-sections -fdata-sections -std=gnu99 -funsigned-char -funsigned-bitfields -mmcu=atmega32 -DF_CPU=16000000UL -MMD -MP -MF"main.d" -MT"main.o" -c -o "main.o" "../main.c"
In file included from ../main.c:3:
c:/winavr-20100110/lib/gcc/../../avr/include/avr/delay.h:36:2: warning: #warning "This file has been moved to <util/delay.h>."
In file included from c:/winavr-20100110/lib/gcc/../../avr/include/avr/delay.h:37,
                 from ../main.c:3:
c:/winavr-20100110/lib/gcc/../../avr/include/util/delay.h:90:3: warning: #warning "Compiler optimizations disabled; functions from <util/delay.h> won't work as designed"
Finished building: ../main.c
 
Building target: Car_Parking_System.elf
Invoking: AVR C Linker
avr-gcc -Wl,-Map,Car_Parking_System.map -mmcu=atmega32 -o "Car_Parking_System.elf"  ./MCAL/gpio.o ./MCAL/icu.o  ./HAL/buzzer.o ./HAL/lcd.o ./HAL/led.o ./HAL/ultrasonic.o  ./main.o   
Finished building target: Car_Parking_System.elf
 
Invoking: AVR Create Extended Listing
avr-objdump -h -S Car_Parking_System.elf  >"Car_Parking_System.lss"
Finished building: Car_Parking_System.lss
 
Invoking: Print Size
avr-size --format=avr --mcu=atmega32 Car_Parking_System.elf
AVR Memory Usage
----------------
Device: atmega32

Program:   13382 bytes (40.8% Full)
(.text + .data + .bootloader)

Data:        292 bytes (14.3% Full)
(.data + .bss + .noinit)


Finished building: sizedummy
 
14:18:48 **** Incremental Build of configuration Debug for project Car_Parking_System ****
make all 
Building file: ../main.c
Invoking: AVR Compiler
avr-gcc -Wall -g2 -gstabs -O0 -fpack-struct -fshort-enums -ffunction-sections -fdata-sections -std=gnu99 -funsigned-char -funsigned-bitfields -mmcu=atmega32 -DF_CPU=16000000UL -MMD -MP -MF"main.d" -MT"main.o" -c -o "main.o" "../main.c"
In file included from ../main.c:3:
c:/winavr-20100110/lib/gcc/../../avr/include/avr/delay.h:36:2: warning: #warning "This file has been moved to <util/delay.h>."
In file included from c:/winavr-20100110/lib/gcc/../../avr/include/avr/delay.h:37,
                 from ../main.c:3:
c:/winavr-20100110/lib/gcc/../../avr/include/util/delay.h:90:3: warning: #warning "Compiler optimizations disabled; functions from <util/delay.h> won't work as designed"
Finished building: ../main.c
 
Building target: Car_Parking_System.elf
Invoking: AVR C Linker
avr-gcc -Wl,-Map,Car_Parking_System.map -mmcu=atmega32 -o "Car_Parking_System.elf"  ./MCAL/gpio.o ./MCAL/icu.o  ./HAL/buzzer.o ./HAL/lcd.o ./HAL/led.o ./HAL/ultrasonic.o  ./main.o   
Finished building target: Car_Parking_System.elf
 
Invoking: AVR Create Extended Listing
avr-objdump -h -S Car_Parking_System.elf  >"Car_Parking_System.lss"
Finished building: Car_Parking_System.lss
 
Invoking: Print Size
avr-size --format=avr --mcu=atmega32 Car_Parking_System.elf
AVR Memory Usage
----------------
Device: atmega32

Program:   13390 bytes (40.9% Full)
(.text + .data + .bootloader)

Data:        292 bytes (14.3% Full)
(.data + .bss + .noinit)


Finished building: sizedummy
 
14:19:15 **** Incremental Build of configuration Debug for project Car_Parking_System ****
make all 
Building file: ../main.c
Invoking: AVR Compiler
avr-gcc -Wall -g2 -gstabs -O0 -fpack-struct -fshort-enums -ffunction-sections -fdata-sections -std=gnu99 -funsigned-char -funsigned-bitfields -mmcu=atmega32 -DF_CPU=16000000UL -MMD -MP -MF"main.d" -MT"main.o" -c -o "main.o" "../main.c"
In file included from ../main.c:3:
c:/winavr-20100110/lib/gcc/../../avr/include/avr/delay.h:36:2: warning: #warning "This file has been moved to <util/delay.h>."
In file included from c:/winavr-20100110/lib/gcc/../../avr/include/avr/delay.h:37,
                 from ../main.c:3:
c:/winavr-20100110/lib/gcc/../../avr/include/util/delay.h:90:3: warning: #warning "Compiler optimizations disabled; functions from <util/delay.h> won't work as designed"
Finished building: ../main.c
 
Building target: Car_Parking_System.elf
Invoking: AVR C Linker
avr-gcc -Wl,-Map,Car_Parking_System.map -mmcu=atmega32 -o "Car_Parking_System.elf"  ./MCAL/gpio.o ./MCAL/icu.o  ./HAL/buzzer.o ./HAL/lcd.o ./HAL/led.o ./HAL/ultrasonic.o  ./main.o   
Finished building target: Car_Parking_System.elf
 
Invoking: AVR Create Extended Listing
avr-objdump -h -S Car_Parking_System.elf  >"Car_Parking_System.lss"
Finished building: Car_Parking_System.lss
 
Invoking: Print Size
avr-size --format=avr --mcu=atmega32 Car_Parking_System.elf
AVR Memory Usage
----------------
Device: atmega32

Program:   13398 bytes (40.9% Full)
(.text + .data + .bootloader)

Data:        292 bytes (14.3% Full)
(.data + .bss + .noinit)


Finished building: sizedummy
 
14:20:14 **** Incremental Build of configuration Debug for project Car_Parking_System ****
make all 
Building file: ../main.c
Invoking: AVR Compiler
avr-gcc -Wall -g2 -gstabs -O0 -fpack-struct -fshort-enums -ffunction-sections -fdata-sections -std=gnu99 -funsigned-char -funsigned-bitfields -mmcu=atmega32 -DF_CPU=16000000UL -MMD -MP -MF"main.d" -MT"main.o" -c -o "main.o" "../main.c"
In file included from ../main.c:3:
c:/winavr-20100110/lib/gcc/../../avr/include/avr/delay.h:36:2: warning: #warning "This file has been moved to <util/delay.h>."
In file included from c:/winavr-20100110/lib/gcc/../../avr/include/avr/delay.h:37,
                 from ../main.c:3:
c:/winavr-20100110/lib/gcc/../../avr/include/util/delay.h:90:3: warning: #warning "Compiler optimizations disabled; functions from <util/delay.h> won't work as designed"
Finished building: ../main.c
 
Building target: Car_Parking_System.elf
Invoking: AVR C Linker
avr-gcc -Wl,-Map,Car_Parking_System.map -mmcu=atmega32 -o "Car_Parking_System.elf"  ./MCAL/gpio.o ./MCAL/icu.o  ./HAL/buzzer.o ./HAL/lcd.o ./HAL/led.o ./HAL/ultrasonic.o  ./main.o   
Finished building target: Car_Parking_System.elf
 
Invoking: AVR Create Extended Listing
avr-objdump -h -S Car_Parking_System.elf  >"Car_Parking_System.lss"
Finished building: Car_Parking_System.lss
 
Invoking: Print Size
avr-size --format=avr --mcu=atmega32 Car_Parking_System.elf
AVR Memory Usage
----------------
Device: atmega32

Program:   13396 bytes (40.9% Full)
(.text + .data + .bootloader)

Data:        292 bytes (14.3% Full)
(.data + .bss + .noinit)


Finished building: sizedummy
 
14:20:26 **** Incremental Build of configuration Debug for project Car_Parking_System ****
make all 
Invoking: Print Size
avr-size --format=avr --mcu=atmega32 Car_Parking_System.elf
AVR Memory Usage
----------------
Device: atmega32

Program:   13396 bytes (40.9% Full)
(.text + .data + .bootloader)

Data:        292 bytes (14.3% Full)
(.data + .bss + .noinit)


Finished building: sizedummy
 
14:20:46 **** Incremental Build of configuration Debug for project Car_Parking_System ****
make all 
Building file: ../main.c
Invoking: AVR Compiler
avr-gcc -Wall -g2 -gstabs -O0 -fpack-struct -fshort-enums -ffunction-sections -fdata-sections -std=gnu99 -funsigned-char -funsigned-bitfields -mmcu=atmega32 -DF_CPU=16000000UL -MMD -MP -MF"main.d" -MT"main.o" -c -o "main.o" "../main.c"
In file included from ../main.c:3:
c:/winavr-20100110/lib/gcc/../../avr/include/avr/delay.h:36:2: warning: #warning "This file has been moved to <util/delay.h>."
In file included from c:/winavr-20100110/lib/gcc/../../avr/include/avr/delay.h:37,
                 from ../main.c:3:
c:/winavr-20100110/lib/gcc/../../avr/include/util/delay.h:90:3: warning: #warning "Compiler optimizations disabled; functions from <util/delay.h> won't work as designed"
../main.c: In function 'main':
../main.c:116: error: 'sensorReading' undeclared (first use in this function)
../main.c:116: error: (Each undeclared identifier is reported only once
../main.c:116: error: for each function it appears in.)
make: *** [main.o] Error 1
"make all" terminated with exit code 2. Build might be incomplete.
14:20:55 **** Incremental Build of configuration Debug for project Car_Parking_System ****
make all 
Building file: ../main.c
Invoking: AVR Compiler
avr-gcc -Wall -g2 -gstabs -O0 -fpack-struct -fshort-enums -ffunction-sections -fdata-sections -std=gnu99 -funsigned-char -funsigned-bitfields -mmcu=atmega32 -DF_CPU=16000000UL -MMD -MP -MF"main.d" -MT"main.o" -c -o "main.o" "../main.c"
In file included from ../main.c:3:
c:/winavr-20100110/lib/gcc/../../avr/include/avr/delay.h:36:2: warning: #warning "This file has been moved to <util/delay.h>."
In file included from c:/winavr-20100110/lib/gcc/../../avr/include/avr/delay.h:37,
                 from ../main.c:3:
c:/winavr-20100110/lib/gcc/../../avr/include/util/delay.h:90:3: warning: #warning "Compiler optimizations disabled; functions from <util/delay.h> won't work as designed"
Finished building: ../main.c
 
Building target: Car_Parking_System.elf
Invoking: AVR C Linker
avr-gcc -Wl,-Map,Car_Parking_System.map -mmcu=atmega32 -o "Car_Parking_System.elf"  ./MCAL/gpio.o ./MCAL/icu.o  ./HAL/buzzer.o ./HAL/lcd.o ./HAL/led.o ./HAL/ultrasonic.o  ./main.o   
Finished building target: Car_Parking_System.elf
 
Invoking: AVR Create Extended Listing
avr-objdump -h -S Car_Parking_System.elf  >"Car_Parking_System.lss"
Finished building: Car_Parking_System.lss
 
Invoking: Print Size
avr-size --format=avr --mcu=atmega32 Car_Parking_System.elf
AVR Memory Usage
----------------
Device: atmega32

Program:   13388 bytes (40.9% Full)
(.text + .data + .bootloader)

Data:        292 bytes (14.3% Full)
(.data + .bss + .noinit)


Finished building: sizedummy
 
14:21:38 **** Incremental Build of configuration Debug for project Car_Parking_System ****
make all 
Building file: ../main.c
Invoking: AVR Compiler
avr-gcc -Wall -g2 -gstabs -O0 -fpack-struct -fshort-enums -ffunction-sections -fdata-sections -std=gnu99 -funsigned-char -funsigned-bitfields -mmcu=atmega32 -DF_CPU=16000000UL -MMD -MP -MF"main.d" -MT"main.o" -c -o "main.o" "../main.c"
In file included from ../main.c:3:
c:/winavr-20100110/lib/gcc/../../avr/include/avr/delay.h:36:2: warning: #warning "This file has been moved to <util/delay.h>."
In file included from c:/winavr-20100110/lib/gcc/../../avr/include/avr/delay.h:37,
                 from ../main.c:3:
c:/winavr-20100110/lib/gcc/../../avr/include/util/delay.h:90:3: warning: #warning "Compiler optimizations disabled; functions from <util/delay.h> won't work as designed"
Finished building: ../main.c
 
Building target: Car_Parking_System.elf
Invoking: AVR C Linker
avr-gcc -Wl,-Map,Car_Parking_System.map -mmcu=atmega32 -o "Car_Parking_System.elf"  ./MCAL/gpio.o ./MCAL/icu.o  ./HAL/buzzer.o ./HAL/lcd.o ./HAL/led.o ./HAL/ultrasonic.o  ./main.o   
Finished building target: Car_Parking_System.elf
 
Invoking: AVR Create Extended Listing
avr-objdump -h -S Car_Parking_System.elf  >"Car_Parking_System.lss"
Finished building: Car_Parking_System.lss
 
Invoking: Print Size
avr-size --format=avr --mcu=atmega32 Car_Parking_System.elf
AVR Memory Usage
----------------
Device: atmega32

Program:   13396 bytes (40.9% Full)
(.text + .data + .bootloader)

Data:        292 bytes (14.3% Full)
(.data + .bss + .noinit)


Finished building: sizedummy
 
14:34:53 **** Incremental Build of configuration Debug for project Car_Parking_System ****
make all 
Building file: ../main.c
Invoking: AVR Compiler
avr-gcc -Wall -g2 -gstabs -O0 -fpack-struct -fshort-enums -ffunction-sections -fdata-sections -std=gnu99 -funsigned-char -funsigned-bitfields -mmcu=atmega32 -DF_CPU=16000000UL -MMD -MP -MF"main.d" -MT"main.o" -c -o "main.o" "../main.c"
In file included from ../main.c:3:
c:/winavr-20100110/lib/gcc/../../avr/include/avr/delay.h:36:2: warning: #warning "This file has been moved to <util/delay.h>."
In file included from c:/winavr-20100110/lib/gcc/../../avr/include/avr/delay.h:37,
                 from ../main.c:3:
c:/winavr-20100110/lib/gcc/../../avr/include/util/delay.h:90:3: warning: #warning "Compiler optimizations disabled; functions from <util/delay.h> won't work as designed"
Finished building: ../main.c
 
Building target: Car_Parking_System.elf
Invoking: AVR C Linker
avr-gcc -Wl,-Map,Car_Parking_System.map -mmcu=atmega32 -o "Car_Parking_System.elf"  ./MCAL/gpio.o ./MCAL/icu.o  ./HAL/buzzer.o ./HAL/lcd.o ./HAL/led.o ./HAL/ultrasonic.o  ./main.o   
Finished building target: Car_Parking_System.elf
 
Invoking: AVR Create Extended Listing
avr-objdump -h -S Car_Parking_System.elf  >"Car_Parking_System.lss"
Finished building: Car_Parking_System.lss
 
Invoking: Print Size
avr-size --format=avr --mcu=atmega32 Car_Parking_System.elf
AVR Memory Usage
----------------
Device: atmega32

Program:   13454 bytes (41.1% Full)
(.text + .data + .bootloader)

Data:        292 bytes (14.3% Full)
(.data + .bss + .noinit)


Finished building: sizedummy
 
14:39:45 **** Incremental Build of configuration Debug for project Car_Parking_System ****
make all 
Building file: ../main.c
Invoking: AVR Compiler
avr-gcc -Wall -g2 -gstabs -O0 -fpack-struct -fshort-enums -ffunction-sections -fdata-sections -std=gnu99 -funsigned-char -funsigned-bitfields -mmcu=atmega32 -DF_CPU=16000000UL -MMD -MP -MF"main.d" -MT"main.o" -c -o "main.o" "../main.c"
In file included from ../main.c:3:
c:/winavr-20100110/lib/gcc/../../avr/include/avr/delay.h:36:2: warning: #warning "This file has been moved to <util/delay.h>."
In file included from c:/winavr-20100110/lib/gcc/../../avr/include/avr/delay.h:37,
                 from ../main.c:3:
c:/winavr-20100110/lib/gcc/../../avr/include/util/delay.h:90:3: warning: #warning "Compiler optimizations disabled; functions from <util/delay.h> won't work as designed"
Finished building: ../main.c
 
Building target: Car_Parking_System.elf
Invoking: AVR C Linker
avr-gcc -Wl,-Map,Car_Parking_System.map -mmcu=atmega32 -o "Car_Parking_System.elf"  ./MCAL/gpio.o ./MCAL/icu.o  ./HAL/buzzer.o ./HAL/lcd.o ./HAL/led.o ./HAL/ultrasonic.o  ./main.o   
Finished building target: Car_Parking_System.elf
 
Invoking: AVR Create Extended Listing
avr-objdump -h -S Car_Parking_System.elf  >"Car_Parking_System.lss"
Finished building: Car_Parking_System.lss
 
Invoking: Print Size
avr-size --format=avr --mcu=atmega32 Car_Parking_System.elf
AVR Memory Usage
----------------
Device: atmega32

Program:   13386 bytes (40.9% Full)
(.text + .data + .bootloader)

Data:        292 bytes (14.3% Full)
(.data + .bss + .noinit)


Finished building: sizedummy
 
14:40:46 **** Incremental Build of configuration Debug for project Car_Parking_System ****
make all 
Building file: ../main.c
Invoking: AVR Compiler
avr-gcc -Wall -g2 -gstabs -O0 -fpack-struct -fshort-enums -ffunction-sections -fdata-sections -std=gnu99 -funsigned-char -funsigned-bitfields -mmcu=atmega32 -DF_CPU=16000000UL -MMD -MP -MF"main.d" -MT"main.o" -c -o "main.o" "../main.c"
In file included from ../main.c:3:
c:/winavr-20100110/lib/gcc/../../avr/include/avr/delay.h:36:2: warning: #warning "This file has been moved to <util/delay.h>."
In file included from c:/winavr-20100110/lib/gcc/../../avr/include/avr/delay.h:37,
                 from ../main.c:3:
c:/winavr-20100110/lib/gcc/../../avr/include/util/delay.h:90:3: warning: #warning "Compiler optimizations disabled; functions from <util/delay.h> won't work as designed"
Finished building: ../main.c
 
Building target: Car_Parking_System.elf
Invoking: AVR C Linker
avr-gcc -Wl,-Map,Car_Parking_System.map -mmcu=atmega32 -o "Car_Parking_System.elf"  ./MCAL/gpio.o ./MCAL/icu.o  ./HAL/buzzer.o ./HAL/lcd.o ./HAL/led.o ./HAL/ultrasonic.o  ./main.o   
Finished building target: Car_Parking_System.elf
 
Invoking: AVR Create Extended Listing
avr-objdump -h -S Car_Parking_System.elf  >"Car_Parking_System.lss"
Finished building: Car_Parking_System.lss
 
Invoking: Print Size
avr-size --format=avr --mcu=atmega32 Car_Parking_System.elf
AVR Memory Usage
----------------
Device: atmega32

Program:   13386 bytes (40.9% Full)
(.text + .data + .bootloader)

Data:        292 bytes (14.3% Full)
(.data + .bss + .noinit)


Finished building: sizedummy
 
14:40:53 **** Incremental Build of configuration Debug for project Car_Parking_System ****
make all 
Invoking: Print Size
avr-size --format=avr --mcu=atmega32 Car_Parking_System.elf
AVR Memory Usage
----------------
Device: atmega32

Program:   13386 bytes (40.9% Full)
(.text + .data + .bootloader)

Data:        292 bytes (14.3% Full)
(.data + .bss + .noinit)


Finished building: sizedummy
 
14:41:08 **** Incremental Build of configuration Debug for project Car_Parking_System ****
make all 
Building file: ../main.c
Invoking: AVR Compiler
avr-gcc -Wall -g2 -gstabs -O0 -fpack-struct -fshort-enums -ffunction-sections -fdata-sections -std=gnu99 -funsigned-char -funsigned-bitfields -mmcu=atmega32 -DF_CPU=16000000UL -MMD -MP -MF"main.d" -MT"main.o" -c -o "main.o" "../main.c"
In file included from ../main.c:3:
c:/winavr-20100110/lib/gcc/../../avr/include/avr/delay.h:36:2: warning: #warning "This file has been moved to <util/delay.h>."
In file included from c:/winavr-20100110/lib/gcc/../../avr/include/avr/delay.h:37,
                 from ../main.c:3:
c:/winavr-20100110/lib/gcc/../../avr/include/util/delay.h:90:3: warning: #warning "Compiler optimizations disabled; functions from <util/delay.h> won't work as designed"
Finished building: ../main.c
 
Building target: Car_Parking_System.elf
Invoking: AVR C Linker
avr-gcc -Wl,-Map,Car_Parking_System.map -mmcu=atmega32 -o "Car_Parking_System.elf"  ./MCAL/gpio.o ./MCAL/icu.o  ./HAL/buzzer.o ./HAL/lcd.o ./HAL/led.o ./HAL/ultrasonic.o  ./main.o   
Finished building target: Car_Parking_System.elf
 
Invoking: AVR Create Extended Listing
avr-objdump -h -S Car_Parking_System.elf  >"Car_Parking_System.lss"
Finished building: Car_Parking_System.lss
 
Invoking: Print Size
avr-size --format=avr --mcu=atmega32 Car_Parking_System.elf
AVR Memory Usage
----------------
Device: atmega32

Program:   13386 bytes (40.9% Full)
(.text + .data + .bootloader)

Data:        292 bytes (14.3% Full)
(.data + .bss + .noinit)


Finished building: sizedummy
 
14:41:43 **** Incremental Build of configuration Debug for project Car_Parking_System ****
make all 
Building file: ../main.c
Invoking: AVR Compiler
avr-gcc -Wall -g2 -gstabs -O0 -fpack-struct -fshort-enums -ffunction-sections -fdata-sections -std=gnu99 -funsigned-char -funsigned-bitfields -mmcu=atmega32 -DF_CPU=16000000UL -MMD -MP -MF"main.d" -MT"main.o" -c -o "main.o" "../main.c"
In file included from ../main.c:3:
c:/winavr-20100110/lib/gcc/../../avr/include/avr/delay.h:36:2: warning: #warning "This file has been moved to <util/delay.h>."
In file included from c:/winavr-20100110/lib/gcc/../../avr/include/avr/delay.h:37,
                 from ../main.c:3:
c:/winavr-20100110/lib/gcc/../../avr/include/util/delay.h:90:3: warning: #warning "Compiler optimizations disabled; functions from <util/delay.h> won't work as designed"
Finished building: ../main.c
 
Building target: Car_Parking_System.elf
Invoking: AVR C Linker
avr-gcc -Wl,-Map,Car_Parking_System.map -mmcu=atmega32 -o "Car_Parking_System.elf"  ./MCAL/gpio.o ./MCAL/icu.o  ./HAL/buzzer.o ./HAL/lcd.o ./HAL/led.o ./HAL/ultrasonic.o  ./main.o   
Finished building target: Car_Parking_System.elf
 
Invoking: AVR Create Extended Listing
avr-objdump -h -S Car_Parking_System.elf  >"Car_Parking_System.lss"
Finished building: Car_Parking_System.lss
 
Invoking: Print Size
avr-size --format=avr --mcu=atmega32 Car_Parking_System.elf
AVR Memory Usage
----------------
Device: atmega32

Program:   13386 bytes (40.9% Full)
(.text + .data + .bootloader)

Data:        292 bytes (14.3% Full)
(.data + .bss + .noinit)


Finished building: sizedummy
 
14:42:47 **** Incremental Build of configuration Debug for project Car_Parking_System ****
make all 
Building file: ../main.c
Invoking: AVR Compiler
avr-gcc -Wall -g2 -gstabs -O0 -fpack-struct -fshort-enums -ffunction-sections -fdata-sections -std=gnu99 -funsigned-char -funsigned-bitfields -mmcu=atmega32 -DF_CPU=16000000UL -MMD -MP -MF"main.d" -MT"main.o" -c -o "main.o" "../main.c"
In file included from ../main.c:3:
c:/winavr-20100110/lib/gcc/../../avr/include/avr/delay.h:36:2: warning: #warning "This file has been moved to <util/delay.h>."
In file included from c:/winavr-20100110/lib/gcc/../../avr/include/avr/delay.h:37,
                 from ../main.c:3:
c:/winavr-20100110/lib/gcc/../../avr/include/util/delay.h:90:3: warning: #warning "Compiler optimizations disabled; functions from <util/delay.h> won't work as designed"
Finished building: ../main.c
 
Building target: Car_Parking_System.elf
Invoking: AVR C Linker
avr-gcc -Wl,-Map,Car_Parking_System.map -mmcu=atmega32 -o "Car_Parking_System.elf"  ./MCAL/gpio.o ./MCAL/icu.o  ./HAL/buzzer.o ./HAL/lcd.o ./HAL/led.o ./HAL/ultrasonic.o  ./main.o   
Finished building target: Car_Parking_System.elf
 
Invoking: AVR Create Extended Listing
avr-objdump -h -S Car_Parking_System.elf  >"Car_Parking_System.lss"
Finished building: Car_Parking_System.lss
 
Invoking: Print Size
avr-size --format=avr --mcu=atmega32 Car_Parking_System.elf
AVR Memory Usage
----------------
Device: atmega32

Program:   13396 bytes (40.9% Full)
(.text + .data + .bootloader)

Data:        292 bytes (14.3% Full)
(.data + .bss + .noinit)


Finished building: sizedummy
 
14:43:08 **** Incremental Build of configuration Debug for project Car_Parking_System ****
make all 
Building file: ../main.c
Invoking: AVR Compiler
avr-gcc -Wall -g2 -gstabs -O0 -fpack-struct -fshort-enums -ffunction-sections -fdata-sections -std=gnu99 -funsigned-char -funsigned-bitfields -mmcu=atmega32 -DF_CPU=16000000UL -MMD -MP -MF"main.d" -MT"main.o" -c -o "main.o" "../main.c"
In file included from ../main.c:3:
c:/winavr-20100110/lib/gcc/../../avr/include/avr/delay.h:36:2: warning: #warning "This file has been moved to <util/delay.h>."
In file included from c:/winavr-20100110/lib/gcc/../../avr/include/avr/delay.h:37,
                 from ../main.c:3:
c:/winavr-20100110/lib/gcc/../../avr/include/util/delay.h:90:3: warning: #warning "Compiler optimizations disabled; functions from <util/delay.h> won't work as designed"
Finished building: ../main.c
 
Building target: Car_Parking_System.elf
Invoking: AVR C Linker
avr-gcc -Wl,-Map,Car_Parking_System.map -mmcu=atmega32 -o "Car_Parking_System.elf"  ./MCAL/gpio.o ./MCAL/icu.o  ./HAL/buzzer.o ./HAL/lcd.o ./HAL/led.o ./HAL/ultrasonic.o  ./main.o   
Finished building target: Car_Parking_System.elf
 
Invoking: AVR Create Extended Listing
avr-objdump -h -S Car_Parking_System.elf  >"Car_Parking_System.lss"
Finished building: Car_Parking_System.lss
 
Invoking: Print Size
avr-size --format=avr --mcu=atmega32 Car_Parking_System.elf
AVR Memory Usage
----------------
Device: atmega32

Program:   13404 bytes (40.9% Full)
(.text + .data + .bootloader)

Data:        292 bytes (14.3% Full)
(.data + .bss + .noinit)


Finished building: sizedummy
 
14:44:22 **** Incremental Build of configuration Debug for project Car_Parking_System ****
make all 
Invoking: Print Size
avr-size --format=avr --mcu=atmega32 Car_Parking_System.elf
AVR Memory Usage
----------------
Device: atmega32

Program:   13404 bytes (40.9% Full)
(.text + .data + .bootloader)

Data:        292 bytes (14.3% Full)
(.data + .bss + .noinit)


Finished building: sizedummy
 
14:49:53 **** Incremental Build of configuration Debug for project Car_Parking_System ****
make all 
Building file: ../main.c
Invoking: AVR Compiler
avr-gcc -Wall -g2 -gstabs -O0 -fpack-struct -fshort-enums -ffunction-sections -fdata-sections -std=gnu99 -funsigned-char -funsigned-bitfields -mmcu=atmega32 -DF_CPU=16000000UL -MMD -MP -MF"main.d" -MT"main.o" -c -o "main.o" "../main.c"
In file included from ../main.c:3:
c:/winavr-20100110/lib/gcc/../../avr/include/avr/delay.h:36:2: warning: #warning "This file has been moved to <util/delay.h>."
In file included from c:/winavr-20100110/lib/gcc/../../avr/include/avr/delay.h:37,
                 from ../main.c:3:
c:/winavr-20100110/lib/gcc/../../avr/include/util/delay.h:90:3: warning: #warning "Compiler optimizations disabled; functions from <util/delay.h> won't work as designed"
Finished building: ../main.c
 
Building target: Car_Parking_System.elf
Invoking: AVR C Linker
avr-gcc -Wl,-Map,Car_Parking_System.map -mmcu=atmega32 -o "Car_Parking_System.elf"  ./MCAL/gpio.o ./MCAL/icu.o  ./HAL/buzzer.o ./HAL/lcd.o ./HAL/led.o ./HAL/ultrasonic.o  ./main.o   
Finished building target: Car_Parking_System.elf
 
Invoking: AVR Create Extended Listing
avr-objdump -h -S Car_Parking_System.elf  >"Car_Parking_System.lss"
Finished building: Car_Parking_System.lss
 
Invoking: Print Size
avr-size --format=avr --mcu=atmega32 Car_Parking_System.elf
AVR Memory Usage
----------------
Device: atmega32

Program:   13416 bytes (40.9% Full)
(.text + .data + .bootloader)

Data:        296 bytes (14.5% Full)
(.data + .bss + .noinit)


Finished building: sizedummy
 
14:52:27 **** Incremental Build of configuration Debug for project Car_Parking_System ****
make all 
Building file: ../main.c
Invoking: AVR Compiler
avr-gcc -Wall -g2 -gstabs -O0 -fpack-struct -fshort-enums -ffunction-sections -fdata-sections -std=gnu99 -funsigned-char -funsigned-bitfields -mmcu=atmega32 -DF_CPU=16000000UL -MMD -MP -MF"main.d" -MT"main.o" -c -o "main.o" "../main.c"
In file included from ../main.c:3:
c:/winavr-20100110/lib/gcc/../../avr/include/avr/delay.h:36:2: warning: #warning "This file has been moved to <util/delay.h>."
In file included from c:/winavr-20100110/lib/gcc/../../avr/include/avr/delay.h:37,
                 from ../main.c:3:
c:/winavr-20100110/lib/gcc/../../avr/include/util/delay.h:90:3: warning: #warning "Compiler optimizations disabled; functions from <util/delay.h> won't work as designed"
Finished building: ../main.c
 
Building target: Car_Parking_System.elf
Invoking: AVR C Linker
avr-gcc -Wl,-Map,Car_Parking_System.map -mmcu=atmega32 -o "Car_Parking_System.elf"  ./MCAL/gpio.o ./MCAL/icu.o  ./HAL/buzzer.o ./HAL/lcd.o ./HAL/led.o ./HAL/ultrasonic.o  ./main.o   
Finished building target: Car_Parking_System.elf
 
Invoking: AVR Create Extended Listing
avr-objdump -h -S Car_Parking_System.elf  >"Car_Parking_System.lss"
Finished building: Car_Parking_System.lss
 
Invoking: Print Size
avr-size --format=avr --mcu=atmega32 Car_Parking_System.elf
AVR Memory Usage
----------------
Device: atmega32

Program:   13448 bytes (41.0% Full)
(.text + .data + .bootloader)

Data:        296 bytes (14.5% Full)
(.data + .bss + .noinit)


Finished building: sizedummy
 
14:53:47 **** Incremental Build of configuration Debug for project Car_Parking_System ****
make all 
Invoking: Print Size
avr-size --format=avr --mcu=atmega32 Car_Parking_System.elf
AVR Memory Usage
----------------
Device: atmega32

Program:   13448 bytes (41.0% Full)
(.text + .data + .bootloader)

Data:        296 bytes (14.5% Full)
(.data + .bss + .noinit)


Finished building: sizedummy
 
14:54:21 **** Incremental Build of configuration Debug for project Car_Parking_System ****
make all 
Building file: ../main.c
Invoking: AVR Compiler
avr-gcc -Wall -g2 -gstabs -O0 -fpack-struct -fshort-enums -ffunction-sections -fdata-sections -std=gnu99 -funsigned-char -funsigned-bitfields -mmcu=atmega32 -DF_CPU=16000000UL -MMD -MP -MF"main.d" -MT"main.o" -c -o "main.o" "../main.c"
In file included from ../main.c:3:
c:/winavr-20100110/lib/gcc/../../avr/include/avr/delay.h:36:2: warning: #warning "This file has been moved to <util/delay.h>."
In file included from c:/winavr-20100110/lib/gcc/../../avr/include/avr/delay.h:37,
                 from ../main.c:3:
c:/winavr-20100110/lib/gcc/../../avr/include/util/delay.h:90:3: warning: #warning "Compiler optimizations disabled; functions from <util/delay.h> won't work as designed"
Finished building: ../main.c
 
Building target: Car_Parking_System.elf
Invoking: AVR C Linker
avr-gcc -Wl,-Map,Car_Parking_System.map -mmcu=atmega32 -o "Car_Parking_System.elf"  ./MCAL/gpio.o ./MCAL/icu.o  ./HAL/buzzer.o ./HAL/lcd.o ./HAL/led.o ./HAL/ultrasonic.o  ./main.o   
Finished building target: Car_Parking_System.elf
 
Invoking: AVR Create Extended Listing
avr-objdump -h -S Car_Parking_System.elf  >"Car_Parking_System.lss"
Finished building: Car_Parking_System.lss
 
Invoking: Print Size
avr-size --format=avr --mcu=atmega32 Car_Parking_System.elf
AVR Memory Usage
----------------
Device: atmega32

Program:   13418 bytes (40.9% Full)
(.text + .data + .bootloader)

Data:        296 bytes (14.5% Full)
(.data + .bss + .noinit)


Finished building: sizedummy
 
14:54:47 **** Incremental Build of configuration Debug for project Car_Parking_System ****
make all 
Building file: ../main.c
Invoking: AVR Compiler
avr-gcc -Wall -g2 -gstabs -O0 -fpack-struct -fshort-enums -ffunction-sections -fdata-sections -std=gnu99 -funsigned-char -funsigned-bitfields -mmcu=atmega32 -DF_CPU=16000000UL -MMD -MP -MF"main.d" -MT"main.o" -c -o "main.o" "../main.c"
In file included from ../main.c:3:
c:/winavr-20100110/lib/gcc/../../avr/include/avr/delay.h:36:2: warning: #warning "This file has been moved to <util/delay.h>."
In file included from c:/winavr-20100110/lib/gcc/../../avr/include/avr/delay.h:37,
                 from ../main.c:3:
c:/winavr-20100110/lib/gcc/../../avr/include/util/delay.h:90:3: warning: #warning "Compiler optimizations disabled; functions from <util/delay.h> won't work as designed"
Finished building: ../main.c
 
Building target: Car_Parking_System.elf
Invoking: AVR C Linker
avr-gcc -Wl,-Map,Car_Parking_System.map -mmcu=atmega32 -o "Car_Parking_System.elf"  ./MCAL/gpio.o ./MCAL/icu.o  ./HAL/buzzer.o ./HAL/lcd.o ./HAL/led.o ./HAL/ultrasonic.o  ./main.o   
Finished building target: Car_Parking_System.elf
 
Invoking: AVR Create Extended Listing
avr-objdump -h -S Car_Parking_System.elf  >"Car_Parking_System.lss"
Finished building: Car_Parking_System.lss
 
Invoking: Print Size
avr-size --format=avr --mcu=atmega32 Car_Parking_System.elf
AVR Memory Usage
----------------
Device: atmega32

Program:   13418 bytes (40.9% Full)
(.text + .data + .bootloader)

Data:        296 bytes (14.5% Full)
(.data + .bss + .noinit)


Finished building: sizedummy
 
14:55:13 **** Incremental Build of configuration Debug for project Car_Parking_System ****
make all 
Building file: ../main.c
Invoking: AVR Compiler
avr-gcc -Wall -g2 -gstabs -O0 -fpack-struct -fshort-enums -ffunction-sections -fdata-sections -std=gnu99 -funsigned-char -funsigned-bitfields -mmcu=atmega32 -DF_CPU=16000000UL -MMD -MP -MF"main.d" -MT"main.o" -c -o "main.o" "../main.c"
In file included from ../main.c:3:
c:/winavr-20100110/lib/gcc/../../avr/include/avr/delay.h:36:2: warning: #warning "This file has been moved to <util/delay.h>."
In file included from c:/winavr-20100110/lib/gcc/../../avr/include/avr/delay.h:37,
                 from ../main.c:3:
c:/winavr-20100110/lib/gcc/../../avr/include/util/delay.h:90:3: warning: #warning "Compiler optimizations disabled; functions from <util/delay.h> won't work as designed"
Finished building: ../main.c
 
Building target: Car_Parking_System.elf
Invoking: AVR C Linker
avr-gcc -Wl,-Map,Car_Parking_System.map -mmcu=atmega32 -o "Car_Parking_System.elf"  ./MCAL/gpio.o ./MCAL/icu.o  ./HAL/buzzer.o ./HAL/lcd.o ./HAL/led.o ./HAL/ultrasonic.o  ./main.o   
Finished building target: Car_Parking_System.elf
 
Invoking: AVR Create Extended Listing
avr-objdump -h -S Car_Parking_System.elf  >"Car_Parking_System.lss"
Finished building: Car_Parking_System.lss
 
Invoking: Print Size
avr-size --format=avr --mcu=atmega32 Car_Parking_System.elf
AVR Memory Usage
----------------
Device: atmega32

Program:   13418 bytes (40.9% Full)
(.text + .data + .bootloader)

Data:        296 bytes (14.5% Full)
(.data + .bss + .noinit)


Finished building: sizedummy
 
14:56:42 **** Incremental Build of configuration Debug for project Car_Parking_System ****
make all 
Building file: ../main.c
Invoking: AVR Compiler
avr-gcc -Wall -g2 -gstabs -O0 -fpack-struct -fshort-enums -ffunction-sections -fdata-sections -std=gnu99 -funsigned-char -funsigned-bitfields -mmcu=atmega32 -DF_CPU=16000000UL -MMD -MP -MF"main.d" -MT"main.o" -c -o "main.o" "../main.c"
In file included from ../main.c:3:
c:/winavr-20100110/lib/gcc/../../avr/include/avr/delay.h:36:2: warning: #warning "This file has been moved to <util/delay.h>."
In file included from c:/winavr-20100110/lib/gcc/../../avr/include/avr/delay.h:37,
                 from ../main.c:3:
c:/winavr-20100110/lib/gcc/../../avr/include/util/delay.h:90:3: warning: #warning "Compiler optimizations disabled; functions from <util/delay.h> won't work as designed"
Finished building: ../main.c
 
Building target: Car_Parking_System.elf
Invoking: AVR C Linker
avr-gcc -Wl,-Map,Car_Parking_System.map -mmcu=atmega32 -o "Car_Parking_System.elf"  ./MCAL/gpio.o ./MCAL/icu.o  ./HAL/buzzer.o ./HAL/lcd.o ./HAL/led.o ./HAL/ultrasonic.o  ./main.o   
Finished building target: Car_Parking_System.elf
 
Invoking: AVR Create Extended Listing
avr-objdump -h -S Car_Parking_System.elf  >"Car_Parking_System.lss"
Finished building: Car_Parking_System.lss
 
Invoking: Print Size
avr-size --format=avr --mcu=atmega32 Car_Parking_System.elf
AVR Memory Usage
----------------
Device: atmega32

Program:   13436 bytes (41.0% Full)
(.text + .data + .bootloader)

Data:        296 bytes (14.5% Full)
(.data + .bss + .noinit)


Finished building: sizedummy
 
15:09:06 **** Incremental Build of configuration Debug for project Car_Parking_System ****
make all 
Building file: ../MCAL/icu.c
Invoking: AVR Compiler
avr-gcc -Wall -g2 -gstabs -O0 -fpack-struct -fshort-enums -ffunction-sections -fdata-sections -std=gnu99 -funsigned-char -funsigned-bitfields -mmcu=atmega32 -DF_CPU=16000000UL -MMD -MP -MF"MCAL/icu.d" -MT"MCAL/icu.o" -c -o "MCAL/icu.o" "../MCAL/icu.c"
Finished building: ../MCAL/icu.c
 
Building target: Car_Parking_System.elf
Invoking: AVR C Linker
avr-gcc -Wl,-Map,Car_Parking_System.map -mmcu=atmega32 -o "Car_Parking_System.elf"  ./MCAL/gpio.o ./MCAL/icu.o  ./HAL/buzzer.o ./HAL/lcd.o ./HAL/led.o ./HAL/ultrasonic.o  ./main.o   
Finished building target: Car_Parking_System.elf
 
Invoking: AVR Create Extended Listing
avr-objdump -h -S Car_Parking_System.elf  >"Car_Parking_System.lss"
Finished building: Car_Parking_System.lss
 
Invoking: Print Size
avr-size --format=avr --mcu=atmega32 Car_Parking_System.elf
AVR Memory Usage
----------------
Device: atmega32

Program:   13436 bytes (41.0% Full)
(.text + .data + .bootloader)

Data:        296 bytes (14.5% Full)
(.data + .bss + .noinit)


Finished building: sizedummy
 
15:09:39 **** Incremental Build of configuration Debug for project Car_Parking_System ****
make all 
Invoking: Print Size
avr-size --format=avr --mcu=atmega32 Car_Parking_System.elf
AVR Memory Usage
----------------
Device: atmega32

Program:   13436 bytes (41.0% Full)
(.text + .data + .bootloader)

Data:        296 bytes (14.5% Full)
(.data + .bss + .noinit)


Finished building: sizedummy
 
15:10:25 **** Incremental Build of configuration Debug for project Car_Parking_System ****
make all 
Invoking: Print Size
avr-size --format=avr --mcu=atmega32 Car_Parking_System.elf
AVR Memory Usage
----------------
Device: atmega32

Program:   13436 bytes (41.0% Full)
(.text + .data + .bootloader)

Data:        296 bytes (14.5% Full)
(.data + .bss + .noinit)


Finished building: sizedummy
 
