17:15:15 **** Build of configuration Debug for project Smart_Home ****
make all 
Building file: ../MCAL/PWM.c
Invoking: AVR Compiler
avr-gcc -Wall -g2 -gstabs -O0 -fpack-struct -fshort-enums -ffunction-sections -fdata-sections -std=gnu99 -funsigned-char -funsigned-bitfields -mmcu=atmega32 -DF_CPU=16000000UL -MMD -MP -MF"MCAL/PWM.d" -MT"MCAL/PWM.o" -c -o "MCAL/PWM.o" "../MCAL/PWM.c"
In file included from ../MCAL/PWM.c:2:
../MCAL/PWM.h:6: error: expected ')' before 'duty_cycle'
In file included from ../MCAL/PWM.c:3:
../MCAL/gpio.h:16:23: error: std_types.h: No such file or directory
In file included from ../MCAL/PWM.c:3:
../MCAL/gpio.h:60: error: expected ')' before 'port_num'
../MCAL/gpio.h:68: error: expected ')' before 'port_num'
../MCAL/gpio.h:75: error: expected '=', ',', ';', 'asm' or '__attribute__' before 'GPIO_readPin'
../MCAL/gpio.h:84: error: expected ')' before 'port_num'
../MCAL/gpio.h:93: error: expected ')' before 'port_num'
../MCAL/gpio.h:100: error: expected '=', ',', ';', 'asm' or '__attribute__' before 'GPIO_readPort'
../MCAL/PWM.c:6: error: expected ')' before 'duty_cycle'
make: *** [MCAL/PWM.o] Error 1
"make all" terminated with exit code 2. Build might be incomplete.
17:15:25 **** Incremental Build of configuration Debug for project Smart_Home ****
make all 
Building file: ../MCAL/PWM.c
Invoking: AVR Compiler
avr-gcc -Wall -g2 -gstabs -O0 -fpack-struct -fshort-enums -ffunction-sections -fdata-sections -std=gnu99 -funsigned-char -funsigned-bitfields -mmcu=atmega32 -DF_CPU=16000000UL -MMD -MP -MF"MCAL/PWM.d" -MT"MCAL/PWM.o" -c -o "MCAL/PWM.o" "../MCAL/PWM.c"
In file included from ../MCAL/PWM.c:2:
../MCAL/PWM.h:6: error: expected ')' before 'duty_cycle'
make: *** [MCAL/PWM.o] Error 1
"make all" terminated with exit code 2. Build might be incomplete.
17:15:54 **** Incremental Build of configuration Debug for project Smart_Home ****
make all 
Building file: ../MCAL/PWM.c
Invoking: AVR Compiler
avr-gcc -Wall -g2 -gstabs -O0 -fpack-struct -fshort-enums -ffunction-sections -fdata-sections -std=gnu99 -funsigned-char -funsigned-bitfields -mmcu=atmega32 -DF_CPU=16000000UL -MMD -MP -MF"MCAL/PWM.d" -MT"MCAL/PWM.o" -c -o "MCAL/PWM.o" "../MCAL/PWM.c"
Finished building: ../MCAL/PWM.c
 
Building file: ../MCAL/adc.c
Invoking: AVR Compiler
avr-gcc -Wall -g2 -gstabs -O0 -fpack-struct -fshort-enums -ffunction-sections -fdata-sections -std=gnu99 -funsigned-char -funsigned-bitfields -mmcu=atmega32 -DF_CPU=16000000UL -MMD -MP -MF"MCAL/adc.d" -MT"MCAL/adc.o" -c -o "MCAL/adc.o" "../MCAL/adc.c"
In file included from ../MCAL/adc.c:2:
../MCAL/adc.h:4:23: error: std_types.h: No such file or directory
In file included from ../MCAL/adc.c:2:
../MCAL/adc.h:15: error: expected specifier-qualifier-list before 'uint8'
../MCAL/adc.h:21: error: expected '=', ',', ';', 'asm' or '__attribute__' before 'ADC_readChannel'
../MCAL/adc.c:3:27: error: common_macros.h: No such file or directory
../MCAL/adc.c: In function 'ADC_init':
../MCAL/adc.c:7: error: 'const struct ADC_Config' has no member named 'reference'
../MCAL/adc.c:9: error: 'const struct ADC_Config' has no member named 'prescaler'
../MCAL/adc.c: At top level:
../MCAL/adc.c:12: error: expected '=', ',', ';', 'asm' or '__attribute__' before 'ADC_readChannel'
make: *** [MCAL/adc.o] Error 1
"make all" terminated with exit code 2. Build might be incomplete.
17:16:26 **** Incremental Build of configuration Debug for project Smart_Home ****
make all 
Building file: ../MCAL/adc.c
Invoking: AVR Compiler
avr-gcc -Wall -g2 -gstabs -O0 -fpack-struct -fshort-enums -ffunction-sections -fdata-sections -std=gnu99 -funsigned-char -funsigned-bitfields -mmcu=atmega32 -DF_CPU=16000000UL -MMD -MP -MF"MCAL/adc.d" -MT"MCAL/adc.o" -c -o "MCAL/adc.o" "../MCAL/adc.c"
Finished building: ../MCAL/adc.c
 
Building file: ../MCAL/gpio.c
Invoking: AVR Compiler
avr-gcc -Wall -g2 -gstabs -O0 -fpack-struct -fshort-enums -ffunction-sections -fdata-sections -std=gnu99 -funsigned-char -funsigned-bitfields -mmcu=atmega32 -DF_CPU=16000000UL -MMD -MP -MF"MCAL/gpio.d" -MT"MCAL/gpio.o" -c -o "MCAL/gpio.o" "../MCAL/gpio.c"
../MCAL/gpio.c:14:64: error: common_macros.h: No such file or directory
../MCAL/gpio.c: In function 'GPIO_setupPinDirection':
../MCAL/gpio.c:41: warning: implicit declaration of function 'SET_BIT'
../MCAL/gpio.c:45: warning: implicit declaration of function 'CLEAR_BIT'
../MCAL/gpio.c: In function 'GPIO_readPin':
../MCAL/gpio.c:137: warning: implicit declaration of function 'BIT_IS_SET'
make: *** [MCAL/gpio.o] Error 1
"make all" terminated with exit code 2. Build might be incomplete.
17:16:33 **** Incremental Build of configuration Debug for project Smart_Home ****
make all 
Building file: ../MCAL/gpio.c
Invoking: AVR Compiler
avr-gcc -Wall -g2 -gstabs -O0 -fpack-struct -fshort-enums -ffunction-sections -fdata-sections -std=gnu99 -funsigned-char -funsigned-bitfields -mmcu=atmega32 -DF_CPU=16000000UL -MMD -MP -MF"MCAL/gpio.d" -MT"MCAL/gpio.o" -c -o "MCAL/gpio.o" "../MCAL/gpio.c"
Finished building: ../MCAL/gpio.c
 
Building file: ../HAL/lcd.c
Invoking: AVR Compiler
avr-gcc -Wall -g2 -gstabs -O0 -fpack-struct -fshort-enums -ffunction-sections -fdata-sections -std=gnu99 -funsigned-char -funsigned-bitfields -mmcu=atmega32 -DF_CPU=16000000UL -MMD -MP -MF"HAL/lcd.d" -MT"HAL/lcd.o" -c -o "HAL/lcd.o" "../HAL/lcd.c"
In file included from ../HAL/lcd.c:13:
c:/winavr-20100110/lib/gcc/../../avr/include/util/delay.h:90:3: warning: #warning "Compiler optimizations disabled; functions from <util/delay.h> won't work as designed"
../HAL/lcd.c:14:51: error: common_macros.h: No such file or directory
In file included from ../HAL/lcd.c:15:
../HAL/lcd.h:16:23: error: std_types.h: No such file or directory
In file included from ../HAL/lcd.c:15:
../HAL/lcd.h:76: error: expected ')' before 'command'
../HAL/lcd.h:82: error: expected ')' before 'data'
../HAL/lcd.h:94: error: expected ')' before 'row'
../HAL/lcd.h:100: error: expected ')' before 'row'
../HAL/lcd.c:16:18: error: gpio.h: No such file or directory
../HAL/lcd.c: In function 'LCD_init':
../HAL/lcd.c:31: warning: implicit declaration of function 'GPIO_setupPinDirection'
../HAL/lcd.c:31: error: 'PORTA_ID' undeclared (first use in this function)
../HAL/lcd.c:31: error: (Each undeclared identifier is reported only once
../HAL/lcd.c:31: error: for each function it appears in.)
../HAL/lcd.c:31: error: 'PIN0_ID' undeclared (first use in this function)
../HAL/lcd.c:31: error: 'PIN_OUTPUT' undeclared (first use in this function)
../HAL/lcd.c:32: error: 'PORTD_ID' undeclared (first use in this function)
../HAL/lcd.c:32: error: 'PIN1_ID' undeclared (first use in this function)
../HAL/lcd.c:52: warning: implicit declaration of function 'GPIO_setupPortDirection'
../HAL/lcd.c:52: error: 'PORTC_ID' undeclared (first use in this function)
../HAL/lcd.c:52: error: 'PORT_OUTPUT' undeclared (first use in this function)
../HAL/lcd.c:55: warning: implicit declaration of function 'LCD_sendCommand'
../HAL/lcd.c: At top level:
../HAL/lcd.c:67: error: expected ')' before 'command'
../HAL/lcd.c:107: error: expected ')' before 'data'
../HAL/lcd.c: In function 'LCD_displayString':
../HAL/lcd.c:149: error: 'uint8' undeclared (first use in this function)
../HAL/lcd.c:149: error: expected ';' before 'i'
../HAL/lcd.c:150: error: 'i' undeclared (first use in this function)
../HAL/lcd.c:152: warning: implicit declaration of function 'LCD_displayCharacter'
../HAL/lcd.c: At top level:
../HAL/lcd.c:168: error: expected ')' before 'row'
../HAL/lcd.c:196: error: expected ')' before 'row'
../HAL/lcd.c: In function 'LCD_intgerToString':
../HAL/lcd.c:209: warning: implicit declaration of function 'itoa'
make: *** [HAL/lcd.o] Error 1
"make all" terminated with exit code 2. Build might be incomplete.
17:17:05 **** Incremental Build of configuration Debug for project Smart_Home ****
make all 
Building file: ../HAL/lcd.c
Invoking: AVR Compiler
avr-gcc -Wall -g2 -gstabs -O0 -fpack-struct -fshort-enums -ffunction-sections -fdata-sections -std=gnu99 -funsigned-char -funsigned-bitfields -mmcu=atmega32 -DF_CPU=16000000UL -MMD -MP -MF"HAL/lcd.d" -MT"HAL/lcd.o" -c -o "HAL/lcd.o" "../HAL/lcd.c"
In file included from ../HAL/lcd.c:13:
c:/winavr-20100110/lib/gcc/../../avr/include/util/delay.h:90:3: warning: #warning "Compiler optimizations disabled; functions from <util/delay.h> won't work as designed"
../HAL/lcd.c: In function 'LCD_intgerToString':
../HAL/lcd.c:209: warning: implicit declaration of function 'itoa'
Finished building: ../HAL/lcd.c
 
Building file: ../HAL/lm35_sensor.c
Invoking: AVR Compiler
avr-gcc -Wall -g2 -gstabs -O0 -fpack-struct -fshort-enums -ffunction-sections -fdata-sections -std=gnu99 -funsigned-char -funsigned-bitfields -mmcu=atmega32 -DF_CPU=16000000UL -MMD -MP -MF"HAL/lm35_sensor.d" -MT"HAL/lm35_sensor.o" -c -o "HAL/lm35_sensor.o" "../HAL/lm35_sensor.c"
../HAL/lm35_sensor.c: In function 'LM35_getTemperature':
../HAL/lm35_sensor.c:30: error: 'ADC_REF_VOLT_VALUE' undeclared (first use in this function)
../HAL/lm35_sensor.c:30: error: (Each undeclared identifier is reported only once
../HAL/lm35_sensor.c:30: error: for each function it appears in.)
../HAL/lm35_sensor.c:30: error: 'ADC_MAXIMUM_VALUE' undeclared (first use in this function)
make: *** [HAL/lm35_sensor.o] Error 1
"make all" terminated with exit code 2. Build might be incomplete.
18:01:45 **** Incremental Build of configuration Debug for project Smart_Home ****
make all 
Building file: ../HAL/flame.c
Invoking: AVR Compiler
avr-gcc -Wall -g2 -gstabs -O0 -fpack-struct -fshort-enums -ffunction-sections -fdata-sections -std=gnu99 -funsigned-char -funsigned-bitfields -mmcu=atmega32 -DF_CPU=16000000UL -MMD -MP -MF"HAL/flame.d" -MT"HAL/flame.o" -c -o "HAL/flame.o" "../HAL/flame.c"
Finished building: ../HAL/flame.c
 
Building file: ../HAL/lcd.c
Invoking: AVR Compiler
avr-gcc -Wall -g2 -gstabs -O0 -fpack-struct -fshort-enums -ffunction-sections -fdata-sections -std=gnu99 -funsigned-char -funsigned-bitfields -mmcu=atmega32 -DF_CPU=16000000UL -MMD -MP -MF"HAL/lcd.d" -MT"HAL/lcd.o" -c -o "HAL/lcd.o" "../HAL/lcd.c"
In file included from ../HAL/lcd.c:13:
c:/winavr-20100110/lib/gcc/../../avr/include/util/delay.h:90:3: warning: #warning "Compiler optimizations disabled; functions from <util/delay.h> won't work as designed"
../HAL/lcd.c: In function 'LCD_intgerToString':
../HAL/lcd.c:209: warning: implicit declaration of function 'itoa'
Finished building: ../HAL/lcd.c
 
Building file: ../HAL/ldr.c
Invoking: AVR Compiler
avr-gcc -Wall -g2 -gstabs -O0 -fpack-struct -fshort-enums -ffunction-sections -fdata-sections -std=gnu99 -funsigned-char -funsigned-bitfields -mmcu=atmega32 -DF_CPU=16000000UL -MMD -MP -MF"HAL/ldr.d" -MT"HAL/ldr.o" -c -o "HAL/ldr.o" "../HAL/ldr.c"
Finished building: ../HAL/ldr.c
 
Building file: ../HAL/led.c
Invoking: AVR Compiler
avr-gcc -Wall -g2 -gstabs -O0 -fpack-struct -fshort-enums -ffunction-sections -fdata-sections -std=gnu99 -funsigned-char -funsigned-bitfields -mmcu=atmega32 -DF_CPU=16000000UL -MMD -MP -MF"HAL/led.d" -MT"HAL/led.o" -c -o "HAL/led.o" "../HAL/led.c"
Finished building: ../HAL/led.c
 
Building file: ../HAL/lm35_sensor.c
Invoking: AVR Compiler
avr-gcc -Wall -g2 -gstabs -O0 -fpack-struct -fshort-enums -ffunction-sections -fdata-sections -std=gnu99 -funsigned-char -funsigned-bitfields -mmcu=atmega32 -DF_CPU=16000000UL -MMD -MP -MF"HAL/lm35_sensor.d" -MT"HAL/lm35_sensor.o" -c -o "HAL/lm35_sensor.o" "../HAL/lm35_sensor.c"
../HAL/lm35_sensor.c: In function 'LM35_getTemperature':
../HAL/lm35_sensor.c:30: error: 'ADC_REF_VOLT_VALUE' undeclared (first use in this function)
../HAL/lm35_sensor.c:30: error: (Each undeclared identifier is reported only once
../HAL/lm35_sensor.c:30: error: for each function it appears in.)
../HAL/lm35_sensor.c:30: error: 'ADC_MAXIMUM_VALUE' undeclared (first use in this function)
make: *** [HAL/lm35_sensor.o] Error 1
"make all" terminated with exit code 2. Build might be incomplete.
18:05:28 **** Incremental Build of configuration Debug for project Smart_Home ****
make all 
Building file: ../HAL/buzzer.c
Invoking: AVR Compiler
avr-gcc -Wall -g2 -gstabs -O0 -fpack-struct -fshort-enums -ffunction-sections -fdata-sections -std=gnu99 -funsigned-char -funsigned-bitfields -mmcu=atmega32 -DF_CPU=16000000UL -MMD -MP -MF"HAL/buzzer.d" -MT"HAL/buzzer.o" -c -o "HAL/buzzer.o" "../HAL/buzzer.c"
Finished building: ../HAL/buzzer.c
 
Building file: ../HAL/flame.c
Invoking: AVR Compiler
avr-gcc -Wall -g2 -gstabs -O0 -fpack-struct -fshort-enums -ffunction-sections -fdata-sections -std=gnu99 -funsigned-char -funsigned-bitfields -mmcu=atmega32 -DF_CPU=16000000UL -MMD -MP -MF"HAL/flame.d" -MT"HAL/flame.o" -c -o "HAL/flame.o" "../HAL/flame.c"
Finished building: ../HAL/flame.c
 
Building file: ../HAL/lcd.c
Invoking: AVR Compiler
avr-gcc -Wall -g2 -gstabs -O0 -fpack-struct -fshort-enums -ffunction-sections -fdata-sections -std=gnu99 -funsigned-char -funsigned-bitfields -mmcu=atmega32 -DF_CPU=16000000UL -MMD -MP -MF"HAL/lcd.d" -MT"HAL/lcd.o" -c -o "HAL/lcd.o" "../HAL/lcd.c"
In file included from ../HAL/lcd.c:13:
c:/winavr-20100110/lib/gcc/../../avr/include/util/delay.h:90:3: warning: #warning "Compiler optimizations disabled; functions from <util/delay.h> won't work as designed"
../HAL/lcd.c: In function 'LCD_intgerToString':
../HAL/lcd.c:209: warning: implicit declaration of function 'itoa'
Finished building: ../HAL/lcd.c
 
Building file: ../HAL/ldr.c
Invoking: AVR Compiler
avr-gcc -Wall -g2 -gstabs -O0 -fpack-struct -fshort-enums -ffunction-sections -fdata-sections -std=gnu99 -funsigned-char -funsigned-bitfields -mmcu=atmega32 -DF_CPU=16000000UL -MMD -MP -MF"HAL/ldr.d" -MT"HAL/ldr.o" -c -o "HAL/ldr.o" "../HAL/ldr.c"
Finished building: ../HAL/ldr.c
 
Building file: ../HAL/led.c
Invoking: AVR Compiler
avr-gcc -Wall -g2 -gstabs -O0 -fpack-struct -fshort-enums -ffunction-sections -fdata-sections -std=gnu99 -funsigned-char -funsigned-bitfields -mmcu=atmega32 -DF_CPU=16000000UL -MMD -MP -MF"HAL/led.d" -MT"HAL/led.o" -c -o "HAL/led.o" "../HAL/led.c"
Finished building: ../HAL/led.c
 
Building file: ../HAL/lm35_sensor.c
Invoking: AVR Compiler
avr-gcc -Wall -g2 -gstabs -O0 -fpack-struct -fshort-enums -ffunction-sections -fdata-sections -std=gnu99 -funsigned-char -funsigned-bitfields -mmcu=atmega32 -DF_CPU=16000000UL -MMD -MP -MF"HAL/lm35_sensor.d" -MT"HAL/lm35_sensor.o" -c -o "HAL/lm35_sensor.o" "../HAL/lm35_sensor.c"
../HAL/lm35_sensor.c: In function 'LM35_getTemperature':
../HAL/lm35_sensor.c:30: error: 'ADC_REF_VOLT_VALUE' undeclared (first use in this function)
../HAL/lm35_sensor.c:30: error: (Each undeclared identifier is reported only once
../HAL/lm35_sensor.c:30: error: for each function it appears in.)
../HAL/lm35_sensor.c:30: error: 'ADC_MAXIMUM_VALUE' undeclared (first use in this function)
make: *** [HAL/lm35_sensor.o] Error 1
"make all" terminated with exit code 2. Build might be incomplete.
18:08:37 **** Incremental Build of configuration Debug for project Smart_Home ****
make all 
Building file: ../MCAL/adc.c
Invoking: AVR Compiler
avr-gcc -Wall -g2 -gstabs -O0 -fpack-struct -fshort-enums -ffunction-sections -fdata-sections -std=gnu99 -funsigned-char -funsigned-bitfields -mmcu=atmega32 -DF_CPU=16000000UL -MMD -MP -MF"MCAL/adc.d" -MT"MCAL/adc.o" -c -o "MCAL/adc.o" "../MCAL/adc.c"
Finished building: ../MCAL/adc.c
 
Building file: ../HAL/ldr.c
Invoking: AVR Compiler
avr-gcc -Wall -g2 -gstabs -O0 -fpack-struct -fshort-enums -ffunction-sections -fdata-sections -std=gnu99 -funsigned-char -funsigned-bitfields -mmcu=atmega32 -DF_CPU=16000000UL -MMD -MP -MF"HAL/ldr.d" -MT"HAL/ldr.o" -c -o "HAL/ldr.o" "../HAL/ldr.c"
Finished building: ../HAL/ldr.c
 
Building file: ../HAL/lm35_sensor.c
Invoking: AVR Compiler
avr-gcc -Wall -g2 -gstabs -O0 -fpack-struct -fshort-enums -ffunction-sections -fdata-sections -std=gnu99 -funsigned-char -funsigned-bitfields -mmcu=atmega32 -DF_CPU=16000000UL -MMD -MP -MF"HAL/lm35_sensor.d" -MT"HAL/lm35_sensor.o" -c -o "HAL/lm35_sensor.o" "../HAL/lm35_sensor.c"
Finished building: ../HAL/lm35_sensor.c
 
Building file: ../HAL/motor.c
Invoking: AVR Compiler
avr-gcc -Wall -g2 -gstabs -O0 -fpack-struct -fshort-enums -ffunction-sections -fdata-sections -std=gnu99 -funsigned-char -funsigned-bitfields -mmcu=atmega32 -DF_CPU=16000000UL -MMD -MP -MF"HAL/motor.d" -MT"HAL/motor.o" -c -o "HAL/motor.o" "../HAL/motor.c"
Finished building: ../HAL/motor.c
 
Building file: ../main.c
Invoking: AVR Compiler
avr-gcc -Wall -g2 -gstabs -O0 -fpack-struct -fshort-enums -ffunction-sections -fdata-sections -std=gnu99 -funsigned-char -funsigned-bitfields -mmcu=atmega32 -DF_CPU=16000000UL -MMD -MP -MF"main.d" -MT"main.o" -c -o "main.o" "../main.c"
Finished building: ../main.c
 
Building target: Smart_Home.elf
Invoking: AVR C Linker
avr-gcc -Wl,-Map,Smart_Home.map -mmcu=atmega32 -o "Smart_Home.elf"  ./MCAL/PWM.o ./MCAL/adc.o ./MCAL/gpio.o  ./HAL/buzzer.o ./HAL/flame.o ./HAL/lcd.o ./HAL/ldr.o ./HAL/led.o ./HAL/lm35_sensor.o ./HAL/motor.o  ./main.o   
c:/winavr-20100110/bin/../lib/gcc/avr/4.3.3/../../../../avr/lib/avr5/crtm32.o:(.init9+0x0): undefined reference to `main'
make: *** [Smart_Home.elf] Error 1
"make all" terminated with exit code 2. Build might be incomplete.
18:52:29 **** Incremental Build of configuration Debug for project Smart_Home ****
make all 
Building file: ../HAL/ldr.c
Invoking: AVR Compiler
avr-gcc -Wall -g2 -gstabs -O0 -fpack-struct -fshort-enums -ffunction-sections -fdata-sections -std=gnu99 -funsigned-char -funsigned-bitfields -mmcu=atmega32 -DF_CPU=16000000UL -MMD -MP -MF"HAL/ldr.d" -MT"HAL/ldr.o" -c -o "HAL/ldr.o" "../HAL/ldr.c"
Finished building: ../HAL/ldr.c
 
Building file: ../main.c
Invoking: AVR Compiler
avr-gcc -Wall -g2 -gstabs -O0 -fpack-struct -fshort-enums -ffunction-sections -fdata-sections -std=gnu99 -funsigned-char -funsigned-bitfields -mmcu=atmega32 -DF_CPU=16000000UL -MMD -MP -MF"main.d" -MT"main.o" -c -o "main.o" "../main.c"
../main.c: In function 'main':
../main.c:107: warning: implicit declaration of function '_delay_ms'
Finished building: ../main.c
 
Building target: Smart_Home.elf
Invoking: AVR C Linker
avr-gcc -Wl,-Map,Smart_Home.map -mmcu=atmega32 -o "Smart_Home.elf"  ./MCAL/PWM.o ./MCAL/adc.o ./MCAL/gpio.o  ./HAL/buzzer.o ./HAL/flame.o ./HAL/lcd.o ./HAL/ldr.o ./HAL/led.o ./HAL/lm35_sensor.o ./HAL/motor.o  ./main.o   
./main.o: In function `rotateFan':
../main.c:38: undefined reference to `_delay_ms'
make: *** [Smart_Home.elf] Error 1
"make all" terminated with exit code 2. Build might be incomplete.
18:52:42 **** Incremental Build of configuration Debug for project Smart_Home ****
make all 
Building file: ../main.c
Invoking: AVR Compiler
avr-gcc -Wall -g2 -gstabs -O0 -fpack-struct -fshort-enums -ffunction-sections -fdata-sections -std=gnu99 -funsigned-char -funsigned-bitfields -mmcu=atmega32 -DF_CPU=16000000UL -MMD -MP -MF"main.d" -MT"main.o" -c -o "main.o" "../main.c"
In file included from ../main.c:1:
c:/winavr-20100110/lib/gcc/../../avr/include/avr/delay.h:36:2: warning: #warning "This file has been moved to <util/delay.h>."
In file included from c:/winavr-20100110/lib/gcc/../../avr/include/avr/delay.h:37,
                 from ../main.c:1:
c:/winavr-20100110/lib/gcc/../../avr/include/util/delay.h:90:3: warning: #warning "Compiler optimizations disabled; functions from <util/delay.h> won't work as designed"
Finished building: ../main.c
 
Building target: Smart_Home.elf
Invoking: AVR C Linker
avr-gcc -Wl,-Map,Smart_Home.map -mmcu=atmega32 -o "Smart_Home.elf"  ./MCAL/PWM.o ./MCAL/adc.o ./MCAL/gpio.o  ./HAL/buzzer.o ./HAL/flame.o ./HAL/lcd.o ./HAL/ldr.o ./HAL/led.o ./HAL/lm35_sensor.o ./HAL/motor.o  ./main.o   
Finished building target: Smart_Home.elf
 
Invoking: AVR Create Extended Listing
avr-objdump -h -S Smart_Home.elf  >"Smart_Home.lss"
Finished building: Smart_Home.lss
 
Invoking: Print Size
avr-size --format=avr --mcu=atmega32 Smart_Home.elf
AVR Memory Usage
----------------
Device: atmega32

Program:   10364 bytes (31.6% Full)
(.text + .data + .bootloader)

Data:        318 bytes (15.5% Full)
(.data + .bss + .noinit)


Finished building: sizedummy
 
18:52:53 **** Incremental Build of configuration Debug for project Smart_Home ****
make all 
Invoking: Print Size
avr-size --format=avr --mcu=atmega32 Smart_Home.elf
AVR Memory Usage
----------------
Device: atmega32

Program:   10364 bytes (31.6% Full)
(.text + .data + .bootloader)

Data:        318 bytes (15.5% Full)
(.data + .bss + .noinit)


Finished building: sizedummy
 
18:59:14 **** Incremental Build of configuration Debug for project Smart_Home ****
make all 
Building file: ../HAL/lcd.c
Invoking: AVR Compiler
avr-gcc -Wall -g2 -gstabs -O0 -fpack-struct -fshort-enums -ffunction-sections -fdata-sections -std=gnu99 -funsigned-char -funsigned-bitfields -mmcu=atmega32 -DF_CPU=16000000UL -MMD -MP -MF"HAL/lcd.d" -MT"HAL/lcd.o" -c -o "HAL/lcd.o" "../HAL/lcd.c"
In file included from ../HAL/lcd.c:13:
c:/winavr-20100110/lib/gcc/../../avr/include/util/delay.h:90:3: warning: #warning "Compiler optimizations disabled; functions from <util/delay.h> won't work as designed"
../HAL/lcd.c: In function 'LCD_intgerToString':
../HAL/lcd.c:209: warning: implicit declaration of function 'itoa'
Finished building: ../HAL/lcd.c
 
Building file: ../main.c
Invoking: AVR Compiler
avr-gcc -Wall -g2 -gstabs -O0 -fpack-struct -fshort-enums -ffunction-sections -fdata-sections -std=gnu99 -funsigned-char -funsigned-bitfields -mmcu=atmega32 -DF_CPU=16000000UL -MMD -MP -MF"main.d" -MT"main.o" -c -o "main.o" "../main.c"
In file included from ../main.c:1:
c:/winavr-20100110/lib/gcc/../../avr/include/avr/delay.h:36:2: warning: #warning "This file has been moved to <util/delay.h>."
In file included from c:/winavr-20100110/lib/gcc/../../avr/include/avr/delay.h:37,
                 from ../main.c:1:
c:/winavr-20100110/lib/gcc/../../avr/include/util/delay.h:90:3: warning: #warning "Compiler optimizations disabled; functions from <util/delay.h> won't work as designed"
Finished building: ../main.c
 
Building target: Smart_Home.elf
Invoking: AVR C Linker
avr-gcc -Wl,-Map,Smart_Home.map -mmcu=atmega32 -o "Smart_Home.elf"  ./MCAL/PWM.o ./MCAL/adc.o ./MCAL/gpio.o  ./HAL/buzzer.o ./HAL/flame.o ./HAL/lcd.o ./HAL/ldr.o ./HAL/led.o ./HAL/lm35_sensor.o ./HAL/motor.o  ./main.o   
Finished building target: Smart_Home.elf
 
Invoking: AVR Create Extended Listing
avr-objdump -h -S Smart_Home.elf  >"Smart_Home.lss"
Finished building: Smart_Home.lss
 
Invoking: Print Size
avr-size --format=avr --mcu=atmega32 Smart_Home.elf
AVR Memory Usage
----------------
Device: atmega32

Program:   10364 bytes (31.6% Full)
(.text + .data + .bootloader)

Data:        318 bytes (15.5% Full)
(.data + .bss + .noinit)


Finished building: sizedummy
 
19:02:14 **** Incremental Build of configuration Debug for project Smart_Home ****
make all 
Building file: ../HAL/flame.c
Invoking: AVR Compiler
avr-gcc -Wall -g2 -gstabs -O0 -fpack-struct -fshort-enums -ffunction-sections -fdata-sections -std=gnu99 -funsigned-char -funsigned-bitfields -mmcu=atmega32 -DF_CPU=16000000UL -MMD -MP -MF"HAL/flame.d" -MT"HAL/flame.o" -c -o "HAL/flame.o" "../HAL/flame.c"
Finished building: ../HAL/flame.c
 
Building file: ../HAL/lm35_sensor.c
Invoking: AVR Compiler
avr-gcc -Wall -g2 -gstabs -O0 -fpack-struct -fshort-enums -ffunction-sections -fdata-sections -std=gnu99 -funsigned-char -funsigned-bitfields -mmcu=atmega32 -DF_CPU=16000000UL -MMD -MP -MF"HAL/lm35_sensor.d" -MT"HAL/lm35_sensor.o" -c -o "HAL/lm35_sensor.o" "../HAL/lm35_sensor.c"
Finished building: ../HAL/lm35_sensor.c
 
Building file: ../main.c
Invoking: AVR Compiler
avr-gcc -Wall -g2 -gstabs -O0 -fpack-struct -fshort-enums -ffunction-sections -fdata-sections -std=gnu99 -funsigned-char -funsigned-bitfields -mmcu=atmega32 -DF_CPU=16000000UL -MMD -MP -MF"main.d" -MT"main.o" -c -o "main.o" "../main.c"
In file included from ../main.c:1:
c:/winavr-20100110/lib/gcc/../../avr/include/avr/delay.h:36:2: warning: #warning "This file has been moved to <util/delay.h>."
In file included from c:/winavr-20100110/lib/gcc/../../avr/include/avr/delay.h:37,
                 from ../main.c:1:
c:/winavr-20100110/lib/gcc/../../avr/include/util/delay.h:90:3: warning: #warning "Compiler optimizations disabled; functions from <util/delay.h> won't work as designed"
Finished building: ../main.c
 
Building target: Smart_Home.elf
Invoking: AVR C Linker
avr-gcc -Wl,-Map,Smart_Home.map -mmcu=atmega32 -o "Smart_Home.elf"  ./MCAL/PWM.o ./MCAL/adc.o ./MCAL/gpio.o  ./HAL/buzzer.o ./HAL/flame.o ./HAL/lcd.o ./HAL/ldr.o ./HAL/led.o ./HAL/lm35_sensor.o ./HAL/motor.o  ./main.o   
Finished building target: Smart_Home.elf
 
Invoking: AVR Create Extended Listing
avr-objdump -h -S Smart_Home.elf  >"Smart_Home.lss"
Finished building: Smart_Home.lss
 
Invoking: Print Size
avr-size --format=avr --mcu=atmega32 Smart_Home.elf
AVR Memory Usage
----------------
Device: atmega32

Program:   10364 bytes (31.6% Full)
(.text + .data + .bootloader)

Data:        318 bytes (15.5% Full)
(.data + .bss + .noinit)


Finished building: sizedummy
 
19:09:27 **** Incremental Build of configuration Debug for project Smart_Home ****
make all 
Building file: ../main.c
Invoking: AVR Compiler
avr-gcc -Wall -g2 -gstabs -O0 -fpack-struct -fshort-enums -ffunction-sections -fdata-sections -std=gnu99 -funsigned-char -funsigned-bitfields -mmcu=atmega32 -DF_CPU=16000000UL -MMD -MP -MF"main.d" -MT"main.o" -c -o "main.o" "../main.c"
In file included from ../main.c:1:
c:/winavr-20100110/lib/gcc/../../avr/include/avr/delay.h:36:2: warning: #warning "This file has been moved to <util/delay.h>."
In file included from c:/winavr-20100110/lib/gcc/../../avr/include/avr/delay.h:37,
                 from ../main.c:1:
c:/winavr-20100110/lib/gcc/../../avr/include/util/delay.h:90:3: warning: #warning "Compiler optimizations disabled; functions from <util/delay.h> won't work as designed"
Finished building: ../main.c
 
Building target: Smart_Home.elf
Invoking: AVR C Linker
avr-gcc -Wl,-Map,Smart_Home.map -mmcu=atmega32 -o "Smart_Home.elf"  ./MCAL/PWM.o ./MCAL/adc.o ./MCAL/gpio.o  ./HAL/buzzer.o ./HAL/flame.o ./HAL/lcd.o ./HAL/ldr.o ./HAL/led.o ./HAL/lm35_sensor.o ./HAL/motor.o  ./main.o   
Finished building target: Smart_Home.elf
 
Invoking: AVR Create Extended Listing
avr-objdump -h -S Smart_Home.elf  >"Smart_Home.lss"
Finished building: Smart_Home.lss
 
Invoking: Print Size
avr-size --format=avr --mcu=atmega32 Smart_Home.elf
AVR Memory Usage
----------------
Device: atmega32

Program:   10360 bytes (31.6% Full)
(.text + .data + .bootloader)

Data:        318 bytes (15.5% Full)
(.data + .bss + .noinit)


Finished building: sizedummy
 
00:50:03 **** Incremental Build of configuration Debug for project Smart_Home ****
make all 
Building file: ../main.c
Invoking: AVR Compiler
avr-gcc -Wall -g2 -gstabs -O0 -fpack-struct -fshort-enums -ffunction-sections -fdata-sections -std=gnu99 -funsigned-char -funsigned-bitfields -mmcu=atmega32 -DF_CPU=16000000UL -MMD -MP -MF"main.d" -MT"main.o" -c -o "main.o" "../main.c"
In file included from ../main.c:1:
c:/winavr-20100110/lib/gcc/../../avr/include/avr/delay.h:36:2: warning: #warning "This file has been moved to <util/delay.h>."
In file included from c:/winavr-20100110/lib/gcc/../../avr/include/avr/delay.h:37,
                 from ../main.c:1:
c:/winavr-20100110/lib/gcc/../../avr/include/util/delay.h:90:3: warning: #warning "Compiler optimizations disabled; functions from <util/delay.h> won't work as designed"
../main.c: In function 'main':
../main.c:74: warning: unused variable 'ldr'
../main.c:74: warning: unused variable 'temp'
../main.c:74: warning: unused variable 'flame'
Finished building: ../main.c
 
Building target: Smart_Home.elf
Invoking: AVR C Linker
avr-gcc -Wl,-Map,Smart_Home.map -mmcu=atmega32 -o "Smart_Home.elf"  ./MCAL/PWM.o ./MCAL/adc.o ./MCAL/gpio.o  ./HAL/buzzer.o ./HAL/flame.o ./HAL/lcd.o ./HAL/ldr.o ./HAL/led.o ./HAL/lm35_sensor.o ./HAL/motor.o  ./main.o   
Finished building target: Smart_Home.elf
 
Invoking: AVR Create Extended Listing
avr-objdump -h -S Smart_Home.elf  >"Smart_Home.lss"
Finished building: Smart_Home.lss
 
Invoking: Print Size
avr-size --format=avr --mcu=atmega32 Smart_Home.elf
AVR Memory Usage
----------------
Device: atmega32

Program:   10198 bytes (31.1% Full)
(.text + .data + .bootloader)

Data:        288 bytes (14.1% Full)
(.data + .bss + .noinit)


Finished building: sizedummy
 
00:50:47 **** Incremental Build of configuration Debug for project Smart_Home ****
make all 
Building file: ../main.c
Invoking: AVR Compiler
avr-gcc -Wall -g2 -gstabs -O0 -fpack-struct -fshort-enums -ffunction-sections -fdata-sections -std=gnu99 -funsigned-char -funsigned-bitfields -mmcu=atmega32 -DF_CPU=16000000UL -MMD -MP -MF"main.d" -MT"main.o" -c -o "main.o" "../main.c"
In file included from ../main.c:1:
c:/winavr-20100110/lib/gcc/../../avr/include/avr/delay.h:36:2: warning: #warning "This file has been moved to <util/delay.h>."
In file included from c:/winavr-20100110/lib/gcc/../../avr/include/avr/delay.h:37,
                 from ../main.c:1:
c:/winavr-20100110/lib/gcc/../../avr/include/util/delay.h:90:3: warning: #warning "Compiler optimizations disabled; functions from <util/delay.h> won't work as designed"
../main.c: In function 'main':
../main.c:74: warning: unused variable 'ldr'
../main.c:74: warning: unused variable 'temp'
../main.c:74: warning: unused variable 'flame'
Finished building: ../main.c
 
Building target: Smart_Home.elf
Invoking: AVR C Linker
avr-gcc -Wl,-Map,Smart_Home.map -mmcu=atmega32 -o "Smart_Home.elf"  ./MCAL/PWM.o ./MCAL/adc.o ./MCAL/gpio.o  ./HAL/buzzer.o ./HAL/flame.o ./HAL/lcd.o ./HAL/ldr.o ./HAL/led.o ./HAL/lm35_sensor.o ./HAL/motor.o  ./main.o   
Finished building target: Smart_Home.elf
 
Invoking: AVR Create Extended Listing
avr-objdump -h -S Smart_Home.elf  >"Smart_Home.lss"
Finished building: Smart_Home.lss
 
Invoking: Print Size
avr-size --format=avr --mcu=atmega32 Smart_Home.elf
AVR Memory Usage
----------------
Device: atmega32

Program:   10202 bytes (31.1% Full)
(.text + .data + .bootloader)

Data:        288 bytes (14.1% Full)
(.data + .bss + .noinit)


Finished building: sizedummy
 
00:52:36 **** Incremental Build of configuration Debug for project Smart_Home ****
make all 
Building file: ../main.c
Invoking: AVR Compiler
avr-gcc -Wall -g2 -gstabs -O0 -fpack-struct -fshort-enums -ffunction-sections -fdata-sections -std=gnu99 -funsigned-char -funsigned-bitfields -mmcu=atmega32 -DF_CPU=16000000UL -MMD -MP -MF"main.d" -MT"main.o" -c -o "main.o" "../main.c"
In file included from ../main.c:1:
c:/winavr-20100110/lib/gcc/../../avr/include/avr/delay.h:36:2: warning: #warning "This file has been moved to <util/delay.h>."
In file included from c:/winavr-20100110/lib/gcc/../../avr/include/avr/delay.h:37,
                 from ../main.c:1:
c:/winavr-20100110/lib/gcc/../../avr/include/util/delay.h:90:3: warning: #warning "Compiler optimizations disabled; functions from <util/delay.h> won't work as designed"
../main.c: In function 'rotateFan':
../main.c:17: error: 'fanState' undeclared (first use in this function)
../main.c:17: error: (Each undeclared identifier is reported only once
../main.c:17: error: for each function it appears in.)
../main.c: In function 'main':
../main.c:74: warning: unused variable 'ldr'
../main.c:74: warning: unused variable 'temp'
../main.c:74: warning: unused variable 'flame'
make: *** [main.o] Error 1
"make all" terminated with exit code 2. Build might be incomplete.
00:52:38 **** Incremental Build of configuration Debug for project Smart_Home ****
make all 
Building file: ../main.c
Invoking: AVR Compiler
avr-gcc -Wall -g2 -gstabs -O0 -fpack-struct -fshort-enums -ffunction-sections -fdata-sections -std=gnu99 -funsigned-char -funsigned-bitfields -mmcu=atmega32 -DF_CPU=16000000UL -MMD -MP -MF"main.d" -MT"main.o" -c -o "main.o" "../main.c"
In file included from ../main.c:1:
c:/winavr-20100110/lib/gcc/../../avr/include/avr/delay.h:36:2: warning: #warning "This file has been moved to <util/delay.h>."
In file included from c:/winavr-20100110/lib/gcc/../../avr/include/avr/delay.h:37,
                 from ../main.c:1:
c:/winavr-20100110/lib/gcc/../../avr/include/util/delay.h:90:3: warning: #warning "Compiler optimizations disabled; functions from <util/delay.h> won't work as designed"
../main.c: In function 'rotateFan':
../main.c:17: error: 'fanState' undeclared (first use in this function)
../main.c:17: error: (Each undeclared identifier is reported only once
../main.c:17: error: for each function it appears in.)
../main.c: In function 'main':
../main.c:74: warning: unused variable 'ldr'
../main.c:74: warning: unused variable 'temp'
../main.c:74: warning: unused variable 'flame'
make: *** [main.o] Error 1
"make all" terminated with exit code 2. Build might be incomplete.
00:52:48 **** Incremental Build of configuration Debug for project Smart_Home ****
make all 
Building file: ../main.c
Invoking: AVR Compiler
avr-gcc -Wall -g2 -gstabs -O0 -fpack-struct -fshort-enums -ffunction-sections -fdata-sections -std=gnu99 -funsigned-char -funsigned-bitfields -mmcu=atmega32 -DF_CPU=16000000UL -MMD -MP -MF"main.d" -MT"main.o" -c -o "main.o" "../main.c"
In file included from ../main.c:1:
c:/winavr-20100110/lib/gcc/../../avr/include/avr/delay.h:36:2: warning: #warning "This file has been moved to <util/delay.h>."
In file included from c:/winavr-20100110/lib/gcc/../../avr/include/avr/delay.h:37,
                 from ../main.c:1:
c:/winavr-20100110/lib/gcc/../../avr/include/util/delay.h:90:3: warning: #warning "Compiler optimizations disabled; functions from <util/delay.h> won't work as designed"
../main.c: In function 'main':
../main.c:74: warning: unused variable 'ldr'
../main.c:74: warning: unused variable 'temp'
../main.c:74: warning: unused variable 'flame'
Finished building: ../main.c
 
Building target: Smart_Home.elf
Invoking: AVR C Linker
avr-gcc -Wl,-Map,Smart_Home.map -mmcu=atmega32 -o "Smart_Home.elf"  ./MCAL/PWM.o ./MCAL/adc.o ./MCAL/gpio.o  ./HAL/buzzer.o ./HAL/flame.o ./HAL/lcd.o ./HAL/ldr.o ./HAL/led.o ./HAL/lm35_sensor.o ./HAL/motor.o  ./main.o   
Finished building target: Smart_Home.elf
 
Invoking: AVR Create Extended Listing
avr-objdump -h -S Smart_Home.elf  >"Smart_Home.lss"
Finished building: Smart_Home.lss
 
Invoking: Print Size
avr-size --format=avr --mcu=atmega32 Smart_Home.elf
AVR Memory Usage
----------------
Device: atmega32

Program:    9974 bytes (30.4% Full)
(.text + .data + .bootloader)

Data:        304 bytes (14.8% Full)
(.data + .bss + .noinit)


Finished building: sizedummy
 
00:53:00 **** Incremental Build of configuration Debug for project Smart_Home ****
make all 
Building file: ../main.c
Invoking: AVR Compiler
avr-gcc -Wall -g2 -gstabs -O0 -fpack-struct -fshort-enums -ffunction-sections -fdata-sections -std=gnu99 -funsigned-char -funsigned-bitfields -mmcu=atmega32 -DF_CPU=16000000UL -MMD -MP -MF"main.d" -MT"main.o" -c -o "main.o" "../main.c"
In file included from ../main.c:1:
c:/winavr-20100110/lib/gcc/../../avr/include/avr/delay.h:36:2: warning: #warning "This file has been moved to <util/delay.h>."
In file included from c:/winavr-20100110/lib/gcc/../../avr/include/avr/delay.h:37,
                 from ../main.c:1:
c:/winavr-20100110/lib/gcc/../../avr/include/util/delay.h:90:3: warning: #warning "Compiler optimizations disabled; functions from <util/delay.h> won't work as designed"
../main.c: In function 'main':
../main.c:74: warning: unused variable 'ldr'
../main.c:74: warning: unused variable 'temp'
../main.c:74: warning: unused variable 'flame'
Finished building: ../main.c
 
Building target: Smart_Home.elf
Invoking: AVR C Linker
avr-gcc -Wl,-Map,Smart_Home.map -mmcu=atmega32 -o "Smart_Home.elf"  ./MCAL/PWM.o ./MCAL/adc.o ./MCAL/gpio.o  ./HAL/buzzer.o ./HAL/flame.o ./HAL/lcd.o ./HAL/ldr.o ./HAL/led.o ./HAL/lm35_sensor.o ./HAL/motor.o  ./main.o   
Finished building target: Smart_Home.elf
 
Invoking: AVR Create Extended Listing
avr-objdump -h -S Smart_Home.elf  >"Smart_Home.lss"
Finished building: Smart_Home.lss
 
Invoking: Print Size
avr-size --format=avr --mcu=atmega32 Smart_Home.elf
AVR Memory Usage
----------------
Device: atmega32

Program:    9978 bytes (30.5% Full)
(.text + .data + .bootloader)

Data:        304 bytes (14.8% Full)
(.data + .bss + .noinit)


Finished building: sizedummy
 
00:59:25 **** Incremental Build of configuration Debug for project Smart_Home ****
make all 
Building file: ../main.c
Invoking: AVR Compiler
avr-gcc -Wall -g2 -gstabs -O0 -fpack-struct -fshort-enums -ffunction-sections -fdata-sections -std=gnu99 -funsigned-char -funsigned-bitfields -mmcu=atmega32 -DF_CPU=16000000UL -MMD -MP -MF"main.d" -MT"main.o" -c -o "main.o" "../main.c"
In file included from ../main.c:1:
c:/winavr-20100110/lib/gcc/../../avr/include/avr/delay.h:36:2: warning: #warning "This file has been moved to <util/delay.h>."
In file included from c:/winavr-20100110/lib/gcc/../../avr/include/avr/delay.h:37,
                 from ../main.c:1:
c:/winavr-20100110/lib/gcc/../../avr/include/util/delay.h:90:3: warning: #warning "Compiler optimizations disabled; functions from <util/delay.h> won't work as designed"
Finished building: ../main.c
 
Building target: Smart_Home.elf
Invoking: AVR C Linker
avr-gcc -Wl,-Map,Smart_Home.map -mmcu=atmega32 -o "Smart_Home.elf"  ./MCAL/PWM.o ./MCAL/adc.o ./MCAL/gpio.o  ./HAL/buzzer.o ./HAL/flame.o ./HAL/lcd.o ./HAL/ldr.o ./HAL/led.o ./HAL/lm35_sensor.o ./HAL/motor.o  ./main.o   
Finished building target: Smart_Home.elf
 
Invoking: AVR Create Extended Listing
avr-objdump -h -S Smart_Home.elf  >"Smart_Home.lss"
Finished building: Smart_Home.lss
 
Invoking: Print Size
avr-size --format=avr --mcu=atmega32 Smart_Home.elf
AVR Memory Usage
----------------
Device: atmega32

Program:   10030 bytes (30.6% Full)
(.text + .data + .bootloader)

Data:        291 bytes (14.2% Full)
(.data + .bss + .noinit)


Finished building: sizedummy
 
00:59:42 **** Incremental Build of configuration Debug for project Smart_Home ****
make all 
Building file: ../main.c
Invoking: AVR Compiler
avr-gcc -Wall -g2 -gstabs -O0 -fpack-struct -fshort-enums -ffunction-sections -fdata-sections -std=gnu99 -funsigned-char -funsigned-bitfields -mmcu=atmega32 -DF_CPU=16000000UL -MMD -MP -MF"main.d" -MT"main.o" -c -o "main.o" "../main.c"
In file included from ../main.c:1:
c:/winavr-20100110/lib/gcc/../../avr/include/avr/delay.h:36:2: warning: #warning "This file has been moved to <util/delay.h>."
In file included from c:/winavr-20100110/lib/gcc/../../avr/include/avr/delay.h:37,
                 from ../main.c:1:
c:/winavr-20100110/lib/gcc/../../avr/include/util/delay.h:90:3: warning: #warning "Compiler optimizations disabled; functions from <util/delay.h> won't work as designed"
Finished building: ../main.c
 
Building target: Smart_Home.elf
Invoking: AVR C Linker
avr-gcc -Wl,-Map,Smart_Home.map -mmcu=atmega32 -o "Smart_Home.elf"  ./MCAL/PWM.o ./MCAL/adc.o ./MCAL/gpio.o  ./HAL/buzzer.o ./HAL/flame.o ./HAL/lcd.o ./HAL/ldr.o ./HAL/led.o ./HAL/lm35_sensor.o ./HAL/motor.o  ./main.o   
Finished building target: Smart_Home.elf
 
Invoking: AVR Create Extended Listing
avr-objdump -h -S Smart_Home.elf  >"Smart_Home.lss"
Finished building: Smart_Home.lss
 
Invoking: Print Size
avr-size --format=avr --mcu=atmega32 Smart_Home.elf
AVR Memory Usage
----------------
Device: atmega32

Program:   10022 bytes (30.6% Full)
(.text + .data + .bootloader)

Data:        291 bytes (14.2% Full)
(.data + .bss + .noinit)


Finished building: sizedummy
 
01:00:01 **** Incremental Build of configuration Debug for project Smart_Home ****
make all 
Building file: ../main.c
Invoking: AVR Compiler
avr-gcc -Wall -g2 -gstabs -O0 -fpack-struct -fshort-enums -ffunction-sections -fdata-sections -std=gnu99 -funsigned-char -funsigned-bitfields -mmcu=atmega32 -DF_CPU=16000000UL -MMD -MP -MF"main.d" -MT"main.o" -c -o "main.o" "../main.c"
In file included from ../main.c:1:
c:/winavr-20100110/lib/gcc/../../avr/include/avr/delay.h:36:2: warning: #warning "This file has been moved to <util/delay.h>."
In file included from c:/winavr-20100110/lib/gcc/../../avr/include/avr/delay.h:37,
                 from ../main.c:1:
c:/winavr-20100110/lib/gcc/../../avr/include/util/delay.h:90:3: warning: #warning "Compiler optimizations disabled; functions from <util/delay.h> won't work as designed"
Finished building: ../main.c
 
Building target: Smart_Home.elf
Invoking: AVR C Linker
avr-gcc -Wl,-Map,Smart_Home.map -mmcu=atmega32 -o "Smart_Home.elf"  ./MCAL/PWM.o ./MCAL/adc.o ./MCAL/gpio.o  ./HAL/buzzer.o ./HAL/flame.o ./HAL/lcd.o ./HAL/ldr.o ./HAL/led.o ./HAL/lm35_sensor.o ./HAL/motor.o  ./main.o   
Finished building target: Smart_Home.elf
 
Invoking: AVR Create Extended Listing
avr-objdump -h -S Smart_Home.elf  >"Smart_Home.lss"
Finished building: Smart_Home.lss
 
Invoking: Print Size
avr-size --format=avr --mcu=atmega32 Smart_Home.elf
AVR Memory Usage
----------------
Device: atmega32

Program:   10022 bytes (30.6% Full)
(.text + .data + .bootloader)

Data:        291 bytes (14.2% Full)
(.data + .bss + .noinit)


Finished building: sizedummy
 
01:00:48 **** Incremental Build of configuration Debug for project Smart_Home ****
make all 
Building file: ../main.c
Invoking: AVR Compiler
avr-gcc -Wall -g2 -gstabs -O0 -fpack-struct -fshort-enums -ffunction-sections -fdata-sections -std=gnu99 -funsigned-char -funsigned-bitfields -mmcu=atmega32 -DF_CPU=16000000UL -MMD -MP -MF"main.d" -MT"main.o" -c -o "main.o" "../main.c"
In file included from ../main.c:1:
c:/winavr-20100110/lib/gcc/../../avr/include/avr/delay.h:36:2: warning: #warning "This file has been moved to <util/delay.h>."
In file included from c:/winavr-20100110/lib/gcc/../../avr/include/avr/delay.h:37,
                 from ../main.c:1:
c:/winavr-20100110/lib/gcc/../../avr/include/util/delay.h:90:3: warning: #warning "Compiler optimizations disabled; functions from <util/delay.h> won't work as designed"
Finished building: ../main.c
 
Building target: Smart_Home.elf
Invoking: AVR C Linker
avr-gcc -Wl,-Map,Smart_Home.map -mmcu=atmega32 -o "Smart_Home.elf"  ./MCAL/PWM.o ./MCAL/adc.o ./MCAL/gpio.o  ./HAL/buzzer.o ./HAL/flame.o ./HAL/lcd.o ./HAL/ldr.o ./HAL/led.o ./HAL/lm35_sensor.o ./HAL/motor.o  ./main.o   
Finished building target: Smart_Home.elf
 
Invoking: AVR Create Extended Listing
avr-objdump -h -S Smart_Home.elf  >"Smart_Home.lss"
Finished building: Smart_Home.lss
 
Invoking: Print Size
avr-size --format=avr --mcu=atmega32 Smart_Home.elf
AVR Memory Usage
----------------
Device: atmega32

Program:   10030 bytes (30.6% Full)
(.text + .data + .bootloader)

Data:        291 bytes (14.2% Full)
(.data + .bss + .noinit)


Finished building: sizedummy
 
01:02:13 **** Incremental Build of configuration Debug for project Smart_Home ****
make all 
Building file: ../HAL/lm35_sensor.c
Invoking: AVR Compiler
avr-gcc -Wall -g2 -gstabs -O0 -fpack-struct -fshort-enums -ffunction-sections -fdata-sections -std=gnu99 -funsigned-char -funsigned-bitfields -mmcu=atmega32 -DF_CPU=16000000UL -MMD -MP -MF"HAL/lm35_sensor.d" -MT"HAL/lm35_sensor.o" -c -o "HAL/lm35_sensor.o" "../HAL/lm35_sensor.c"
../HAL/lm35_sensor.c: In function 'LM35_getTemperature':
../HAL/lm35_sensor.c:30: error: invalid type argument of 'unary *' (have 'double')
make: *** [HAL/lm35_sensor.o] Error 1
"make all" terminated with exit code 2. Build might be incomplete.
01:02:22 **** Incremental Build of configuration Debug for project Smart_Home ****
make all 
Building file: ../HAL/lm35_sensor.c
Invoking: AVR Compiler
avr-gcc -Wall -g2 -gstabs -O0 -fpack-struct -fshort-enums -ffunction-sections -fdata-sections -std=gnu99 -funsigned-char -funsigned-bitfields -mmcu=atmega32 -DF_CPU=16000000UL -MMD -MP -MF"HAL/lm35_sensor.d" -MT"HAL/lm35_sensor.o" -c -o "HAL/lm35_sensor.o" "../HAL/lm35_sensor.c"
../HAL/lm35_sensor.c: In function 'LM35_getTemperature':
../HAL/lm35_sensor.c:30: error: invalid type argument of 'unary *' (have 'double')
make: *** [HAL/lm35_sensor.o] Error 1
"make all" terminated with exit code 2. Build might be incomplete.
01:02:44 **** Incremental Build of configuration Debug for project Smart_Home ****
make all 
Building file: ../HAL/lm35_sensor.c
Invoking: AVR Compiler
avr-gcc -Wall -g2 -gstabs -O0 -fpack-struct -fshort-enums -ffunction-sections -fdata-sections -std=gnu99 -funsigned-char -funsigned-bitfields -mmcu=atmega32 -DF_CPU=16000000UL -MMD -MP -MF"HAL/lm35_sensor.d" -MT"HAL/lm35_sensor.o" -c -o "HAL/lm35_sensor.o" "../HAL/lm35_sensor.c"
Finished building: ../HAL/lm35_sensor.c
 
Building file: ../main.c
Invoking: AVR Compiler
avr-gcc -Wall -g2 -gstabs -O0 -fpack-struct -fshort-enums -ffunction-sections -fdata-sections -std=gnu99 -funsigned-char -funsigned-bitfields -mmcu=atmega32 -DF_CPU=16000000UL -MMD -MP -MF"main.d" -MT"main.o" -c -o "main.o" "../main.c"
In file included from ../main.c:1:
c:/winavr-20100110/lib/gcc/../../avr/include/avr/delay.h:36:2: warning: #warning "This file has been moved to <util/delay.h>."
In file included from c:/winavr-20100110/lib/gcc/../../avr/include/avr/delay.h:37,
                 from ../main.c:1:
c:/winavr-20100110/lib/gcc/../../avr/include/util/delay.h:90:3: warning: #warning "Compiler optimizations disabled; functions from <util/delay.h> won't work as designed"
Finished building: ../main.c
 
Building target: Smart_Home.elf
Invoking: AVR C Linker
avr-gcc -Wl,-Map,Smart_Home.map -mmcu=atmega32 -o "Smart_Home.elf"  ./MCAL/PWM.o ./MCAL/adc.o ./MCAL/gpio.o  ./HAL/buzzer.o ./HAL/flame.o ./HAL/lcd.o ./HAL/ldr.o ./HAL/led.o ./HAL/lm35_sensor.o ./HAL/motor.o  ./main.o   
Finished building target: Smart_Home.elf
 
Invoking: AVR Create Extended Listing
avr-objdump -h -S Smart_Home.elf  >"Smart_Home.lss"
Finished building: Smart_Home.lss
 
Invoking: Print Size
avr-size --format=avr --mcu=atmega32 Smart_Home.elf
AVR Memory Usage
----------------
Device: atmega32

Program:   10030 bytes (30.6% Full)
(.text + .data + .bootloader)

Data:        291 bytes (14.2% Full)
(.data + .bss + .noinit)


Finished building: sizedummy
 
01:13:54 **** Incremental Build of configuration Debug for project Smart_Home ****
make all 
Building file: ../MCAL/adc.c
Invoking: AVR Compiler
avr-gcc -Wall -g2 -gstabs -O0 -fpack-struct -fshort-enums -ffunction-sections -fdata-sections -std=gnu99 -funsigned-char -funsigned-bitfields -mmcu=atmega32 -DF_CPU=16000000UL -MMD -MP -MF"MCAL/adc.d" -MT"MCAL/adc.o" -c -o "MCAL/adc.o" "../MCAL/adc.c"
In file included from ../MCAL/adc.c:2:
../MCAL/adc.h:19: error: redeclaration of enumerator 'ADC_2_PRESCALER'
../MCAL/adc.h:18: error: previous definition of 'ADC_2_PRESCALER' was here
../MCAL/adc.h:34: warning: useless storage class specifier in empty declaration
make: *** [MCAL/adc.o] Error 1
"make all" terminated with exit code 2. Build might be incomplete.
01:14:10 **** Incremental Build of configuration Debug for project Smart_Home ****
make all 
Building file: ../MCAL/adc.c
Invoking: AVR Compiler
avr-gcc -Wall -g2 -gstabs -O0 -fpack-struct -fshort-enums -ffunction-sections -fdata-sections -std=gnu99 -funsigned-char -funsigned-bitfields -mmcu=atmega32 -DF_CPU=16000000UL -MMD -MP -MF"MCAL/adc.d" -MT"MCAL/adc.o" -c -o "MCAL/adc.o" "../MCAL/adc.c"
In file included from ../MCAL/adc.c:2:
../MCAL/adc.h:33: warning: useless storage class specifier in empty declaration
Finished building: ../MCAL/adc.c
 
Building file: ../HAL/ldr.c
Invoking: AVR Compiler
avr-gcc -Wall -g2 -gstabs -O0 -fpack-struct -fshort-enums -ffunction-sections -fdata-sections -std=gnu99 -funsigned-char -funsigned-bitfields -mmcu=atmega32 -DF_CPU=16000000UL -MMD -MP -MF"HAL/ldr.d" -MT"HAL/ldr.o" -c -o "HAL/ldr.o" "../HAL/ldr.c"
In file included from ../HAL/ldr.c:2:
../HAL/../MCAL/adc.h:33: warning: useless storage class specifier in empty declaration
Finished building: ../HAL/ldr.c
 
Building file: ../HAL/lm35_sensor.c
Invoking: AVR Compiler
avr-gcc -Wall -g2 -gstabs -O0 -fpack-struct -fshort-enums -ffunction-sections -fdata-sections -std=gnu99 -funsigned-char -funsigned-bitfields -mmcu=atmega32 -DF_CPU=16000000UL -MMD -MP -MF"HAL/lm35_sensor.d" -MT"HAL/lm35_sensor.o" -c -o "HAL/lm35_sensor.o" "../HAL/lm35_sensor.c"
In file included from ../HAL/lm35_sensor.c:14:
../HAL/../MCAL/adc.h:33: warning: useless storage class specifier in empty declaration
Finished building: ../HAL/lm35_sensor.c
 
Building file: ../main.c
Invoking: AVR Compiler
avr-gcc -Wall -g2 -gstabs -O0 -fpack-struct -fshort-enums -ffunction-sections -fdata-sections -std=gnu99 -funsigned-char -funsigned-bitfields -mmcu=atmega32 -DF_CPU=16000000UL -MMD -MP -MF"main.d" -MT"main.o" -c -o "main.o" "../main.c"
In file included from ../main.c:1:
c:/winavr-20100110/lib/gcc/../../avr/include/avr/delay.h:36:2: warning: #warning "This file has been moved to <util/delay.h>."
In file included from c:/winavr-20100110/lib/gcc/../../avr/include/avr/delay.h:37,
                 from ../main.c:1:
c:/winavr-20100110/lib/gcc/../../avr/include/util/delay.h:90:3: warning: #warning "Compiler optimizations disabled; functions from <util/delay.h> won't work as designed"
In file included from ../main.c:3:
../MCAL/adc.h:33: warning: useless storage class specifier in empty declaration
../main.c: In function 'main':
../main.c:81: error: expected expression before ',' token
../main.c:83: error: incompatible type for argument 1 of 'ADC_init'
make: *** [main.o] Error 1
"make all" terminated with exit code 2. Build might be incomplete.
01:15:10 **** Incremental Build of configuration Debug for project Smart_Home ****
make all 
Building file: ../MCAL/adc.c
Invoking: AVR Compiler
avr-gcc -Wall -g2 -gstabs -O0 -fpack-struct -fshort-enums -ffunction-sections -fdata-sections -std=gnu99 -funsigned-char -funsigned-bitfields -mmcu=atmega32 -DF_CPU=16000000UL -MMD -MP -MF"MCAL/adc.d" -MT"MCAL/adc.o" -c -o "MCAL/adc.o" "../MCAL/adc.c"
In file included from ../MCAL/adc.c:2:
../MCAL/adc.h:33: warning: useless storage class specifier in empty declaration
Finished building: ../MCAL/adc.c
 
Building file: ../HAL/ldr.c
Invoking: AVR Compiler
avr-gcc -Wall -g2 -gstabs -O0 -fpack-struct -fshort-enums -ffunction-sections -fdata-sections -std=gnu99 -funsigned-char -funsigned-bitfields -mmcu=atmega32 -DF_CPU=16000000UL -MMD -MP -MF"HAL/ldr.d" -MT"HAL/ldr.o" -c -o "HAL/ldr.o" "../HAL/ldr.c"
In file included from ../HAL/ldr.c:2:
../HAL/../MCAL/adc.h:33: warning: useless storage class specifier in empty declaration
Finished building: ../HAL/ldr.c
 
Building file: ../HAL/lm35_sensor.c
Invoking: AVR Compiler
avr-gcc -Wall -g2 -gstabs -O0 -fpack-struct -fshort-enums -ffunction-sections -fdata-sections -std=gnu99 -funsigned-char -funsigned-bitfields -mmcu=atmega32 -DF_CPU=16000000UL -MMD -MP -MF"HAL/lm35_sensor.d" -MT"HAL/lm35_sensor.o" -c -o "HAL/lm35_sensor.o" "../HAL/lm35_sensor.c"
In file included from ../HAL/lm35_sensor.c:14:
../HAL/../MCAL/adc.h:33: warning: useless storage class specifier in empty declaration
Finished building: ../HAL/lm35_sensor.c
 
Building file: ../main.c
Invoking: AVR Compiler
avr-gcc -Wall -g2 -gstabs -O0 -fpack-struct -fshort-enums -ffunction-sections -fdata-sections -std=gnu99 -funsigned-char -funsigned-bitfields -mmcu=atmega32 -DF_CPU=16000000UL -MMD -MP -MF"main.d" -MT"main.o" -c -o "main.o" "../main.c"
In file included from ../main.c:1:
c:/winavr-20100110/lib/gcc/../../avr/include/avr/delay.h:36:2: warning: #warning "This file has been moved to <util/delay.h>."
In file included from c:/winavr-20100110/lib/gcc/../../avr/include/avr/delay.h:37,
                 from ../main.c:1:
c:/winavr-20100110/lib/gcc/../../avr/include/util/delay.h:90:3: warning: #warning "Compiler optimizations disabled; functions from <util/delay.h> won't work as designed"
In file included from ../main.c:3:
../MCAL/adc.h:33: warning: useless storage class specifier in empty declaration
../main.c: In function 'main':
../main.c:83: error: incompatible type for argument 1 of 'ADC_init'
make: *** [main.o] Error 1
"make all" terminated with exit code 2. Build might be incomplete.
01:15:40 **** Incremental Build of configuration Debug for project Smart_Home ****
make all 
Building file: ../MCAL/adc.c
Invoking: AVR Compiler
avr-gcc -Wall -g2 -gstabs -O0 -fpack-struct -fshort-enums -ffunction-sections -fdata-sections -std=gnu99 -funsigned-char -funsigned-bitfields -mmcu=atmega32 -DF_CPU=16000000UL -MMD -MP -MF"MCAL/adc.d" -MT"MCAL/adc.o" -c -o "MCAL/adc.o" "../MCAL/adc.c"
In file included from ../MCAL/adc.c:2:
../MCAL/adc.h:35: error: two or more data types in declaration specifiers
../MCAL/adc.c:5: error: 'ADC_init' redeclared as different kind of symbol
../MCAL/adc.h:35: error: previous declaration of 'ADC_init' was here
make: *** [MCAL/adc.o] Error 1
"make all" terminated with exit code 2. Build might be incomplete.
01:15:44 **** Incremental Build of configuration Debug for project Smart_Home ****
make all 
Building file: ../MCAL/adc.c
Invoking: AVR Compiler
avr-gcc -Wall -g2 -gstabs -O0 -fpack-struct -fshort-enums -ffunction-sections -fdata-sections -std=gnu99 -funsigned-char -funsigned-bitfields -mmcu=atmega32 -DF_CPU=16000000UL -MMD -MP -MF"MCAL/adc.d" -MT"MCAL/adc.o" -c -o "MCAL/adc.o" "../MCAL/adc.c"
In file included from ../MCAL/adc.c:2:
../MCAL/adc.h:33: warning: useless storage class specifier in empty declaration
Finished building: ../MCAL/adc.c
 
Building file: ../HAL/ldr.c
Invoking: AVR Compiler
avr-gcc -Wall -g2 -gstabs -O0 -fpack-struct -fshort-enums -ffunction-sections -fdata-sections -std=gnu99 -funsigned-char -funsigned-bitfields -mmcu=atmega32 -DF_CPU=16000000UL -MMD -MP -MF"HAL/ldr.d" -MT"HAL/ldr.o" -c -o "HAL/ldr.o" "../HAL/ldr.c"
In file included from ../HAL/ldr.c:2:
../HAL/../MCAL/adc.h:33: warning: useless storage class specifier in empty declaration
Finished building: ../HAL/ldr.c
 
Building file: ../HAL/lm35_sensor.c
Invoking: AVR Compiler
avr-gcc -Wall -g2 -gstabs -O0 -fpack-struct -fshort-enums -ffunction-sections -fdata-sections -std=gnu99 -funsigned-char -funsigned-bitfields -mmcu=atmega32 -DF_CPU=16000000UL -MMD -MP -MF"HAL/lm35_sensor.d" -MT"HAL/lm35_sensor.o" -c -o "HAL/lm35_sensor.o" "../HAL/lm35_sensor.c"
In file included from ../HAL/lm35_sensor.c:14:
../HAL/../MCAL/adc.h:33: warning: useless storage class specifier in empty declaration
Finished building: ../HAL/lm35_sensor.c
 
Building file: ../main.c
Invoking: AVR Compiler
avr-gcc -Wall -g2 -gstabs -O0 -fpack-struct -fshort-enums -ffunction-sections -fdata-sections -std=gnu99 -funsigned-char -funsigned-bitfields -mmcu=atmega32 -DF_CPU=16000000UL -MMD -MP -MF"main.d" -MT"main.o" -c -o "main.o" "../main.c"
In file included from ../main.c:1:
c:/winavr-20100110/lib/gcc/../../avr/include/avr/delay.h:36:2: warning: #warning "This file has been moved to <util/delay.h>."
In file included from c:/winavr-20100110/lib/gcc/../../avr/include/avr/delay.h:37,
                 from ../main.c:1:
c:/winavr-20100110/lib/gcc/../../avr/include/util/delay.h:90:3: warning: #warning "Compiler optimizations disabled; functions from <util/delay.h> won't work as designed"
In file included from ../main.c:3:
../MCAL/adc.h:33: warning: useless storage class specifier in empty declaration
../main.c: In function 'main':
../main.c:83: error: incompatible type for argument 1 of 'ADC_init'
make: *** [main.o] Error 1
"make all" terminated with exit code 2. Build might be incomplete.
01:15:57 **** Incremental Build of configuration Debug for project Smart_Home ****
make all 
Building file: ../MCAL/adc.c
Invoking: AVR Compiler
avr-gcc -Wall -g2 -gstabs -O0 -fpack-struct -fshort-enums -ffunction-sections -fdata-sections -std=gnu99 -funsigned-char -funsigned-bitfields -mmcu=atmega32 -DF_CPU=16000000UL -MMD -MP -MF"MCAL/adc.d" -MT"MCAL/adc.o" -c -o "MCAL/adc.o" "../MCAL/adc.c"
In file included from ../MCAL/adc.c:2:
../MCAL/adc.h:33: warning: useless storage class specifier in empty declaration
Finished building: ../MCAL/adc.c
 
Building file: ../HAL/ldr.c
Invoking: AVR Compiler
avr-gcc -Wall -g2 -gstabs -O0 -fpack-struct -fshort-enums -ffunction-sections -fdata-sections -std=gnu99 -funsigned-char -funsigned-bitfields -mmcu=atmega32 -DF_CPU=16000000UL -MMD -MP -MF"HAL/ldr.d" -MT"HAL/ldr.o" -c -o "HAL/ldr.o" "../HAL/ldr.c"
In file included from ../HAL/ldr.c:2:
../HAL/../MCAL/adc.h:33: warning: useless storage class specifier in empty declaration
Finished building: ../HAL/ldr.c
 
Building file: ../HAL/lm35_sensor.c
Invoking: AVR Compiler
avr-gcc -Wall -g2 -gstabs -O0 -fpack-struct -fshort-enums -ffunction-sections -fdata-sections -std=gnu99 -funsigned-char -funsigned-bitfields -mmcu=atmega32 -DF_CPU=16000000UL -MMD -MP -MF"HAL/lm35_sensor.d" -MT"HAL/lm35_sensor.o" -c -o "HAL/lm35_sensor.o" "../HAL/lm35_sensor.c"
In file included from ../HAL/lm35_sensor.c:14:
../HAL/../MCAL/adc.h:33: warning: useless storage class specifier in empty declaration
Finished building: ../HAL/lm35_sensor.c
 
Building file: ../main.c
Invoking: AVR Compiler
avr-gcc -Wall -g2 -gstabs -O0 -fpack-struct -fshort-enums -ffunction-sections -fdata-sections -std=gnu99 -funsigned-char -funsigned-bitfields -mmcu=atmega32 -DF_CPU=16000000UL -MMD -MP -MF"main.d" -MT"main.o" -c -o "main.o" "../main.c"
In file included from ../main.c:1:
c:/winavr-20100110/lib/gcc/../../avr/include/avr/delay.h:36:2: warning: #warning "This file has been moved to <util/delay.h>."
In file included from c:/winavr-20100110/lib/gcc/../../avr/include/avr/delay.h:37,
                 from ../main.c:1:
c:/winavr-20100110/lib/gcc/../../avr/include/util/delay.h:90:3: warning: #warning "Compiler optimizations disabled; functions from <util/delay.h> won't work as designed"
In file included from ../main.c:3:
../MCAL/adc.h:33: warning: useless storage class specifier in empty declaration
../main.c: In function 'main':
../main.c:83: error: incompatible type for argument 1 of 'ADC_init'
make: *** [main.o] Error 1
"make all" terminated with exit code 2. Build might be incomplete.
01:16:14 **** Incremental Build of configuration Debug for project Smart_Home ****
make all 
Building file: ../main.c
Invoking: AVR Compiler
avr-gcc -Wall -g2 -gstabs -O0 -fpack-struct -fshort-enums -ffunction-sections -fdata-sections -std=gnu99 -funsigned-char -funsigned-bitfields -mmcu=atmega32 -DF_CPU=16000000UL -MMD -MP -MF"main.d" -MT"main.o" -c -o "main.o" "../main.c"
In file included from ../main.c:1:
c:/winavr-20100110/lib/gcc/../../avr/include/avr/delay.h:36:2: warning: #warning "This file has been moved to <util/delay.h>."
In file included from c:/winavr-20100110/lib/gcc/../../avr/include/avr/delay.h:37,
                 from ../main.c:1:
c:/winavr-20100110/lib/gcc/../../avr/include/util/delay.h:90:3: warning: #warning "Compiler optimizations disabled; functions from <util/delay.h> won't work as designed"
In file included from ../main.c:3:
../MCAL/adc.h:33: warning: useless storage class specifier in empty declaration
../main.c: In function 'main':
../main.c:81: error: 'ADC_Config' undeclared (first use in this function)
../main.c:81: error: (Each undeclared identifier is reported only once
../main.c:81: error: for each function it appears in.)
../main.c:81: error: expected ';' before 'config'
../main.c:83: error: 'config' undeclared (first use in this function)
make: *** [main.o] Error 1
"make all" terminated with exit code 2. Build might be incomplete.
01:16:27 **** Incremental Build of configuration Debug for project Smart_Home ****
make all 
Building file: ../main.c
Invoking: AVR Compiler
avr-gcc -Wall -g2 -gstabs -O0 -fpack-struct -fshort-enums -ffunction-sections -fdata-sections -std=gnu99 -funsigned-char -funsigned-bitfields -mmcu=atmega32 -DF_CPU=16000000UL -MMD -MP -MF"main.d" -MT"main.o" -c -o "main.o" "../main.c"
In file included from ../main.c:1:
c:/winavr-20100110/lib/gcc/../../avr/include/avr/delay.h:36:2: warning: #warning "This file has been moved to <util/delay.h>."
In file included from c:/winavr-20100110/lib/gcc/../../avr/include/avr/delay.h:37,
                 from ../main.c:1:
c:/winavr-20100110/lib/gcc/../../avr/include/util/delay.h:90:3: warning: #warning "Compiler optimizations disabled; functions from <util/delay.h> won't work as designed"
In file included from ../main.c:3:
../MCAL/adc.h:33: warning: useless storage class specifier in empty declaration
../main.c: In function 'main':
../main.c:81: error: 'ADC_Config' undeclared (first use in this function)
../main.c:81: error: (Each undeclared identifier is reported only once
../main.c:81: error: for each function it appears in.)
../main.c:81: error: expected ';' before 'config'
../main.c:83: error: 'config' undeclared (first use in this function)
make: *** [main.o] Error 1
"make all" terminated with exit code 2. Build might be incomplete.
01:16:38 **** Incremental Build of configuration Debug for project Smart_Home ****
make all 
Building file: ../MCAL/adc.c
Invoking: AVR Compiler
avr-gcc -Wall -g2 -gstabs -O0 -fpack-struct -fshort-enums -ffunction-sections -fdata-sections -std=gnu99 -funsigned-char -funsigned-bitfields -mmcu=atmega32 -DF_CPU=16000000UL -MMD -MP -MF"MCAL/adc.d" -MT"MCAL/adc.o" -c -o "MCAL/adc.o" "../MCAL/adc.c"
Finished building: ../MCAL/adc.c
 
Building file: ../HAL/ldr.c
Invoking: AVR Compiler
avr-gcc -Wall -g2 -gstabs -O0 -fpack-struct -fshort-enums -ffunction-sections -fdata-sections -std=gnu99 -funsigned-char -funsigned-bitfields -mmcu=atmega32 -DF_CPU=16000000UL -MMD -MP -MF"HAL/ldr.d" -MT"HAL/ldr.o" -c -o "HAL/ldr.o" "../HAL/ldr.c"
Finished building: ../HAL/ldr.c
 
Building file: ../HAL/lm35_sensor.c
Invoking: AVR Compiler
avr-gcc -Wall -g2 -gstabs -O0 -fpack-struct -fshort-enums -ffunction-sections -fdata-sections -std=gnu99 -funsigned-char -funsigned-bitfields -mmcu=atmega32 -DF_CPU=16000000UL -MMD -MP -MF"HAL/lm35_sensor.d" -MT"HAL/lm35_sensor.o" -c -o "HAL/lm35_sensor.o" "../HAL/lm35_sensor.c"
Finished building: ../HAL/lm35_sensor.c
 
Building file: ../main.c
Invoking: AVR Compiler
avr-gcc -Wall -g2 -gstabs -O0 -fpack-struct -fshort-enums -ffunction-sections -fdata-sections -std=gnu99 -funsigned-char -funsigned-bitfields -mmcu=atmega32 -DF_CPU=16000000UL -MMD -MP -MF"main.d" -MT"main.o" -c -o "main.o" "../main.c"
In file included from ../main.c:1:
c:/winavr-20100110/lib/gcc/../../avr/include/avr/delay.h:36:2: warning: #warning "This file has been moved to <util/delay.h>."
In file included from c:/winavr-20100110/lib/gcc/../../avr/include/avr/delay.h:37,
                 from ../main.c:1:
c:/winavr-20100110/lib/gcc/../../avr/include/util/delay.h:90:3: warning: #warning "Compiler optimizations disabled; functions from <util/delay.h> won't work as designed"
../main.c: In function 'main':
../main.c:83: error: incompatible type for argument 1 of 'ADC_init'
make: *** [main.o] Error 1
"make all" terminated with exit code 2. Build might be incomplete.
01:17:31 **** Incremental Build of configuration Debug for project Smart_Home ****
make all 
Building file: ../MCAL/adc.c
Invoking: AVR Compiler
avr-gcc -Wall -g2 -gstabs -O0 -fpack-struct -fshort-enums -ffunction-sections -fdata-sections -std=gnu99 -funsigned-char -funsigned-bitfields -mmcu=atmega32 -DF_CPU=16000000UL -MMD -MP -MF"MCAL/adc.d" -MT"MCAL/adc.o" -c -o "MCAL/adc.o" "../MCAL/adc.c"
Finished building: ../MCAL/adc.c
 
Building file: ../HAL/ldr.c
Invoking: AVR Compiler
avr-gcc -Wall -g2 -gstabs -O0 -fpack-struct -fshort-enums -ffunction-sections -fdata-sections -std=gnu99 -funsigned-char -funsigned-bitfields -mmcu=atmega32 -DF_CPU=16000000UL -MMD -MP -MF"HAL/ldr.d" -MT"HAL/ldr.o" -c -o "HAL/ldr.o" "../HAL/ldr.c"
Finished building: ../HAL/ldr.c
 
Building file: ../HAL/lm35_sensor.c
Invoking: AVR Compiler
avr-gcc -Wall -g2 -gstabs -O0 -fpack-struct -fshort-enums -ffunction-sections -fdata-sections -std=gnu99 -funsigned-char -funsigned-bitfields -mmcu=atmega32 -DF_CPU=16000000UL -MMD -MP -MF"HAL/lm35_sensor.d" -MT"HAL/lm35_sensor.o" -c -o "HAL/lm35_sensor.o" "../HAL/lm35_sensor.c"
Finished building: ../HAL/lm35_sensor.c
 
Building file: ../main.c
Invoking: AVR Compiler
avr-gcc -Wall -g2 -gstabs -O0 -fpack-struct -fshort-enums -ffunction-sections -fdata-sections -std=gnu99 -funsigned-char -funsigned-bitfields -mmcu=atmega32 -DF_CPU=16000000UL -MMD -MP -MF"main.d" -MT"main.o" -c -o "main.o" "../main.c"
In file included from ../main.c:1:
c:/winavr-20100110/lib/gcc/../../avr/include/avr/delay.h:36:2: warning: #warning "This file has been moved to <util/delay.h>."
In file included from c:/winavr-20100110/lib/gcc/../../avr/include/avr/delay.h:37,
                 from ../main.c:1:
c:/winavr-20100110/lib/gcc/../../avr/include/util/delay.h:90:3: warning: #warning "Compiler optimizations disabled; functions from <util/delay.h> won't work as designed"
Finished building: ../main.c
 
Building target: Smart_Home.elf
Invoking: AVR C Linker
avr-gcc -Wl,-Map,Smart_Home.map -mmcu=atmega32 -o "Smart_Home.elf"  ./MCAL/PWM.o ./MCAL/adc.o ./MCAL/gpio.o  ./HAL/buzzer.o ./HAL/flame.o ./HAL/lcd.o ./HAL/ldr.o ./HAL/led.o ./HAL/lm35_sensor.o ./HAL/motor.o  ./main.o   
Finished building target: Smart_Home.elf
 
Invoking: AVR Create Extended Listing
avr-objdump -h -S Smart_Home.elf  >"Smart_Home.lss"
Finished building: Smart_Home.lss
 
Invoking: Print Size
avr-size --format=avr --mcu=atmega32 Smart_Home.elf
AVR Memory Usage
----------------
Device: atmega32

Program:   10058 bytes (30.7% Full)
(.text + .data + .bootloader)

Data:        291 bytes (14.2% Full)
(.data + .bss + .noinit)


Finished building: sizedummy
 
01:23:08 **** Incremental Build of configuration Debug for project Smart_Home ****
make all 
Building file: ../main.c
Invoking: AVR Compiler
avr-gcc -Wall -g2 -gstabs -O0 -fpack-struct -fshort-enums -ffunction-sections -fdata-sections -std=gnu99 -funsigned-char -funsigned-bitfields -mmcu=atmega32 -DF_CPU=16000000UL -MMD -MP -MF"main.d" -MT"main.o" -c -o "main.o" "../main.c"
In file included from ../main.c:1:
c:/winavr-20100110/lib/gcc/../../avr/include/avr/delay.h:36:2: warning: #warning "This file has been moved to <util/delay.h>."
In file included from c:/winavr-20100110/lib/gcc/../../avr/include/avr/delay.h:37,
                 from ../main.c:1:
c:/winavr-20100110/lib/gcc/../../avr/include/util/delay.h:90:3: warning: #warning "Compiler optimizations disabled; functions from <util/delay.h> won't work as designed"
../main.c: In function 'main':
../main.c:121: error: too few arguments to function 'printInfo'
../main.c:139: error: expected ';' before '}' token
../main.c:102: warning: unused variable 'flame'
make: *** [main.o] Error 1
"make all" terminated with exit code 2. Build might be incomplete.
01:23:21 **** Incremental Build of configuration Debug for project Smart_Home ****
make all 
Building file: ../main.c
Invoking: AVR Compiler
avr-gcc -Wall -g2 -gstabs -O0 -fpack-struct -fshort-enums -ffunction-sections -fdata-sections -std=gnu99 -funsigned-char -funsigned-bitfields -mmcu=atmega32 -DF_CPU=16000000UL -MMD -MP -MF"main.d" -MT"main.o" -c -o "main.o" "../main.c"
In file included from ../main.c:1:
c:/winavr-20100110/lib/gcc/../../avr/include/avr/delay.h:36:2: warning: #warning "This file has been moved to <util/delay.h>."
In file included from c:/winavr-20100110/lib/gcc/../../avr/include/avr/delay.h:37,
                 from ../main.c:1:
c:/winavr-20100110/lib/gcc/../../avr/include/util/delay.h:90:3: warning: #warning "Compiler optimizations disabled; functions from <util/delay.h> won't work as designed"
../main.c: In function 'main':
../main.c:102: warning: unused variable 'flame'
Finished building: ../main.c
 
Building target: Smart_Home.elf
Invoking: AVR C Linker
avr-gcc -Wl,-Map,Smart_Home.map -mmcu=atmega32 -o "Smart_Home.elf"  ./MCAL/PWM.o ./MCAL/adc.o ./MCAL/gpio.o  ./HAL/buzzer.o ./HAL/flame.o ./HAL/lcd.o ./HAL/ldr.o ./HAL/led.o ./HAL/lm35_sensor.o ./HAL/motor.o  ./main.o   
Finished building target: Smart_Home.elf
 
Invoking: AVR Create Extended Listing
avr-objdump -h -S Smart_Home.elf  >"Smart_Home.lss"
Finished building: Smart_Home.lss
 
Invoking: Print Size
avr-size --format=avr --mcu=atmega32 Smart_Home.elf
AVR Memory Usage
----------------
Device: atmega32

Program:   10216 bytes (31.2% Full)
(.text + .data + .bootloader)

Data:        307 bytes (15.0% Full)
(.data + .bss + .noinit)


Finished building: sizedummy
 
01:23:48 **** Incremental Build of configuration Debug for project Smart_Home ****
make all 
Building file: ../main.c
Invoking: AVR Compiler
avr-gcc -Wall -g2 -gstabs -O0 -fpack-struct -fshort-enums -ffunction-sections -fdata-sections -std=gnu99 -funsigned-char -funsigned-bitfields -mmcu=atmega32 -DF_CPU=16000000UL -MMD -MP -MF"main.d" -MT"main.o" -c -o "main.o" "../main.c"
In file included from ../main.c:1:
c:/winavr-20100110/lib/gcc/../../avr/include/avr/delay.h:36:2: warning: #warning "This file has been moved to <util/delay.h>."
In file included from c:/winavr-20100110/lib/gcc/../../avr/include/avr/delay.h:37,
                 from ../main.c:1:
c:/winavr-20100110/lib/gcc/../../avr/include/util/delay.h:90:3: warning: #warning "Compiler optimizations disabled; functions from <util/delay.h> won't work as designed"
../main.c: In function 'main':
../main.c:102: warning: unused variable 'flame'
Finished building: ../main.c
 
Building target: Smart_Home.elf
Invoking: AVR C Linker
avr-gcc -Wl,-Map,Smart_Home.map -mmcu=atmega32 -o "Smart_Home.elf"  ./MCAL/PWM.o ./MCAL/adc.o ./MCAL/gpio.o  ./HAL/buzzer.o ./HAL/flame.o ./HAL/lcd.o ./HAL/ldr.o ./HAL/led.o ./HAL/lm35_sensor.o ./HAL/motor.o  ./main.o   
Finished building target: Smart_Home.elf
 
Invoking: AVR Create Extended Listing
avr-objdump -h -S Smart_Home.elf  >"Smart_Home.lss"
Finished building: Smart_Home.lss
 
Invoking: Print Size
avr-size --format=avr --mcu=atmega32 Smart_Home.elf
AVR Memory Usage
----------------
Device: atmega32

Program:   10212 bytes (31.2% Full)
(.text + .data + .bootloader)

Data:        303 bytes (14.8% Full)
(.data + .bss + .noinit)


Finished building: sizedummy
 
01:23:50 **** Incremental Build of configuration Debug for project Smart_Home ****
make all 
Building file: ../main.c
Invoking: AVR Compiler
avr-gcc -Wall -g2 -gstabs -O0 -fpack-struct -fshort-enums -ffunction-sections -fdata-sections -std=gnu99 -funsigned-char -funsigned-bitfields -mmcu=atmega32 -DF_CPU=16000000UL -MMD -MP -MF"main.d" -MT"main.o" -c -o "main.o" "../main.c"
In file included from ../main.c:1:
c:/winavr-20100110/lib/gcc/../../avr/include/avr/delay.h:36:2: warning: #warning "This file has been moved to <util/delay.h>."
In file included from c:/winavr-20100110/lib/gcc/../../avr/include/avr/delay.h:37,
                 from ../main.c:1:
c:/winavr-20100110/lib/gcc/../../avr/include/util/delay.h:90:3: warning: #warning "Compiler optimizations disabled; functions from <util/delay.h> won't work as designed"
../main.c: In function 'main':
../main.c:102: warning: unused variable 'flame'
Finished building: ../main.c
 
Building target: Smart_Home.elf
Invoking: AVR C Linker
avr-gcc -Wl,-Map,Smart_Home.map -mmcu=atmega32 -o "Smart_Home.elf"  ./MCAL/PWM.o ./MCAL/adc.o ./MCAL/gpio.o  ./HAL/buzzer.o ./HAL/flame.o ./HAL/lcd.o ./HAL/ldr.o ./HAL/led.o ./HAL/lm35_sensor.o ./HAL/motor.o  ./main.o   
Finished building target: Smart_Home.elf
 
Invoking: AVR Create Extended Listing
avr-objdump -h -S Smart_Home.elf  >"Smart_Home.lss"
Finished building: Smart_Home.lss
 
Invoking: Print Size
avr-size --format=avr --mcu=atmega32 Smart_Home.elf
AVR Memory Usage
----------------
Device: atmega32

Program:   10214 bytes (31.2% Full)
(.text + .data + .bootloader)

Data:        305 bytes (14.9% Full)
(.data + .bss + .noinit)


Finished building: sizedummy
 
01:25:40 **** Incremental Build of configuration Debug for project Smart_Home ****
make all 
Building file: ../main.c
Invoking: AVR Compiler
avr-gcc -Wall -g2 -gstabs -O0 -fpack-struct -fshort-enums -ffunction-sections -fdata-sections -std=gnu99 -funsigned-char -funsigned-bitfields -mmcu=atmega32 -DF_CPU=16000000UL -MMD -MP -MF"main.d" -MT"main.o" -c -o "main.o" "../main.c"
In file included from ../main.c:1:
c:/winavr-20100110/lib/gcc/../../avr/include/avr/delay.h:36:2: warning: #warning "This file has been moved to <util/delay.h>."
In file included from c:/winavr-20100110/lib/gcc/../../avr/include/avr/delay.h:37,
                 from ../main.c:1:
c:/winavr-20100110/lib/gcc/../../avr/include/util/delay.h:90:3: warning: #warning "Compiler optimizations disabled; functions from <util/delay.h> won't work as designed"
../main.c: In function 'main':
../main.c:102: warning: unused variable 'flame'
Finished building: ../main.c
 
Building target: Smart_Home.elf
Invoking: AVR C Linker
avr-gcc -Wl,-Map,Smart_Home.map -mmcu=atmega32 -o "Smart_Home.elf"  ./MCAL/PWM.o ./MCAL/adc.o ./MCAL/gpio.o  ./HAL/buzzer.o ./HAL/flame.o ./HAL/lcd.o ./HAL/ldr.o ./HAL/led.o ./HAL/lm35_sensor.o ./HAL/motor.o  ./main.o   
Finished building target: Smart_Home.elf
 
Invoking: AVR Create Extended Listing
avr-objdump -h -S Smart_Home.elf  >"Smart_Home.lss"
Finished building: Smart_Home.lss
 
Invoking: Print Size
avr-size --format=avr --mcu=atmega32 Smart_Home.elf
AVR Memory Usage
----------------
Device: atmega32

Program:   10218 bytes (31.2% Full)
(.text + .data + .bootloader)

Data:        305 bytes (14.9% Full)
(.data + .bss + .noinit)


Finished building: sizedummy
 
01:28:26 **** Incremental Build of configuration Debug for project Smart_Home ****
make all 
Invoking: Print Size
avr-size --format=avr --mcu=atmega32 Smart_Home.elf
AVR Memory Usage
----------------
Device: atmega32

Program:   10218 bytes (31.2% Full)
(.text + .data + .bootloader)

Data:        305 bytes (14.9% Full)
(.data + .bss + .noinit)


Finished building: sizedummy
 
01:34:53 **** Incremental Build of configuration Debug for project Smart_Home ****
make all 
Building file: ../main.c
Invoking: AVR Compiler
avr-gcc -Wall -g2 -gstabs -O0 -fpack-struct -fshort-enums -ffunction-sections -fdata-sections -std=gnu99 -funsigned-char -funsigned-bitfields -mmcu=atmega32 -DF_CPU=16000000UL -MMD -MP -MF"main.d" -MT"main.o" -c -o "main.o" "../main.c"
In file included from ../main.c:1:
c:/winavr-20100110/lib/gcc/../../avr/include/avr/delay.h:36:2: warning: #warning "This file has been moved to <util/delay.h>."
In file included from c:/winavr-20100110/lib/gcc/../../avr/include/avr/delay.h:37,
                 from ../main.c:1:
c:/winavr-20100110/lib/gcc/../../avr/include/util/delay.h:90:3: warning: #warning "Compiler optimizations disabled; functions from <util/delay.h> won't work as designed"
../main.c: In function 'main':
../main.c:102: warning: unused variable 'flame'
Finished building: ../main.c
 
Building target: Smart_Home.elf
Invoking: AVR C Linker
avr-gcc -Wl,-Map,Smart_Home.map -mmcu=atmega32 -o "Smart_Home.elf"  ./MCAL/PWM.o ./MCAL/adc.o ./MCAL/gpio.o  ./HAL/buzzer.o ./HAL/flame.o ./HAL/lcd.o ./HAL/ldr.o ./HAL/led.o ./HAL/lm35_sensor.o ./HAL/motor.o  ./main.o   
Finished building target: Smart_Home.elf
 
Invoking: AVR Create Extended Listing
avr-objdump -h -S Smart_Home.elf  >"Smart_Home.lss"
Finished building: Smart_Home.lss
 
Invoking: Print Size
avr-size --format=avr --mcu=atmega32 Smart_Home.elf
AVR Memory Usage
----------------
Device: atmega32

Program:   10212 bytes (31.2% Full)
(.text + .data + .bootloader)

Data:        305 bytes (14.9% Full)
(.data + .bss + .noinit)


Finished building: sizedummy
 
01:39:20 **** Incremental Build of configuration Debug for project Smart_Home ****
make all 
Building file: ../MCAL/adc.c
Invoking: AVR Compiler
avr-gcc -Wall -g2 -gstabs -O0 -fpack-struct -fshort-enums -ffunction-sections -fdata-sections -std=gnu99 -funsigned-char -funsigned-bitfields -mmcu=atmega32 -DF_CPU=16000000UL -MMD -MP -MF"MCAL/adc.d" -MT"MCAL/adc.o" -c -o "MCAL/adc.o" "../MCAL/adc.c"
Finished building: ../MCAL/adc.c
 
Building file: ../HAL/ldr.c
Invoking: AVR Compiler
avr-gcc -Wall -g2 -gstabs -O0 -fpack-struct -fshort-enums -ffunction-sections -fdata-sections -std=gnu99 -funsigned-char -funsigned-bitfields -mmcu=atmega32 -DF_CPU=16000000UL -MMD -MP -MF"HAL/ldr.d" -MT"HAL/ldr.o" -c -o "HAL/ldr.o" "../HAL/ldr.c"
Finished building: ../HAL/ldr.c
 
Building file: ../HAL/lm35_sensor.c
Invoking: AVR Compiler
avr-gcc -Wall -g2 -gstabs -O0 -fpack-struct -fshort-enums -ffunction-sections -fdata-sections -std=gnu99 -funsigned-char -funsigned-bitfields -mmcu=atmega32 -DF_CPU=16000000UL -MMD -MP -MF"HAL/lm35_sensor.d" -MT"HAL/lm35_sensor.o" -c -o "HAL/lm35_sensor.o" "../HAL/lm35_sensor.c"
Finished building: ../HAL/lm35_sensor.c
 
Building file: ../main.c
Invoking: AVR Compiler
avr-gcc -Wall -g2 -gstabs -O0 -fpack-struct -fshort-enums -ffunction-sections -fdata-sections -std=gnu99 -funsigned-char -funsigned-bitfields -mmcu=atmega32 -DF_CPU=16000000UL -MMD -MP -MF"main.d" -MT"main.o" -c -o "main.o" "../main.c"
In file included from ../main.c:1:
c:/winavr-20100110/lib/gcc/../../avr/include/avr/delay.h:36:2: warning: #warning "This file has been moved to <util/delay.h>."
In file included from c:/winavr-20100110/lib/gcc/../../avr/include/avr/delay.h:37,
                 from ../main.c:1:
c:/winavr-20100110/lib/gcc/../../avr/include/util/delay.h:90:3: warning: #warning "Compiler optimizations disabled; functions from <util/delay.h> won't work as designed"
../main.c: In function 'main':
../main.c:102: warning: unused variable 'flame'
Finished building: ../main.c
 
Building target: Smart_Home.elf
Invoking: AVR C Linker
avr-gcc -Wl,-Map,Smart_Home.map -mmcu=atmega32 -o "Smart_Home.elf"  ./MCAL/PWM.o ./MCAL/adc.o ./MCAL/gpio.o  ./HAL/buzzer.o ./HAL/flame.o ./HAL/lcd.o ./HAL/ldr.o ./HAL/led.o ./HAL/lm35_sensor.o ./HAL/motor.o  ./main.o   
Finished building target: Smart_Home.elf
 
Invoking: AVR Create Extended Listing
avr-objdump -h -S Smart_Home.elf  >"Smart_Home.lss"
Finished building: Smart_Home.lss
 
Invoking: Print Size
avr-size --format=avr --mcu=atmega32 Smart_Home.elf
AVR Memory Usage
----------------
Device: atmega32

Program:   10212 bytes (31.2% Full)
(.text + .data + .bootloader)

Data:        305 bytes (14.9% Full)
(.data + .bss + .noinit)


Finished building: sizedummy
 
01:43:48 **** Incremental Build of configuration Debug for project Smart_Home ****
make all 
Building file: ../MCAL/adc.c
Invoking: AVR Compiler
avr-gcc -Wall -g2 -gstabs -O0 -fpack-struct -fshort-enums -ffunction-sections -fdata-sections -std=gnu99 -funsigned-char -funsigned-bitfields -mmcu=atmega32 -DF_CPU=16000000UL -MMD -MP -MF"MCAL/adc.d" -MT"MCAL/adc.o" -c -o "MCAL/adc.o" "../MCAL/adc.c"
Finished building: ../MCAL/adc.c
 
Building target: Smart_Home.elf
Invoking: AVR C Linker
avr-gcc -Wl,-Map,Smart_Home.map -mmcu=atmega32 -o "Smart_Home.elf"  ./MCAL/PWM.o ./MCAL/adc.o ./MCAL/gpio.o  ./HAL/buzzer.o ./HAL/flame.o ./HAL/lcd.o ./HAL/ldr.o ./HAL/led.o ./HAL/lm35_sensor.o ./HAL/motor.o  ./main.o   
Finished building target: Smart_Home.elf
 
Invoking: AVR Create Extended Listing
avr-objdump -h -S Smart_Home.elf  >"Smart_Home.lss"
Finished building: Smart_Home.lss
 
Invoking: Print Size
avr-size --format=avr --mcu=atmega32 Smart_Home.elf
AVR Memory Usage
----------------
Device: atmega32

Program:   10212 bytes (31.2% Full)
(.text + .data + .bootloader)

Data:        305 bytes (14.9% Full)
(.data + .bss + .noinit)


Finished building: sizedummy
 
01:51:19 **** Incremental Build of configuration Debug for project Smart_Home ****
make all 
Building file: ../MCAL/adc.c
Invoking: AVR Compiler
avr-gcc -Wall -g2 -gstabs -O0 -fpack-struct -fshort-enums -ffunction-sections -fdata-sections -std=gnu99 -funsigned-char -funsigned-bitfields -mmcu=atmega32 -DF_CPU=16000000UL -MMD -MP -MF"MCAL/adc.d" -MT"MCAL/adc.o" -c -o "MCAL/adc.o" "../MCAL/adc.c"
Finished building: ../MCAL/adc.c
 
Building file: ../HAL/ldr.c
Invoking: AVR Compiler
avr-gcc -Wall -g2 -gstabs -O0 -fpack-struct -fshort-enums -ffunction-sections -fdata-sections -std=gnu99 -funsigned-char -funsigned-bitfields -mmcu=atmega32 -DF_CPU=16000000UL -MMD -MP -MF"HAL/ldr.d" -MT"HAL/ldr.o" -c -o "HAL/ldr.o" "../HAL/ldr.c"
Finished building: ../HAL/ldr.c
 
Building file: ../HAL/lm35_sensor.c
Invoking: AVR Compiler
avr-gcc -Wall -g2 -gstabs -O0 -fpack-struct -fshort-enums -ffunction-sections -fdata-sections -std=gnu99 -funsigned-char -funsigned-bitfields -mmcu=atmega32 -DF_CPU=16000000UL -MMD -MP -MF"HAL/lm35_sensor.d" -MT"HAL/lm35_sensor.o" -c -o "HAL/lm35_sensor.o" "../HAL/lm35_sensor.c"
Finished building: ../HAL/lm35_sensor.c
 
Building file: ../main.c
Invoking: AVR Compiler
avr-gcc -Wall -g2 -gstabs -O0 -fpack-struct -fshort-enums -ffunction-sections -fdata-sections -std=gnu99 -funsigned-char -funsigned-bitfields -mmcu=atmega32 -DF_CPU=16000000UL -MMD -MP -MF"main.d" -MT"main.o" -c -o "main.o" "../main.c"
In file included from ../main.c:1:
c:/winavr-20100110/lib/gcc/../../avr/include/avr/delay.h:36:2: warning: #warning "This file has been moved to <util/delay.h>."
In file included from c:/winavr-20100110/lib/gcc/../../avr/include/avr/delay.h:37,
                 from ../main.c:1:
c:/winavr-20100110/lib/gcc/../../avr/include/util/delay.h:90:3: warning: #warning "Compiler optimizations disabled; functions from <util/delay.h> won't work as designed"
../main.c: In function 'main':
../main.c:102: warning: unused variable 'flame'
Finished building: ../main.c
 
Building target: Smart_Home.elf
Invoking: AVR C Linker
avr-gcc -Wl,-Map,Smart_Home.map -mmcu=atmega32 -o "Smart_Home.elf"  ./MCAL/PWM.o ./MCAL/adc.o ./MCAL/gpio.o  ./HAL/buzzer.o ./HAL/flame.o ./HAL/lcd.o ./HAL/ldr.o ./HAL/led.o ./HAL/lm35_sensor.o ./HAL/motor.o  ./main.o   
Finished building target: Smart_Home.elf
 
Invoking: AVR Create Extended Listing
avr-objdump -h -S Smart_Home.elf  >"Smart_Home.lss"
Finished building: Smart_Home.lss
 
Invoking: Print Size
avr-size --format=avr --mcu=atmega32 Smart_Home.elf
AVR Memory Usage
----------------
Device: atmega32

Program:   10212 bytes (31.2% Full)
(.text + .data + .bootloader)

Data:        305 bytes (14.9% Full)
(.data + .bss + .noinit)


Finished building: sizedummy
 
01:51:53 **** Incremental Build of configuration Debug for project Smart_Home ****
make all 
Building file: ../MCAL/adc.c
Invoking: AVR Compiler
avr-gcc -Wall -g2 -gstabs -O0 -fpack-struct -fshort-enums -ffunction-sections -fdata-sections -std=gnu99 -funsigned-char -funsigned-bitfields -mmcu=atmega32 -DF_CPU=16000000UL -MMD -MP -MF"MCAL/adc.d" -MT"MCAL/adc.o" -c -o "MCAL/adc.o" "../MCAL/adc.c"
Finished building: ../MCAL/adc.c
 
Building target: Smart_Home.elf
Invoking: AVR C Linker
avr-gcc -Wl,-Map,Smart_Home.map -mmcu=atmega32 -o "Smart_Home.elf"  ./MCAL/PWM.o ./MCAL/adc.o ./MCAL/gpio.o  ./HAL/buzzer.o ./HAL/flame.o ./HAL/lcd.o ./HAL/ldr.o ./HAL/led.o ./HAL/lm35_sensor.o ./HAL/motor.o  ./main.o   
Finished building target: Smart_Home.elf
 
Invoking: AVR Create Extended Listing
avr-objdump -h -S Smart_Home.elf  >"Smart_Home.lss"
Finished building: Smart_Home.lss
 
Invoking: Print Size
avr-size --format=avr --mcu=atmega32 Smart_Home.elf
AVR Memory Usage
----------------
Device: atmega32

Program:   10200 bytes (31.1% Full)
(.text + .data + .bootloader)

Data:        305 bytes (14.9% Full)
(.data + .bss + .noinit)


Finished building: sizedummy
 
01:55:33 **** Incremental Build of configuration Debug for project Smart_Home ****
make all 
Building file: ../MCAL/adc.c
Invoking: AVR Compiler
avr-gcc -Wall -g2 -gstabs -O0 -fpack-struct -fshort-enums -ffunction-sections -fdata-sections -std=gnu99 -funsigned-char -funsigned-bitfields -mmcu=atmega32 -DF_CPU=16000000UL -MMD -MP -MF"MCAL/adc.d" -MT"MCAL/adc.o" -c -o "MCAL/adc.o" "../MCAL/adc.c"
Finished building: ../MCAL/adc.c
 
Building target: Smart_Home.elf
Invoking: AVR C Linker
avr-gcc -Wl,-Map,Smart_Home.map -mmcu=atmega32 -o "Smart_Home.elf"  ./MCAL/PWM.o ./MCAL/adc.o ./MCAL/gpio.o  ./HAL/buzzer.o ./HAL/flame.o ./HAL/lcd.o ./HAL/ldr.o ./HAL/led.o ./HAL/lm35_sensor.o ./HAL/motor.o  ./main.o   
Finished building target: Smart_Home.elf
 
Invoking: AVR Create Extended Listing
avr-objdump -h -S Smart_Home.elf  >"Smart_Home.lss"
Finished building: Smart_Home.lss
 
Invoking: Print Size
avr-size --format=avr --mcu=atmega32 Smart_Home.elf
AVR Memory Usage
----------------
Device: atmega32

Program:   10210 bytes (31.2% Full)
(.text + .data + .bootloader)

Data:        305 bytes (14.9% Full)
(.data + .bss + .noinit)


Finished building: sizedummy
 
01:58:23 **** Incremental Build of configuration Debug for project Smart_Home ****
make all 
Building file: ../main.c
Invoking: AVR Compiler
avr-gcc -Wall -g2 -gstabs -O0 -fpack-struct -fshort-enums -ffunction-sections -fdata-sections -std=gnu99 -funsigned-char -funsigned-bitfields -mmcu=atmega32 -DF_CPU=16000000UL -MMD -MP -MF"main.d" -MT"main.o" -c -o "main.o" "../main.c"
In file included from ../main.c:1:
c:/winavr-20100110/lib/gcc/../../avr/include/avr/delay.h:36:2: warning: #warning "This file has been moved to <util/delay.h>."
In file included from c:/winavr-20100110/lib/gcc/../../avr/include/avr/delay.h:37,
                 from ../main.c:1:
c:/winavr-20100110/lib/gcc/../../avr/include/util/delay.h:90:3: warning: #warning "Compiler optimizations disabled; functions from <util/delay.h> won't work as designed"
../main.c: In function 'main':
../main.c:102: warning: unused variable 'flame'
Finished building: ../main.c
 
Building target: Smart_Home.elf
Invoking: AVR C Linker
avr-gcc -Wl,-Map,Smart_Home.map -mmcu=atmega32 -o "Smart_Home.elf"  ./MCAL/PWM.o ./MCAL/adc.o ./MCAL/gpio.o  ./HAL/buzzer.o ./HAL/flame.o ./HAL/lcd.o ./HAL/ldr.o ./HAL/led.o ./HAL/lm35_sensor.o ./HAL/motor.o  ./main.o   
Finished building target: Smart_Home.elf
 
Invoking: AVR Create Extended Listing
avr-objdump -h -S Smart_Home.elf  >"Smart_Home.lss"
Finished building: Smart_Home.lss
 
Invoking: Print Size
avr-size --format=avr --mcu=atmega32 Smart_Home.elf
AVR Memory Usage
----------------
Device: atmega32

Program:   10210 bytes (31.2% Full)
(.text + .data + .bootloader)

Data:        305 bytes (14.9% Full)
(.data + .bss + .noinit)


Finished building: sizedummy
 
01:58:40 **** Incremental Build of configuration Debug for project Smart_Home ****
make all 
Building file: ../main.c
Invoking: AVR Compiler
avr-gcc -Wall -g2 -gstabs -O0 -fpack-struct -fshort-enums -ffunction-sections -fdata-sections -std=gnu99 -funsigned-char -funsigned-bitfields -mmcu=atmega32 -DF_CPU=16000000UL -MMD -MP -MF"main.d" -MT"main.o" -c -o "main.o" "../main.c"
In file included from ../main.c:1:
c:/winavr-20100110/lib/gcc/../../avr/include/avr/delay.h:36:2: warning: #warning "This file has been moved to <util/delay.h>."
In file included from c:/winavr-20100110/lib/gcc/../../avr/include/avr/delay.h:37,
                 from ../main.c:1:
c:/winavr-20100110/lib/gcc/../../avr/include/util/delay.h:90:3: warning: #warning "Compiler optimizations disabled; functions from <util/delay.h> won't work as designed"
../main.c: In function 'main':
../main.c:102: warning: unused variable 'flame'
Finished building: ../main.c
 
Building target: Smart_Home.elf
Invoking: AVR C Linker
avr-gcc -Wl,-Map,Smart_Home.map -mmcu=atmega32 -o "Smart_Home.elf"  ./MCAL/PWM.o ./MCAL/adc.o ./MCAL/gpio.o  ./HAL/buzzer.o ./HAL/flame.o ./HAL/lcd.o ./HAL/ldr.o ./HAL/led.o ./HAL/lm35_sensor.o ./HAL/motor.o  ./main.o   
Finished building target: Smart_Home.elf
 
Invoking: AVR Create Extended Listing
avr-objdump -h -S Smart_Home.elf  >"Smart_Home.lss"
Finished building: Smart_Home.lss
 
Invoking: Print Size
avr-size --format=avr --mcu=atmega32 Smart_Home.elf
AVR Memory Usage
----------------
Device: atmega32

Program:   10210 bytes (31.2% Full)
(.text + .data + .bootloader)

Data:        305 bytes (14.9% Full)
(.data + .bss + .noinit)


Finished building: sizedummy
 
01:58:58 **** Incremental Build of configuration Debug for project Smart_Home ****
make all 
Building file: ../main.c
Invoking: AVR Compiler
avr-gcc -Wall -g2 -gstabs -O0 -fpack-struct -fshort-enums -ffunction-sections -fdata-sections -std=gnu99 -funsigned-char -funsigned-bitfields -mmcu=atmega32 -DF_CPU=16000000UL -MMD -MP -MF"main.d" -MT"main.o" -c -o "main.o" "../main.c"
In file included from ../main.c:1:
c:/winavr-20100110/lib/gcc/../../avr/include/avr/delay.h:36:2: warning: #warning "This file has been moved to <util/delay.h>."
In file included from c:/winavr-20100110/lib/gcc/../../avr/include/avr/delay.h:37,
                 from ../main.c:1:
c:/winavr-20100110/lib/gcc/../../avr/include/util/delay.h:90:3: warning: #warning "Compiler optimizations disabled; functions from <util/delay.h> won't work as designed"
../main.c: In function 'main':
../main.c:102: warning: unused variable 'flame'
Finished building: ../main.c
 
Building target: Smart_Home.elf
Invoking: AVR C Linker
avr-gcc -Wl,-Map,Smart_Home.map -mmcu=atmega32 -o "Smart_Home.elf"  ./MCAL/PWM.o ./MCAL/adc.o ./MCAL/gpio.o  ./HAL/buzzer.o ./HAL/flame.o ./HAL/lcd.o ./HAL/ldr.o ./HAL/led.o ./HAL/lm35_sensor.o ./HAL/motor.o  ./main.o   
Finished building target: Smart_Home.elf
 
Invoking: AVR Create Extended Listing
avr-objdump -h -S Smart_Home.elf  >"Smart_Home.lss"
Finished building: Smart_Home.lss
 
Invoking: Print Size
avr-size --format=avr --mcu=atmega32 Smart_Home.elf
AVR Memory Usage
----------------
Device: atmega32

Program:   10210 bytes (31.2% Full)
(.text + .data + .bootloader)

Data:        305 bytes (14.9% Full)
(.data + .bss + .noinit)


Finished building: sizedummy
 
01:59:08 **** Incremental Build of configuration Debug for project Smart_Home ****
make all 
Building file: ../main.c
Invoking: AVR Compiler
avr-gcc -Wall -g2 -gstabs -O0 -fpack-struct -fshort-enums -ffunction-sections -fdata-sections -std=gnu99 -funsigned-char -funsigned-bitfields -mmcu=atmega32 -DF_CPU=16000000UL -MMD -MP -MF"main.d" -MT"main.o" -c -o "main.o" "../main.c"
In file included from ../main.c:1:
c:/winavr-20100110/lib/gcc/../../avr/include/avr/delay.h:36:2: warning: #warning "This file has been moved to <util/delay.h>."
In file included from c:/winavr-20100110/lib/gcc/../../avr/include/avr/delay.h:37,
                 from ../main.c:1:
c:/winavr-20100110/lib/gcc/../../avr/include/util/delay.h:90:3: warning: #warning "Compiler optimizations disabled; functions from <util/delay.h> won't work as designed"
../main.c: In function 'main':
../main.c:102: warning: unused variable 'flame'
Finished building: ../main.c
 
Building target: Smart_Home.elf
Invoking: AVR C Linker
avr-gcc -Wl,-Map,Smart_Home.map -mmcu=atmega32 -o "Smart_Home.elf"  ./MCAL/PWM.o ./MCAL/adc.o ./MCAL/gpio.o  ./HAL/buzzer.o ./HAL/flame.o ./HAL/lcd.o ./HAL/ldr.o ./HAL/led.o ./HAL/lm35_sensor.o ./HAL/motor.o  ./main.o   
Finished building target: Smart_Home.elf
 
Invoking: AVR Create Extended Listing
avr-objdump -h -S Smart_Home.elf  >"Smart_Home.lss"
Finished building: Smart_Home.lss
 
Invoking: Print Size
avr-size --format=avr --mcu=atmega32 Smart_Home.elf
AVR Memory Usage
----------------
Device: atmega32

Program:   10210 bytes (31.2% Full)
(.text + .data + .bootloader)

Data:        305 bytes (14.9% Full)
(.data + .bss + .noinit)


Finished building: sizedummy
 
01:59:37 **** Incremental Build of configuration Debug for project Smart_Home ****
make all 
Building file: ../main.c
Invoking: AVR Compiler
avr-gcc -Wall -g2 -gstabs -O0 -fpack-struct -fshort-enums -ffunction-sections -fdata-sections -std=gnu99 -funsigned-char -funsigned-bitfields -mmcu=atmega32 -DF_CPU=16000000UL -MMD -MP -MF"main.d" -MT"main.o" -c -o "main.o" "../main.c"
In file included from ../main.c:1:
c:/winavr-20100110/lib/gcc/../../avr/include/avr/delay.h:36:2: warning: #warning "This file has been moved to <util/delay.h>."
In file included from c:/winavr-20100110/lib/gcc/../../avr/include/avr/delay.h:37,
                 from ../main.c:1:
c:/winavr-20100110/lib/gcc/../../avr/include/util/delay.h:90:3: warning: #warning "Compiler optimizations disabled; functions from <util/delay.h> won't work as designed"
../main.c: In function 'main':
../main.c:102: warning: unused variable 'flame'
Finished building: ../main.c
 
Building target: Smart_Home.elf
Invoking: AVR C Linker
avr-gcc -Wl,-Map,Smart_Home.map -mmcu=atmega32 -o "Smart_Home.elf"  ./MCAL/PWM.o ./MCAL/adc.o ./MCAL/gpio.o  ./HAL/buzzer.o ./HAL/flame.o ./HAL/lcd.o ./HAL/ldr.o ./HAL/led.o ./HAL/lm35_sensor.o ./HAL/motor.o  ./main.o   
Finished building target: Smart_Home.elf
 
Invoking: AVR Create Extended Listing
avr-objdump -h -S Smart_Home.elf  >"Smart_Home.lss"
Finished building: Smart_Home.lss
 
Invoking: Print Size
avr-size --format=avr --mcu=atmega32 Smart_Home.elf
AVR Memory Usage
----------------
Device: atmega32

Program:   10210 bytes (31.2% Full)
(.text + .data + .bootloader)

Data:        305 bytes (14.9% Full)
(.data + .bss + .noinit)


Finished building: sizedummy
 
01:59:52 **** Incremental Build of configuration Debug for project Smart_Home ****
make all 
Invoking: Print Size
avr-size --format=avr --mcu=atmega32 Smart_Home.elf
AVR Memory Usage
----------------
Device: atmega32

Program:   10210 bytes (31.2% Full)
(.text + .data + .bootloader)

Data:        305 bytes (14.9% Full)
(.data + .bss + .noinit)


Finished building: sizedummy
 
01:59:54 **** Incremental Build of configuration Debug for project Smart_Home ****
make all 
Invoking: Print Size
avr-size --format=avr --mcu=atmega32 Smart_Home.elf
AVR Memory Usage
----------------
Device: atmega32

Program:   10210 bytes (31.2% Full)
(.text + .data + .bootloader)

Data:        305 bytes (14.9% Full)
(.data + .bss + .noinit)


Finished building: sizedummy
 
01:59:56 **** Incremental Build of configuration Debug for project Smart_Home ****
make all 
Invoking: Print Size
avr-size --format=avr --mcu=atmega32 Smart_Home.elf
AVR Memory Usage
----------------
Device: atmega32

Program:   10210 bytes (31.2% Full)
(.text + .data + .bootloader)

Data:        305 bytes (14.9% Full)
(.data + .bss + .noinit)


Finished building: sizedummy
 
02:01:52 **** Incremental Build of configuration Debug for project Smart_Home ****
make all 
Building file: ../main.c
Invoking: AVR Compiler
avr-gcc -Wall -g2 -gstabs -O0 -fpack-struct -fshort-enums -ffunction-sections -fdata-sections -std=gnu99 -funsigned-char -funsigned-bitfields -mmcu=atmega32 -DF_CPU=16000000UL -MMD -MP -MF"main.d" -MT"main.o" -c -o "main.o" "../main.c"
In file included from ../main.c:1:
c:/winavr-20100110/lib/gcc/../../avr/include/avr/delay.h:36:2: warning: #warning "This file has been moved to <util/delay.h>."
In file included from c:/winavr-20100110/lib/gcc/../../avr/include/avr/delay.h:37,
                 from ../main.c:1:
c:/winavr-20100110/lib/gcc/../../avr/include/util/delay.h:90:3: warning: #warning "Compiler optimizations disabled; functions from <util/delay.h> won't work as designed"
../main.c: In function 'main':
../main.c:102: warning: unused variable 'flame'
Finished building: ../main.c
 
Building target: Smart_Home.elf
Invoking: AVR C Linker
avr-gcc -Wl,-Map,Smart_Home.map -mmcu=atmega32 -o "Smart_Home.elf"  ./MCAL/PWM.o ./MCAL/adc.o ./MCAL/gpio.o  ./HAL/buzzer.o ./HAL/flame.o ./HAL/lcd.o ./HAL/ldr.o ./HAL/led.o ./HAL/lm35_sensor.o ./HAL/motor.o  ./main.o   
Finished building target: Smart_Home.elf
 
Invoking: AVR Create Extended Listing
avr-objdump -h -S Smart_Home.elf  >"Smart_Home.lss"
Finished building: Smart_Home.lss
 
Invoking: Print Size
avr-size --format=avr --mcu=atmega32 Smart_Home.elf
AVR Memory Usage
----------------
Device: atmega32

Program:   10206 bytes (31.1% Full)
(.text + .data + .bootloader)

Data:        305 bytes (14.9% Full)
(.data + .bss + .noinit)


Finished building: sizedummy
 
02:02:23 **** Incremental Build of configuration Debug for project Smart_Home ****
make all 
Building file: ../main.c
Invoking: AVR Compiler
avr-gcc -Wall -g2 -gstabs -O0 -fpack-struct -fshort-enums -ffunction-sections -fdata-sections -std=gnu99 -funsigned-char -funsigned-bitfields -mmcu=atmega32 -DF_CPU=16000000UL -MMD -MP -MF"main.d" -MT"main.o" -c -o "main.o" "../main.c"
In file included from ../main.c:1:
c:/winavr-20100110/lib/gcc/../../avr/include/avr/delay.h:36:2: warning: #warning "This file has been moved to <util/delay.h>."
In file included from c:/winavr-20100110/lib/gcc/../../avr/include/avr/delay.h:37,
                 from ../main.c:1:
c:/winavr-20100110/lib/gcc/../../avr/include/util/delay.h:90:3: warning: #warning "Compiler optimizations disabled; functions from <util/delay.h> won't work as designed"
../main.c: In function 'main':
../main.c:102: warning: unused variable 'flame'
Finished building: ../main.c
 
Building target: Smart_Home.elf
Invoking: AVR C Linker
avr-gcc -Wl,-Map,Smart_Home.map -mmcu=atmega32 -o "Smart_Home.elf"  ./MCAL/PWM.o ./MCAL/adc.o ./MCAL/gpio.o  ./HAL/buzzer.o ./HAL/flame.o ./HAL/lcd.o ./HAL/ldr.o ./HAL/led.o ./HAL/lm35_sensor.o ./HAL/motor.o  ./main.o   
Finished building target: Smart_Home.elf
 
Invoking: AVR Create Extended Listing
avr-objdump -h -S Smart_Home.elf  >"Smart_Home.lss"
Finished building: Smart_Home.lss
 
Invoking: Print Size
avr-size --format=avr --mcu=atmega32 Smart_Home.elf
AVR Memory Usage
----------------
Device: atmega32

Program:   10204 bytes (31.1% Full)
(.text + .data + .bootloader)

Data:        305 bytes (14.9% Full)
(.data + .bss + .noinit)


Finished building: sizedummy
 
02:05:23 **** Incremental Build of configuration Debug for project Smart_Home ****
make all 
Building file: ../HAL/lm35_sensor.c
Invoking: AVR Compiler
avr-gcc -Wall -g2 -gstabs -O0 -fpack-struct -fshort-enums -ffunction-sections -fdata-sections -std=gnu99 -funsigned-char -funsigned-bitfields -mmcu=atmega32 -DF_CPU=16000000UL -MMD -MP -MF"HAL/lm35_sensor.d" -MT"HAL/lm35_sensor.o" -c -o "HAL/lm35_sensor.o" "../HAL/lm35_sensor.c"
Finished building: ../HAL/lm35_sensor.c
 
Building file: ../main.c
Invoking: AVR Compiler
avr-gcc -Wall -g2 -gstabs -O0 -fpack-struct -fshort-enums -ffunction-sections -fdata-sections -std=gnu99 -funsigned-char -funsigned-bitfields -mmcu=atmega32 -DF_CPU=16000000UL -MMD -MP -MF"main.d" -MT"main.o" -c -o "main.o" "../main.c"
In file included from ../main.c:1:
c:/winavr-20100110/lib/gcc/../../avr/include/avr/delay.h:36:2: warning: #warning "This file has been moved to <util/delay.h>."
In file included from c:/winavr-20100110/lib/gcc/../../avr/include/avr/delay.h:37,
                 from ../main.c:1:
c:/winavr-20100110/lib/gcc/../../avr/include/util/delay.h:90:3: warning: #warning "Compiler optimizations disabled; functions from <util/delay.h> won't work as designed"
../main.c: In function 'main':
../main.c:102: warning: unused variable 'flame'
Finished building: ../main.c
 
Building target: Smart_Home.elf
Invoking: AVR C Linker
avr-gcc -Wl,-Map,Smart_Home.map -mmcu=atmega32 -o "Smart_Home.elf"  ./MCAL/PWM.o ./MCAL/adc.o ./MCAL/gpio.o  ./HAL/buzzer.o ./HAL/flame.o ./HAL/lcd.o ./HAL/ldr.o ./HAL/led.o ./HAL/lm35_sensor.o ./HAL/motor.o  ./main.o   
Finished building target: Smart_Home.elf
 
Invoking: AVR Create Extended Listing
avr-objdump -h -S Smart_Home.elf  >"Smart_Home.lss"
Finished building: Smart_Home.lss
 
Invoking: Print Size
avr-size --format=avr --mcu=atmega32 Smart_Home.elf
AVR Memory Usage
----------------
Device: atmega32

Program:   10206 bytes (31.1% Full)
(.text + .data + .bootloader)

Data:        305 bytes (14.9% Full)
(.data + .bss + .noinit)


Finished building: sizedummy
 
02:08:41 **** Incremental Build of configuration Debug for project Smart_Home ****
make all 
Building file: ../MCAL/PWM.c
Invoking: AVR Compiler
avr-gcc -Wall -g2 -gstabs -O0 -fpack-struct -fshort-enums -ffunction-sections -fdata-sections -std=gnu99 -funsigned-char -funsigned-bitfields -mmcu=atmega32 -DF_CPU=16000000UL -MMD -MP -MF"MCAL/PWM.d" -MT"MCAL/PWM.o" -c -o "MCAL/PWM.o" "../MCAL/PWM.c"
Finished building: ../MCAL/PWM.c
 
Building file: ../MCAL/adc.c
Invoking: AVR Compiler
avr-gcc -Wall -g2 -gstabs -O0 -fpack-struct -fshort-enums -ffunction-sections -fdata-sections -std=gnu99 -funsigned-char -funsigned-bitfields -mmcu=atmega32 -DF_CPU=16000000UL -MMD -MP -MF"MCAL/adc.d" -MT"MCAL/adc.o" -c -o "MCAL/adc.o" "../MCAL/adc.c"
Finished building: ../MCAL/adc.c
 
Building file: ../MCAL/gpio.c
Invoking: AVR Compiler
avr-gcc -Wall -g2 -gstabs -O0 -fpack-struct -fshort-enums -ffunction-sections -fdata-sections -std=gnu99 -funsigned-char -funsigned-bitfields -mmcu=atmega32 -DF_CPU=16000000UL -MMD -MP -MF"MCAL/gpio.d" -MT"MCAL/gpio.o" -c -o "MCAL/gpio.o" "../MCAL/gpio.c"
Finished building: ../MCAL/gpio.c
 
Building file: ../MCAL/uart.c
Invoking: AVR Compiler
avr-gcc -Wall -g2 -gstabs -O0 -fpack-struct -fshort-enums -ffunction-sections -fdata-sections -std=gnu99 -funsigned-char -funsigned-bitfields -mmcu=atmega32 -DF_CPU=16000000UL -MMD -MP -MF"MCAL/uart.d" -MT"MCAL/uart.o" -c -o "MCAL/uart.o" "../MCAL/uart.c"
In file included from ../MCAL/uart.c:13:
../MCAL/uart.h:16:23: error: std_types.h: No such file or directory
In file included from ../MCAL/uart.c:13:
../MCAL/uart.h:29: error: expected ')' before 'baud_rate'
../MCAL/uart.h:35: warning: type defaults to 'int' in declaration of 'uint8'
../MCAL/uart.h:35: error: expected ';', ',' or ')' before 'data'
../MCAL/uart.h:41: error: expected '=', ',', ';', 'asm' or '__attribute__' before 'UART_recieveByte'
../MCAL/uart.h:47: warning: type defaults to 'int' in declaration of 'uint8'
../MCAL/uart.h:47: error: expected ';', ',' or ')' before '*' token
../MCAL/uart.h:53: error: expected ')' before '*' token
../MCAL/uart.c:15:64: error: common_macros.h: No such file or directory
../MCAL/uart.c:28: error: expected ')' before 'baud_rate'
../MCAL/uart.c:68: warning: type defaults to 'int' in declaration of 'uint8'
../MCAL/uart.c:68: error: expected ';', ',' or ')' before 'data'
../MCAL/uart.c:93: error: expected '=', ',', ';', 'asm' or '__attribute__' before 'UART_recieveByte'
../MCAL/uart.c:109: warning: type defaults to 'int' in declaration of 'uint8'
../MCAL/uart.c:109: error: expected ';', ',' or ')' before '*' token
../MCAL/uart.c:132: error: expected ')' before '*' token
make: *** [MCAL/uart.o] Error 1
"make all" terminated with exit code 2. Build might be incomplete.
02:08:52 **** Incremental Build of configuration Debug for project Smart_Home ****
make all 
Building file: ../MCAL/uart.c
Invoking: AVR Compiler
avr-gcc -Wall -g2 -gstabs -O0 -fpack-struct -fshort-enums -ffunction-sections -fdata-sections -std=gnu99 -funsigned-char -funsigned-bitfields -mmcu=atmega32 -DF_CPU=16000000UL -MMD -MP -MF"MCAL/uart.d" -MT"MCAL/uart.o" -c -o "MCAL/uart.o" "../MCAL/uart.c"
In file included from ../MCAL/uart.c:13:
../MCAL/uart.h:16:23: error: std_types.h: No such file or directory
In file included from ../MCAL/uart.c:13:
../MCAL/uart.h:29: error: expected ')' before 'baud_rate'
../MCAL/uart.h:35: warning: type defaults to 'int' in declaration of 'uint8'
../MCAL/uart.h:35: error: expected ';', ',' or ')' before 'data'
../MCAL/uart.h:41: error: expected '=', ',', ';', 'asm' or '__attribute__' before 'UART_recieveByte'
../MCAL/uart.h:47: warning: type defaults to 'int' in declaration of 'uint8'
../MCAL/uart.h:47: error: expected ';', ',' or ')' before '*' token
../MCAL/uart.h:53: error: expected ')' before '*' token
../MCAL/uart.c:28: error: expected ')' before 'baud_rate'
../MCAL/uart.c:68: warning: type defaults to 'int' in declaration of 'uint8'
../MCAL/uart.c:68: error: expected ';', ',' or ')' before 'data'
../MCAL/uart.c:93: error: expected '=', ',', ';', 'asm' or '__attribute__' before 'UART_recieveByte'
../MCAL/uart.c:109: warning: type defaults to 'int' in declaration of 'uint8'
../MCAL/uart.c:109: error: expected ';', ',' or ')' before '*' token
../MCAL/uart.c:132: error: expected ')' before '*' token
make: *** [MCAL/uart.o] Error 1
"make all" terminated with exit code 2. Build might be incomplete.
02:09:11 **** Incremental Build of configuration Debug for project Smart_Home ****
make all 
Building file: ../MCAL/uart.c
Invoking: AVR Compiler
avr-gcc -Wall -g2 -gstabs -O0 -fpack-struct -fshort-enums -ffunction-sections -fdata-sections -std=gnu99 -funsigned-char -funsigned-bitfields -mmcu=atmega32 -DF_CPU=16000000UL -MMD -MP -MF"MCAL/uart.d" -MT"MCAL/uart.o" -c -o "MCAL/uart.o" "../MCAL/uart.c"
Finished building: ../MCAL/uart.c
 
Building file: ../HAL/lm35_sensor.c
Invoking: AVR Compiler
avr-gcc -Wall -g2 -gstabs -O0 -fpack-struct -fshort-enums -ffunction-sections -fdata-sections -std=gnu99 -funsigned-char -funsigned-bitfields -mmcu=atmega32 -DF_CPU=16000000UL -MMD -MP -MF"HAL/lm35_sensor.d" -MT"HAL/lm35_sensor.o" -c -o "HAL/lm35_sensor.o" "../HAL/lm35_sensor.c"
Finished building: ../HAL/lm35_sensor.c
 
Building file: ../main.c
Invoking: AVR Compiler
avr-gcc -Wall -g2 -gstabs -O0 -fpack-struct -fshort-enums -ffunction-sections -fdata-sections -std=gnu99 -funsigned-char -funsigned-bitfields -mmcu=atmega32 -DF_CPU=16000000UL -MMD -MP -MF"main.d" -MT"main.o" -c -o "main.o" "../main.c"
In file included from ../main.c:1:
c:/winavr-20100110/lib/gcc/../../avr/include/avr/delay.h:36:2: warning: #warning "This file has been moved to <util/delay.h>."
In file included from c:/winavr-20100110/lib/gcc/../../avr/include/avr/delay.h:37,
                 from ../main.c:1:
c:/winavr-20100110/lib/gcc/../../avr/include/util/delay.h:90:3: warning: #warning "Compiler optimizations disabled; functions from <util/delay.h> won't work as designed"
../main.c: In function 'main':
../main.c:107: warning: unused variable 'flame'
Finished building: ../main.c
 
Building target: Smart_Home.elf
Invoking: AVR C Linker
avr-gcc -Wl,-Map,Smart_Home.map -mmcu=atmega32 -o "Smart_Home.elf"  ./MCAL/PWM.o ./MCAL/adc.o ./MCAL/gpio.o ./MCAL/uart.o  ./HAL/buzzer.o ./HAL/flame.o ./HAL/lcd.o ./HAL/ldr.o ./HAL/led.o ./HAL/lm35_sensor.o ./HAL/motor.o  ./main.o   
Finished building target: Smart_Home.elf
 
Invoking: AVR Create Extended Listing
avr-objdump -h -S Smart_Home.elf  >"Smart_Home.lss"
Finished building: Smart_Home.lss
 
Invoking: Print Size
avr-size --format=avr --mcu=atmega32 Smart_Home.elf
AVR Memory Usage
----------------
Device: atmega32

Program:   10736 bytes (32.8% Full)
(.text + .data + .bootloader)

Data:        305 bytes (14.9% Full)
(.data + .bss + .noinit)


Finished building: sizedummy
 
02:10:27 **** Incremental Build of configuration Debug for project Smart_Home ****
make all 
Building file: ../MCAL/PWM.c
Invoking: AVR Compiler
avr-gcc -Wall -g2 -gstabs -O0 -fpack-struct -fshort-enums -ffunction-sections -fdata-sections -std=gnu99 -funsigned-char -funsigned-bitfields -mmcu=atmega32 -DF_CPU=16000000UL -MMD -MP -MF"MCAL/PWM.d" -MT"MCAL/PWM.o" -c -o "MCAL/PWM.o" "../MCAL/PWM.c"
Finished building: ../MCAL/PWM.c
 
Building file: ../MCAL/adc.c
Invoking: AVR Compiler
avr-gcc -Wall -g2 -gstabs -O0 -fpack-struct -fshort-enums -ffunction-sections -fdata-sections -std=gnu99 -funsigned-char -funsigned-bitfields -mmcu=atmega32 -DF_CPU=16000000UL -MMD -MP -MF"MCAL/adc.d" -MT"MCAL/adc.o" -c -o "MCAL/adc.o" "../MCAL/adc.c"
Finished building: ../MCAL/adc.c
 
Building file: ../MCAL/gpio.c
Invoking: AVR Compiler
avr-gcc -Wall -g2 -gstabs -O0 -fpack-struct -fshort-enums -ffunction-sections -fdata-sections -std=gnu99 -funsigned-char -funsigned-bitfields -mmcu=atmega32 -DF_CPU=16000000UL -MMD -MP -MF"MCAL/gpio.d" -MT"MCAL/gpio.o" -c -o "MCAL/gpio.o" "../MCAL/gpio.c"
Finished building: ../MCAL/gpio.c
 
Building file: ../HAL/lm35_sensor.c
Invoking: AVR Compiler
avr-gcc -Wall -g2 -gstabs -O0 -fpack-struct -fshort-enums -ffunction-sections -fdata-sections -std=gnu99 -funsigned-char -funsigned-bitfields -mmcu=atmega32 -DF_CPU=16000000UL -MMD -MP -MF"HAL/lm35_sensor.d" -MT"HAL/lm35_sensor.o" -c -o "HAL/lm35_sensor.o" "../HAL/lm35_sensor.c"
../HAL/lm35_sensor.c:15:26: error: ../MCAL/uart.h: No such file or directory
../HAL/lm35_sensor.c: In function 'LM35_getTemperature':
../HAL/lm35_sensor.c:30: warning: implicit declaration of function 'UART_sendByte'
make: *** [HAL/lm35_sensor.o] Error 1
"make all" terminated with exit code 2. Build might be incomplete.
02:10:40 **** Incremental Build of configuration Debug for project Smart_Home ****
make all 
Building file: ../HAL/lm35_sensor.c
Invoking: AVR Compiler
avr-gcc -Wall -g2 -gstabs -O0 -fpack-struct -fshort-enums -ffunction-sections -fdata-sections -std=gnu99 -funsigned-char -funsigned-bitfields -mmcu=atmega32 -DF_CPU=16000000UL -MMD -MP -MF"HAL/lm35_sensor.d" -MT"HAL/lm35_sensor.o" -c -o "HAL/lm35_sensor.o" "../HAL/lm35_sensor.c"
Finished building: ../HAL/lm35_sensor.c
 
Building file: ../main.c
Invoking: AVR Compiler
avr-gcc -Wall -g2 -gstabs -O0 -fpack-struct -fshort-enums -ffunction-sections -fdata-sections -std=gnu99 -funsigned-char -funsigned-bitfields -mmcu=atmega32 -DF_CPU=16000000UL -MMD -MP -MF"main.d" -MT"main.o" -c -o "main.o" "../main.c"
In file included from ../main.c:1:
c:/winavr-20100110/lib/gcc/../../avr/include/avr/delay.h:36:2: warning: #warning "This file has been moved to <util/delay.h>."
In file included from c:/winavr-20100110/lib/gcc/../../avr/include/avr/delay.h:37,
                 from ../main.c:1:
c:/winavr-20100110/lib/gcc/../../avr/include/util/delay.h:90:3: warning: #warning "Compiler optimizations disabled; functions from <util/delay.h> won't work as designed"
../main.c: In function 'main':
../main.c:104: warning: unused variable 'flame'
Finished building: ../main.c
 
Building target: Smart_Home.elf
Invoking: AVR C Linker
avr-gcc -Wl,-Map,Smart_Home.map -mmcu=atmega32 -o "Smart_Home.elf"  ./MCAL/PWM.o ./MCAL/adc.o ./MCAL/gpio.o  ./HAL/buzzer.o ./HAL/flame.o ./HAL/lcd.o ./HAL/ldr.o ./HAL/led.o ./HAL/lm35_sensor.o ./HAL/motor.o  ./main.o   
Finished building target: Smart_Home.elf
 
Invoking: AVR Create Extended Listing
avr-objdump -h -S Smart_Home.elf  >"Smart_Home.lss"
Finished building: Smart_Home.lss
 
Invoking: Print Size
avr-size --format=avr --mcu=atmega32 Smart_Home.elf
AVR Memory Usage
----------------
Device: atmega32

Program:   10206 bytes (31.1% Full)
(.text + .data + .bootloader)

Data:        305 bytes (14.9% Full)
(.data + .bss + .noinit)


Finished building: sizedummy
 
16:16:07 **** Incremental Build of configuration Debug for project Smart_Home ****
make all 
Invoking: Print Size
avr-size --format=avr --mcu=atmega32 Smart_Home.elf
AVR Memory Usage
----------------
Device: atmega32

Program:   10206 bytes (31.1% Full)
(.text + .data + .bootloader)

Data:        305 bytes (14.9% Full)
(.data + .bss + .noinit)


Finished building: sizedummy
 
16:24:13 **** Incremental Build of configuration Debug for project Smart_Home ****
make all 
Building file: ../MCAL/adc.c
Invoking: AVR Compiler
avr-gcc -Wall -g2 -gstabs -O0 -fpack-struct -fshort-enums -ffunction-sections -fdata-sections -std=gnu99 -funsigned-char -funsigned-bitfields -mmcu=atmega32 -DF_CPU=16000000UL -MMD -MP -MF"MCAL/adc.d" -MT"MCAL/adc.o" -c -o "MCAL/adc.o" "../MCAL/adc.c"
Finished building: ../MCAL/adc.c
 
Building target: Smart_Home.elf
Invoking: AVR C Linker
avr-gcc -Wl,-Map,Smart_Home.map -mmcu=atmega32 -o "Smart_Home.elf"  ./MCAL/PWM.o ./MCAL/adc.o ./MCAL/gpio.o  ./HAL/buzzer.o ./HAL/flame.o ./HAL/lcd.o ./HAL/ldr.o ./HAL/led.o ./HAL/lm35_sensor.o ./HAL/motor.o  ./main.o   
Finished building target: Smart_Home.elf
 
Invoking: AVR Create Extended Listing
avr-objdump -h -S Smart_Home.elf  >"Smart_Home.lss"
Finished building: Smart_Home.lss
 
Invoking: Print Size
avr-size --format=avr --mcu=atmega32 Smart_Home.elf
AVR Memory Usage
----------------
Device: atmega32

Program:   10228 bytes (31.2% Full)
(.text + .data + .bootloader)

Data:        305 bytes (14.9% Full)
(.data + .bss + .noinit)


Finished building: sizedummy
 
16:24:29 **** Incremental Build of configuration Debug for project Smart_Home ****
make all 
Invoking: Print Size
avr-size --format=avr --mcu=atmega32 Smart_Home.elf
AVR Memory Usage
----------------
Device: atmega32

Program:   10228 bytes (31.2% Full)
(.text + .data + .bootloader)

Data:        305 bytes (14.9% Full)
(.data + .bss + .noinit)


Finished building: sizedummy
 
16:26:57 **** Incremental Build of configuration Debug for project Smart_Home ****
make all 
Building file: ../MCAL/adc.c
Invoking: AVR Compiler
avr-gcc -Wall -g2 -gstabs -O0 -fpack-struct -fshort-enums -ffunction-sections -fdata-sections -std=gnu99 -funsigned-char -funsigned-bitfields -mmcu=atmega32 -DF_CPU=16000000UL -MMD -MP -MF"MCAL/adc.d" -MT"MCAL/adc.o" -c -o "MCAL/adc.o" "../MCAL/adc.c"
Finished building: ../MCAL/adc.c
 
Building target: Smart_Home.elf
Invoking: AVR C Linker
avr-gcc -Wl,-Map,Smart_Home.map -mmcu=atmega32 -o "Smart_Home.elf"  ./MCAL/PWM.o ./MCAL/adc.o ./MCAL/gpio.o  ./HAL/buzzer.o ./HAL/flame.o ./HAL/lcd.o ./HAL/ldr.o ./HAL/led.o ./HAL/lm35_sensor.o ./HAL/motor.o  ./main.o   
Finished building target: Smart_Home.elf
 
Invoking: AVR Create Extended Listing
avr-objdump -h -S Smart_Home.elf  >"Smart_Home.lss"
Finished building: Smart_Home.lss
 
Invoking: Print Size
avr-size --format=avr --mcu=atmega32 Smart_Home.elf
AVR Memory Usage
----------------
Device: atmega32

Program:   10214 bytes (31.2% Full)
(.text + .data + .bootloader)

Data:        305 bytes (14.9% Full)
(.data + .bss + .noinit)


Finished building: sizedummy
 
16:27:39 **** Incremental Build of configuration Debug for project Smart_Home ****
make all 
Building file: ../main.c
Invoking: AVR Compiler
avr-gcc -Wall -g2 -gstabs -O0 -fpack-struct -fshort-enums -ffunction-sections -fdata-sections -std=gnu99 -funsigned-char -funsigned-bitfields -mmcu=atmega32 -DF_CPU=16000000UL -MMD -MP -MF"main.d" -MT"main.o" -c -o "main.o" "../main.c"
In file included from ../main.c:1:
c:/winavr-20100110/lib/gcc/../../avr/include/avr/delay.h:36:2: warning: #warning "This file has been moved to <util/delay.h>."
In file included from c:/winavr-20100110/lib/gcc/../../avr/include/avr/delay.h:37,
                 from ../main.c:1:
c:/winavr-20100110/lib/gcc/../../avr/include/util/delay.h:90:3: warning: #warning "Compiler optimizations disabled; functions from <util/delay.h> won't work as designed"
../main.c: In function 'main':
../main.c:104: warning: unused variable 'flame'
Finished building: ../main.c
 
Building target: Smart_Home.elf
Invoking: AVR C Linker
avr-gcc -Wl,-Map,Smart_Home.map -mmcu=atmega32 -o "Smart_Home.elf"  ./MCAL/PWM.o ./MCAL/adc.o ./MCAL/gpio.o  ./HAL/buzzer.o ./HAL/flame.o ./HAL/lcd.o ./HAL/ldr.o ./HAL/led.o ./HAL/lm35_sensor.o ./HAL/motor.o  ./main.o   
Finished building target: Smart_Home.elf
 
Invoking: AVR Create Extended Listing
avr-objdump -h -S Smart_Home.elf  >"Smart_Home.lss"
Finished building: Smart_Home.lss
 
Invoking: Print Size
avr-size --format=avr --mcu=atmega32 Smart_Home.elf
AVR Memory Usage
----------------
Device: atmega32

Program:   10220 bytes (31.2% Full)
(.text + .data + .bootloader)

Data:        305 bytes (14.9% Full)
(.data + .bss + .noinit)


Finished building: sizedummy
 
16:28:22 **** Incremental Build of configuration Debug for project Smart_Home ****
make all 
Building file: ../main.c
Invoking: AVR Compiler
avr-gcc -Wall -g2 -gstabs -O0 -fpack-struct -fshort-enums -ffunction-sections -fdata-sections -std=gnu99 -funsigned-char -funsigned-bitfields -mmcu=atmega32 -DF_CPU=16000000UL -MMD -MP -MF"main.d" -MT"main.o" -c -o "main.o" "../main.c"
In file included from ../main.c:1:
c:/winavr-20100110/lib/gcc/../../avr/include/avr/delay.h:36:2: warning: #warning "This file has been moved to <util/delay.h>."
In file included from c:/winavr-20100110/lib/gcc/../../avr/include/avr/delay.h:37,
                 from ../main.c:1:
c:/winavr-20100110/lib/gcc/../../avr/include/util/delay.h:90:3: warning: #warning "Compiler optimizations disabled; functions from <util/delay.h> won't work as designed"
../main.c: In function 'main':
../main.c:104: warning: unused variable 'flame'
Finished building: ../main.c
 
Building target: Smart_Home.elf
Invoking: AVR C Linker
avr-gcc -Wl,-Map,Smart_Home.map -mmcu=atmega32 -o "Smart_Home.elf"  ./MCAL/PWM.o ./MCAL/adc.o ./MCAL/gpio.o  ./HAL/buzzer.o ./HAL/flame.o ./HAL/lcd.o ./HAL/ldr.o ./HAL/led.o ./HAL/lm35_sensor.o ./HAL/motor.o  ./main.o   
Finished building target: Smart_Home.elf
 
Invoking: AVR Create Extended Listing
avr-objdump -h -S Smart_Home.elf  >"Smart_Home.lss"
Finished building: Smart_Home.lss
 
Invoking: Print Size
avr-size --format=avr --mcu=atmega32 Smart_Home.elf
AVR Memory Usage
----------------
Device: atmega32

Program:   10212 bytes (31.2% Full)
(.text + .data + .bootloader)

Data:        303 bytes (14.8% Full)
(.data + .bss + .noinit)


Finished building: sizedummy
 
16:30:52 **** Incremental Build of configuration Debug for project Smart_Home ****
make all 
Building file: ../main.c
Invoking: AVR Compiler
avr-gcc -Wall -g2 -gstabs -O0 -fpack-struct -fshort-enums -ffunction-sections -fdata-sections -std=gnu99 -funsigned-char -funsigned-bitfields -mmcu=atmega32 -DF_CPU=16000000UL -MMD -MP -MF"main.d" -MT"main.o" -c -o "main.o" "../main.c"
In file included from ../main.c:1:
c:/winavr-20100110/lib/gcc/../../avr/include/avr/delay.h:36:2: warning: #warning "This file has been moved to <util/delay.h>."
In file included from c:/winavr-20100110/lib/gcc/../../avr/include/avr/delay.h:37,
                 from ../main.c:1:
c:/winavr-20100110/lib/gcc/../../avr/include/util/delay.h:90:3: warning: #warning "Compiler optimizations disabled; functions from <util/delay.h> won't work as designed"
../main.c: In function 'main':
../main.c:104: warning: unused variable 'flame'
Finished building: ../main.c
 
Building target: Smart_Home.elf
Invoking: AVR C Linker
avr-gcc -Wl,-Map,Smart_Home.map -mmcu=atmega32 -o "Smart_Home.elf"  ./MCAL/PWM.o ./MCAL/adc.o ./MCAL/gpio.o  ./HAL/buzzer.o ./HAL/flame.o ./HAL/lcd.o ./HAL/ldr.o ./HAL/led.o ./HAL/lm35_sensor.o ./HAL/motor.o  ./main.o   
Finished building target: Smart_Home.elf
 
Invoking: AVR Create Extended Listing
avr-objdump -h -S Smart_Home.elf  >"Smart_Home.lss"
Finished building: Smart_Home.lss
 
Invoking: Print Size
avr-size --format=avr --mcu=atmega32 Smart_Home.elf
AVR Memory Usage
----------------
Device: atmega32

Program:   10212 bytes (31.2% Full)
(.text + .data + .bootloader)

Data:        303 bytes (14.8% Full)
(.data + .bss + .noinit)


Finished building: sizedummy
 
16:32:38 **** Incremental Build of configuration Debug for project Smart_Home ****
make all 
Building file: ../MCAL/adc.c
Invoking: AVR Compiler
avr-gcc -Wall -g2 -gstabs -O0 -fpack-struct -fshort-enums -ffunction-sections -fdata-sections -std=gnu99 -funsigned-char -funsigned-bitfields -mmcu=atmega32 -DF_CPU=16000000UL -MMD -MP -MF"MCAL/adc.d" -MT"MCAL/adc.o" -c -o "MCAL/adc.o" "../MCAL/adc.c"
Finished building: ../MCAL/adc.c
 
Building target: Smart_Home.elf
Invoking: AVR C Linker
avr-gcc -Wl,-Map,Smart_Home.map -mmcu=atmega32 -o "Smart_Home.elf"  ./MCAL/PWM.o ./MCAL/adc.o ./MCAL/gpio.o  ./HAL/buzzer.o ./HAL/flame.o ./HAL/lcd.o ./HAL/ldr.o ./HAL/led.o ./HAL/lm35_sensor.o ./HAL/motor.o  ./main.o   
Finished building target: Smart_Home.elf
 
Invoking: AVR Create Extended Listing
avr-objdump -h -S Smart_Home.elf  >"Smart_Home.lss"
Finished building: Smart_Home.lss
 
Invoking: Print Size
avr-size --format=avr --mcu=atmega32 Smart_Home.elf
AVR Memory Usage
----------------
Device: atmega32

Program:   10214 bytes (31.2% Full)
(.text + .data + .bootloader)

Data:        303 bytes (14.8% Full)
(.data + .bss + .noinit)


Finished building: sizedummy
 
16:44:56 **** Incremental Build of configuration Debug for project Smart_Home ****
make all 
Building file: ../HAL/ldr.c
Invoking: AVR Compiler
avr-gcc -Wall -g2 -gstabs -O0 -fpack-struct -fshort-enums -ffunction-sections -fdata-sections -std=gnu99 -funsigned-char -funsigned-bitfields -mmcu=atmega32 -DF_CPU=16000000UL -MMD -MP -MF"HAL/ldr.d" -MT"HAL/ldr.o" -c -o "HAL/ldr.o" "../HAL/ldr.c"
Finished building: ../HAL/ldr.c
 
Building target: Smart_Home.elf
Invoking: AVR C Linker
avr-gcc -Wl,-Map,Smart_Home.map -mmcu=atmega32 -o "Smart_Home.elf"  ./MCAL/PWM.o ./MCAL/adc.o ./MCAL/gpio.o  ./HAL/buzzer.o ./HAL/flame.o ./HAL/lcd.o ./HAL/ldr.o ./HAL/led.o ./HAL/lm35_sensor.o ./HAL/motor.o  ./main.o   
Finished building target: Smart_Home.elf
 
Invoking: AVR Create Extended Listing
avr-objdump -h -S Smart_Home.elf  >"Smart_Home.lss"
Finished building: Smart_Home.lss
 
Invoking: Print Size
avr-size --format=avr --mcu=atmega32 Smart_Home.elf
AVR Memory Usage
----------------
Device: atmega32

Program:   10254 bytes (31.3% Full)
(.text + .data + .bootloader)

Data:        303 bytes (14.8% Full)
(.data + .bss + .noinit)


Finished building: sizedummy
 
16:45:15 **** Incremental Build of configuration Debug for project Smart_Home ****
make all 
Building file: ../main.c
Invoking: AVR Compiler
avr-gcc -Wall -g2 -gstabs -O0 -fpack-struct -fshort-enums -ffunction-sections -fdata-sections -std=gnu99 -funsigned-char -funsigned-bitfields -mmcu=atmega32 -DF_CPU=16000000UL -MMD -MP -MF"main.d" -MT"main.o" -c -o "main.o" "../main.c"
In file included from ../main.c:1:
c:/winavr-20100110/lib/gcc/../../avr/include/avr/delay.h:36:2: warning: #warning "This file has been moved to <util/delay.h>."
In file included from c:/winavr-20100110/lib/gcc/../../avr/include/avr/delay.h:37,
                 from ../main.c:1:
c:/winavr-20100110/lib/gcc/../../avr/include/util/delay.h:90:3: warning: #warning "Compiler optimizations disabled; functions from <util/delay.h> won't work as designed"
../main.c: In function 'main':
../main.c:104: warning: unused variable 'flame'
Finished building: ../main.c
 
Building target: Smart_Home.elf
Invoking: AVR C Linker
avr-gcc -Wl,-Map,Smart_Home.map -mmcu=atmega32 -o "Smart_Home.elf"  ./MCAL/PWM.o ./MCAL/adc.o ./MCAL/gpio.o  ./HAL/buzzer.o ./HAL/flame.o ./HAL/lcd.o ./HAL/ldr.o ./HAL/led.o ./HAL/lm35_sensor.o ./HAL/motor.o  ./main.o   
Finished building target: Smart_Home.elf
 
Invoking: AVR Create Extended Listing
avr-objdump -h -S Smart_Home.elf  >"Smart_Home.lss"
Finished building: Smart_Home.lss
 
Invoking: Print Size
avr-size --format=avr --mcu=atmega32 Smart_Home.elf
AVR Memory Usage
----------------
Device: atmega32

Program:   10248 bytes (31.3% Full)
(.text + .data + .bootloader)

Data:        303 bytes (14.8% Full)
(.data + .bss + .noinit)


Finished building: sizedummy
 
16:47:18 **** Incremental Build of configuration Debug for project Smart_Home ****
make all 
Invoking: Print Size
avr-size --format=avr --mcu=atmega32 Smart_Home.elf
AVR Memory Usage
----------------
Device: atmega32

Program:   10248 bytes (31.3% Full)
(.text + .data + .bootloader)

Data:        303 bytes (14.8% Full)
(.data + .bss + .noinit)


Finished building: sizedummy
 
16:47:44 **** Incremental Build of configuration Debug for project Smart_Home ****
make all 
Building file: ../HAL/ldr.c
Invoking: AVR Compiler
avr-gcc -Wall -g2 -gstabs -O0 -fpack-struct -fshort-enums -ffunction-sections -fdata-sections -std=gnu99 -funsigned-char -funsigned-bitfields -mmcu=atmega32 -DF_CPU=16000000UL -MMD -MP -MF"HAL/ldr.d" -MT"HAL/ldr.o" -c -o "HAL/ldr.o" "../HAL/ldr.c"
Finished building: ../HAL/ldr.c
 
Building target: Smart_Home.elf
Invoking: AVR C Linker
avr-gcc -Wl,-Map,Smart_Home.map -mmcu=atmega32 -o "Smart_Home.elf"  ./MCAL/PWM.o ./MCAL/adc.o ./MCAL/gpio.o  ./HAL/buzzer.o ./HAL/flame.o ./HAL/lcd.o ./HAL/ldr.o ./HAL/led.o ./HAL/lm35_sensor.o ./HAL/motor.o  ./main.o   
Finished building target: Smart_Home.elf
 
Invoking: AVR Create Extended Listing
avr-objdump -h -S Smart_Home.elf  >"Smart_Home.lss"
Finished building: Smart_Home.lss
 
Invoking: Print Size
avr-size --format=avr --mcu=atmega32 Smart_Home.elf
AVR Memory Usage
----------------
Device: atmega32

Program:   10248 bytes (31.3% Full)
(.text + .data + .bootloader)

Data:        303 bytes (14.8% Full)
(.data + .bss + .noinit)


Finished building: sizedummy
 
16:48:24 **** Incremental Build of configuration Debug for project Smart_Home ****
make all 
Building file: ../main.c
Invoking: AVR Compiler
avr-gcc -Wall -g2 -gstabs -O0 -fpack-struct -fshort-enums -ffunction-sections -fdata-sections -std=gnu99 -funsigned-char -funsigned-bitfields -mmcu=atmega32 -DF_CPU=16000000UL -MMD -MP -MF"main.d" -MT"main.o" -c -o "main.o" "../main.c"
In file included from ../main.c:1:
c:/winavr-20100110/lib/gcc/../../avr/include/avr/delay.h:36:2: warning: #warning "This file has been moved to <util/delay.h>."
In file included from c:/winavr-20100110/lib/gcc/../../avr/include/avr/delay.h:37,
                 from ../main.c:1:
c:/winavr-20100110/lib/gcc/../../avr/include/util/delay.h:90:3: warning: #warning "Compiler optimizations disabled; functions from <util/delay.h> won't work as designed"
../main.c: In function 'main':
../main.c:104: warning: unused variable 'flame'
Finished building: ../main.c
 
Building target: Smart_Home.elf
Invoking: AVR C Linker
avr-gcc -Wl,-Map,Smart_Home.map -mmcu=atmega32 -o "Smart_Home.elf"  ./MCAL/PWM.o ./MCAL/adc.o ./MCAL/gpio.o  ./HAL/buzzer.o ./HAL/flame.o ./HAL/lcd.o ./HAL/ldr.o ./HAL/led.o ./HAL/lm35_sensor.o ./HAL/motor.o  ./main.o   
Finished building target: Smart_Home.elf
 
Invoking: AVR Create Extended Listing
avr-objdump -h -S Smart_Home.elf  >"Smart_Home.lss"
Finished building: Smart_Home.lss
 
Invoking: Print Size
avr-size --format=avr --mcu=atmega32 Smart_Home.elf
AVR Memory Usage
----------------
Device: atmega32

Program:   10248 bytes (31.3% Full)
(.text + .data + .bootloader)

Data:        302 bytes (14.7% Full)
(.data + .bss + .noinit)


Finished building: sizedummy
 
16:49:49 **** Incremental Build of configuration Debug for project Smart_Home ****
make all 
Building file: ../main.c
Invoking: AVR Compiler
avr-gcc -Wall -g2 -gstabs -O0 -fpack-struct -fshort-enums -ffunction-sections -fdata-sections -std=gnu99 -funsigned-char -funsigned-bitfields -mmcu=atmega32 -DF_CPU=16000000UL -MMD -MP -MF"main.d" -MT"main.o" -c -o "main.o" "../main.c"
In file included from ../main.c:1:
c:/winavr-20100110/lib/gcc/../../avr/include/avr/delay.h:36:2: warning: #warning "This file has been moved to <util/delay.h>."
In file included from c:/winavr-20100110/lib/gcc/../../avr/include/avr/delay.h:37,
                 from ../main.c:1:
c:/winavr-20100110/lib/gcc/../../avr/include/util/delay.h:90:3: warning: #warning "Compiler optimizations disabled; functions from <util/delay.h> won't work as designed"
../main.c: In function 'main':
../main.c:104: warning: unused variable 'flame'
Finished building: ../main.c
 
Building target: Smart_Home.elf
Invoking: AVR C Linker
avr-gcc -Wl,-Map,Smart_Home.map -mmcu=atmega32 -o "Smart_Home.elf"  ./MCAL/PWM.o ./MCAL/adc.o ./MCAL/gpio.o  ./HAL/buzzer.o ./HAL/flame.o ./HAL/lcd.o ./HAL/ldr.o ./HAL/led.o ./HAL/lm35_sensor.o ./HAL/motor.o  ./main.o   
Finished building target: Smart_Home.elf
 
Invoking: AVR Create Extended Listing
avr-objdump -h -S Smart_Home.elf  >"Smart_Home.lss"
Finished building: Smart_Home.lss
 
Invoking: Print Size
avr-size --format=avr --mcu=atmega32 Smart_Home.elf
AVR Memory Usage
----------------
Device: atmega32

Program:   10248 bytes (31.3% Full)
(.text + .data + .bootloader)

Data:        303 bytes (14.8% Full)
(.data + .bss + .noinit)


Finished building: sizedummy
 
16:50:32 **** Incremental Build of configuration Debug for project Smart_Home ****
make all 
Building file: ../main.c
Invoking: AVR Compiler
avr-gcc -Wall -g2 -gstabs -O0 -fpack-struct -fshort-enums -ffunction-sections -fdata-sections -std=gnu99 -funsigned-char -funsigned-bitfields -mmcu=atmega32 -DF_CPU=16000000UL -MMD -MP -MF"main.d" -MT"main.o" -c -o "main.o" "../main.c"
In file included from ../main.c:1:
c:/winavr-20100110/lib/gcc/../../avr/include/avr/delay.h:36:2: warning: #warning "This file has been moved to <util/delay.h>."
In file included from c:/winavr-20100110/lib/gcc/../../avr/include/avr/delay.h:37,
                 from ../main.c:1:
c:/winavr-20100110/lib/gcc/../../avr/include/util/delay.h:90:3: warning: #warning "Compiler optimizations disabled; functions from <util/delay.h> won't work as designed"
../main.c: In function 'main':
../main.c:104: warning: unused variable 'flame'
Finished building: ../main.c
 
Building target: Smart_Home.elf
Invoking: AVR C Linker
avr-gcc -Wl,-Map,Smart_Home.map -mmcu=atmega32 -o "Smart_Home.elf"  ./MCAL/PWM.o ./MCAL/adc.o ./MCAL/gpio.o  ./HAL/buzzer.o ./HAL/flame.o ./HAL/lcd.o ./HAL/ldr.o ./HAL/led.o ./HAL/lm35_sensor.o ./HAL/motor.o  ./main.o   
Finished building target: Smart_Home.elf
 
Invoking: AVR Create Extended Listing
avr-objdump -h -S Smart_Home.elf  >"Smart_Home.lss"
Finished building: Smart_Home.lss
 
Invoking: Print Size
avr-size --format=avr --mcu=atmega32 Smart_Home.elf
AVR Memory Usage
----------------
Device: atmega32

Program:   10250 bytes (31.3% Full)
(.text + .data + .bootloader)

Data:        303 bytes (14.8% Full)
(.data + .bss + .noinit)


Finished building: sizedummy
 
16:51:19 **** Incremental Build of configuration Debug for project Smart_Home ****
make all 
Building file: ../main.c
Invoking: AVR Compiler
avr-gcc -Wall -g2 -gstabs -O0 -fpack-struct -fshort-enums -ffunction-sections -fdata-sections -std=gnu99 -funsigned-char -funsigned-bitfields -mmcu=atmega32 -DF_CPU=16000000UL -MMD -MP -MF"main.d" -MT"main.o" -c -o "main.o" "../main.c"
In file included from ../main.c:1:
c:/winavr-20100110/lib/gcc/../../avr/include/avr/delay.h:36:2: warning: #warning "This file has been moved to <util/delay.h>."
In file included from c:/winavr-20100110/lib/gcc/../../avr/include/avr/delay.h:37,
                 from ../main.c:1:
c:/winavr-20100110/lib/gcc/../../avr/include/util/delay.h:90:3: warning: #warning "Compiler optimizations disabled; functions from <util/delay.h> won't work as designed"
../main.c: In function 'main':
../main.c:104: warning: unused variable 'flame'
Finished building: ../main.c
 
Building target: Smart_Home.elf
Invoking: AVR C Linker
avr-gcc -Wl,-Map,Smart_Home.map -mmcu=atmega32 -o "Smart_Home.elf"  ./MCAL/PWM.o ./MCAL/adc.o ./MCAL/gpio.o  ./HAL/buzzer.o ./HAL/flame.o ./HAL/lcd.o ./HAL/ldr.o ./HAL/led.o ./HAL/lm35_sensor.o ./HAL/motor.o  ./main.o   
Finished building target: Smart_Home.elf
 
Invoking: AVR Create Extended Listing
avr-objdump -h -S Smart_Home.elf  >"Smart_Home.lss"
Finished building: Smart_Home.lss
 
Invoking: Print Size
avr-size --format=avr --mcu=atmega32 Smart_Home.elf
AVR Memory Usage
----------------
Device: atmega32

Program:   10256 bytes (31.3% Full)
(.text + .data + .bootloader)

Data:        303 bytes (14.8% Full)
(.data + .bss + .noinit)


Finished building: sizedummy
 
16:53:18 **** Incremental Build of configuration Debug for project Smart_Home ****
make all 
Building file: ../main.c
Invoking: AVR Compiler
avr-gcc -Wall -g2 -gstabs -O0 -fpack-struct -fshort-enums -ffunction-sections -fdata-sections -std=gnu99 -funsigned-char -funsigned-bitfields -mmcu=atmega32 -DF_CPU=16000000UL -MMD -MP -MF"main.d" -MT"main.o" -c -o "main.o" "../main.c"
In file included from ../main.c:1:
c:/winavr-20100110/lib/gcc/../../avr/include/avr/delay.h:36:2: warning: #warning "This file has been moved to <util/delay.h>."
In file included from c:/winavr-20100110/lib/gcc/../../avr/include/avr/delay.h:37,
                 from ../main.c:1:
c:/winavr-20100110/lib/gcc/../../avr/include/util/delay.h:90:3: warning: #warning "Compiler optimizations disabled; functions from <util/delay.h> won't work as designed"
../main.c: In function 'main':
../main.c:104: warning: unused variable 'flame'
Finished building: ../main.c
 
Building target: Smart_Home.elf
Invoking: AVR C Linker
avr-gcc -Wl,-Map,Smart_Home.map -mmcu=atmega32 -o "Smart_Home.elf"  ./MCAL/PWM.o ./MCAL/adc.o ./MCAL/gpio.o  ./HAL/buzzer.o ./HAL/flame.o ./HAL/lcd.o ./HAL/ldr.o ./HAL/led.o ./HAL/lm35_sensor.o ./HAL/motor.o  ./main.o   
Finished building target: Smart_Home.elf
 
Invoking: AVR Create Extended Listing
avr-objdump -h -S Smart_Home.elf  >"Smart_Home.lss"
Finished building: Smart_Home.lss
 
Invoking: Print Size
avr-size --format=avr --mcu=atmega32 Smart_Home.elf
AVR Memory Usage
----------------
Device: atmega32

Program:   10254 bytes (31.3% Full)
(.text + .data + .bootloader)

Data:        303 bytes (14.8% Full)
(.data + .bss + .noinit)


Finished building: sizedummy
 
16:53:52 **** Incremental Build of configuration Debug for project Smart_Home ****
make all 
Building file: ../main.c
Invoking: AVR Compiler
avr-gcc -Wall -g2 -gstabs -O0 -fpack-struct -fshort-enums -ffunction-sections -fdata-sections -std=gnu99 -funsigned-char -funsigned-bitfields -mmcu=atmega32 -DF_CPU=16000000UL -MMD -MP -MF"main.d" -MT"main.o" -c -o "main.o" "../main.c"
In file included from ../main.c:1:
c:/winavr-20100110/lib/gcc/../../avr/include/avr/delay.h:36:2: warning: #warning "This file has been moved to <util/delay.h>."
In file included from c:/winavr-20100110/lib/gcc/../../avr/include/avr/delay.h:37,
                 from ../main.c:1:
c:/winavr-20100110/lib/gcc/../../avr/include/util/delay.h:90:3: warning: #warning "Compiler optimizations disabled; functions from <util/delay.h> won't work as designed"
../main.c: In function 'main':
../main.c:104: warning: unused variable 'ldr'
../main.c:104: warning: unused variable 'flame'
Finished building: ../main.c
 
Building target: Smart_Home.elf
Invoking: AVR C Linker
avr-gcc -Wl,-Map,Smart_Home.map -mmcu=atmega32 -o "Smart_Home.elf"  ./MCAL/PWM.o ./MCAL/adc.o ./MCAL/gpio.o  ./HAL/buzzer.o ./HAL/flame.o ./HAL/lcd.o ./HAL/ldr.o ./HAL/led.o ./HAL/lm35_sensor.o ./HAL/motor.o  ./main.o   
Finished building target: Smart_Home.elf
 
Invoking: AVR Create Extended Listing
avr-objdump -h -S Smart_Home.elf  >"Smart_Home.lss"
Finished building: Smart_Home.lss
 
Invoking: Print Size
avr-size --format=avr --mcu=atmega32 Smart_Home.elf
AVR Memory Usage
----------------
Device: atmega32

Program:   10248 bytes (31.3% Full)
(.text + .data + .bootloader)

Data:        303 bytes (14.8% Full)
(.data + .bss + .noinit)


Finished building: sizedummy
 
16:54:35 **** Incremental Build of configuration Debug for project Smart_Home ****
make all 
Building file: ../main.c
Invoking: AVR Compiler
avr-gcc -Wall -g2 -gstabs -O0 -fpack-struct -fshort-enums -ffunction-sections -fdata-sections -std=gnu99 -funsigned-char -funsigned-bitfields -mmcu=atmega32 -DF_CPU=16000000UL -MMD -MP -MF"main.d" -MT"main.o" -c -o "main.o" "../main.c"
In file included from ../main.c:1:
c:/winavr-20100110/lib/gcc/../../avr/include/avr/delay.h:36:2: warning: #warning "This file has been moved to <util/delay.h>."
In file included from c:/winavr-20100110/lib/gcc/../../avr/include/avr/delay.h:37,
                 from ../main.c:1:
c:/winavr-20100110/lib/gcc/../../avr/include/util/delay.h:90:3: warning: #warning "Compiler optimizations disabled; functions from <util/delay.h> won't work as designed"
../main.c: In function 'main':
../main.c:104: warning: unused variable 'flame'
Finished building: ../main.c
 
Building target: Smart_Home.elf
Invoking: AVR C Linker
avr-gcc -Wl,-Map,Smart_Home.map -mmcu=atmega32 -o "Smart_Home.elf"  ./MCAL/PWM.o ./MCAL/adc.o ./MCAL/gpio.o  ./HAL/buzzer.o ./HAL/flame.o ./HAL/lcd.o ./HAL/ldr.o ./HAL/led.o ./HAL/lm35_sensor.o ./HAL/motor.o  ./main.o   
Finished building target: Smart_Home.elf
 
Invoking: AVR Create Extended Listing
avr-objdump -h -S Smart_Home.elf  >"Smart_Home.lss"
Finished building: Smart_Home.lss
 
Invoking: Print Size
avr-size --format=avr --mcu=atmega32 Smart_Home.elf
AVR Memory Usage
----------------
Device: atmega32

Program:   10254 bytes (31.3% Full)
(.text + .data + .bootloader)

Data:        303 bytes (14.8% Full)
(.data + .bss + .noinit)


Finished building: sizedummy
 
16:55:32 **** Incremental Build of configuration Debug for project Smart_Home ****
make all 
Building file: ../HAL/ldr.c
Invoking: AVR Compiler
avr-gcc -Wall -g2 -gstabs -O0 -fpack-struct -fshort-enums -ffunction-sections -fdata-sections -std=gnu99 -funsigned-char -funsigned-bitfields -mmcu=atmega32 -DF_CPU=16000000UL -MMD -MP -MF"HAL/ldr.d" -MT"HAL/ldr.o" -c -o "HAL/ldr.o" "../HAL/ldr.c"
Finished building: ../HAL/ldr.c
 
Building target: Smart_Home.elf
Invoking: AVR C Linker
avr-gcc -Wl,-Map,Smart_Home.map -mmcu=atmega32 -o "Smart_Home.elf"  ./MCAL/PWM.o ./MCAL/adc.o ./MCAL/gpio.o  ./HAL/buzzer.o ./HAL/flame.o ./HAL/lcd.o ./HAL/ldr.o ./HAL/led.o ./HAL/lm35_sensor.o ./HAL/motor.o  ./main.o   
Finished building target: Smart_Home.elf
 
Invoking: AVR Create Extended Listing
avr-objdump -h -S Smart_Home.elf  >"Smart_Home.lss"
Finished building: Smart_Home.lss
 
Invoking: Print Size
avr-size --format=avr --mcu=atmega32 Smart_Home.elf
AVR Memory Usage
----------------
Device: atmega32

Program:   10252 bytes (31.3% Full)
(.text + .data + .bootloader)

Data:        303 bytes (14.8% Full)
(.data + .bss + .noinit)


Finished building: sizedummy
 
16:56:37 **** Incremental Build of configuration Debug for project Smart_Home ****
make all 
Building file: ../MCAL/adc.c
Invoking: AVR Compiler
avr-gcc -Wall -g2 -gstabs -O0 -fpack-struct -fshort-enums -ffunction-sections -fdata-sections -std=gnu99 -funsigned-char -funsigned-bitfields -mmcu=atmega32 -DF_CPU=16000000UL -MMD -MP -MF"MCAL/adc.d" -MT"MCAL/adc.o" -c -o "MCAL/adc.o" "../MCAL/adc.c"
Finished building: ../MCAL/adc.c
 
Building file: ../HAL/ldr.c
Invoking: AVR Compiler
avr-gcc -Wall -g2 -gstabs -O0 -fpack-struct -fshort-enums -ffunction-sections -fdata-sections -std=gnu99 -funsigned-char -funsigned-bitfields -mmcu=atmega32 -DF_CPU=16000000UL -MMD -MP -MF"HAL/ldr.d" -MT"HAL/ldr.o" -c -o "HAL/ldr.o" "../HAL/ldr.c"
Finished building: ../HAL/ldr.c
 
Building target: Smart_Home.elf
Invoking: AVR C Linker
avr-gcc -Wl,-Map,Smart_Home.map -mmcu=atmega32 -o "Smart_Home.elf"  ./MCAL/PWM.o ./MCAL/adc.o ./MCAL/gpio.o  ./HAL/buzzer.o ./HAL/flame.o ./HAL/lcd.o ./HAL/ldr.o ./HAL/led.o ./HAL/lm35_sensor.o ./HAL/motor.o  ./main.o   
Finished building target: Smart_Home.elf
 
Invoking: AVR Create Extended Listing
avr-objdump -h -S Smart_Home.elf  >"Smart_Home.lss"
Finished building: Smart_Home.lss
 
Invoking: Print Size
avr-size --format=avr --mcu=atmega32 Smart_Home.elf
AVR Memory Usage
----------------
Device: atmega32

Program:   10254 bytes (31.3% Full)
(.text + .data + .bootloader)

Data:        303 bytes (14.8% Full)
(.data + .bss + .noinit)


Finished building: sizedummy
 
17:00:06 **** Incremental Build of configuration Debug for project Smart_Home ****
make all 
Invoking: Print Size
avr-size --format=avr --mcu=atmega32 Smart_Home.elf
AVR Memory Usage
----------------
Device: atmega32

Program:   10254 bytes (31.3% Full)
(.text + .data + .bootloader)

Data:        303 bytes (14.8% Full)
(.data + .bss + .noinit)


Finished building: sizedummy
 
17:01:03 **** Incremental Build of configuration Debug for project Smart_Home ****
make all 
Building file: ../main.c
Invoking: AVR Compiler
avr-gcc -Wall -g2 -gstabs -O0 -fpack-struct -fshort-enums -ffunction-sections -fdata-sections -std=gnu99 -funsigned-char -funsigned-bitfields -mmcu=atmega32 -DF_CPU=16000000UL -MMD -MP -MF"main.d" -MT"main.o" -c -o "main.o" "../main.c"
In file included from ../main.c:1:
c:/winavr-20100110/lib/gcc/../../avr/include/avr/delay.h:36:2: warning: #warning "This file has been moved to <util/delay.h>."
In file included from c:/winavr-20100110/lib/gcc/../../avr/include/avr/delay.h:37,
                 from ../main.c:1:
c:/winavr-20100110/lib/gcc/../../avr/include/util/delay.h:90:3: warning: #warning "Compiler optimizations disabled; functions from <util/delay.h> won't work as designed"
../main.c: In function 'main':
../main.c:104: warning: unused variable 'ldr'
../main.c:104: warning: unused variable 'flame'
Finished building: ../main.c
 
Building target: Smart_Home.elf
Invoking: AVR C Linker
avr-gcc -Wl,-Map,Smart_Home.map -mmcu=atmega32 -o "Smart_Home.elf"  ./MCAL/PWM.o ./MCAL/adc.o ./MCAL/gpio.o  ./HAL/buzzer.o ./HAL/flame.o ./HAL/lcd.o ./HAL/ldr.o ./HAL/led.o ./HAL/lm35_sensor.o ./HAL/motor.o  ./main.o   
Finished building target: Smart_Home.elf
 
Invoking: AVR Create Extended Listing
avr-objdump -h -S Smart_Home.elf  >"Smart_Home.lss"
Finished building: Smart_Home.lss
 
Invoking: Print Size
avr-size --format=avr --mcu=atmega32 Smart_Home.elf
AVR Memory Usage
----------------
Device: atmega32

Program:   10248 bytes (31.3% Full)
(.text + .data + .bootloader)

Data:        303 bytes (14.8% Full)
(.data + .bss + .noinit)


Finished building: sizedummy
 
17:01:12 **** Incremental Build of configuration Debug for project Smart_Home ****
make all 
Building file: ../main.c
Invoking: AVR Compiler
avr-gcc -Wall -g2 -gstabs -O0 -fpack-struct -fshort-enums -ffunction-sections -fdata-sections -std=gnu99 -funsigned-char -funsigned-bitfields -mmcu=atmega32 -DF_CPU=16000000UL -MMD -MP -MF"main.d" -MT"main.o" -c -o "main.o" "../main.c"
In file included from ../main.c:1:
c:/winavr-20100110/lib/gcc/../../avr/include/avr/delay.h:36:2: warning: #warning "This file has been moved to <util/delay.h>."
In file included from c:/winavr-20100110/lib/gcc/../../avr/include/avr/delay.h:37,
                 from ../main.c:1:
c:/winavr-20100110/lib/gcc/../../avr/include/util/delay.h:90:3: warning: #warning "Compiler optimizations disabled; functions from <util/delay.h> won't work as designed"
../main.c: In function 'main':
../main.c:104: warning: unused variable 'flame'
Finished building: ../main.c
 
Building target: Smart_Home.elf
Invoking: AVR C Linker
avr-gcc -Wl,-Map,Smart_Home.map -mmcu=atmega32 -o "Smart_Home.elf"  ./MCAL/PWM.o ./MCAL/adc.o ./MCAL/gpio.o  ./HAL/buzzer.o ./HAL/flame.o ./HAL/lcd.o ./HAL/ldr.o ./HAL/led.o ./HAL/lm35_sensor.o ./HAL/motor.o  ./main.o   
Finished building target: Smart_Home.elf
 
Invoking: AVR Create Extended Listing
avr-objdump -h -S Smart_Home.elf  >"Smart_Home.lss"
Finished building: Smart_Home.lss
 
Invoking: Print Size
avr-size --format=avr --mcu=atmega32 Smart_Home.elf
AVR Memory Usage
----------------
Device: atmega32

Program:   10248 bytes (31.3% Full)
(.text + .data + .bootloader)

Data:        303 bytes (14.8% Full)
(.data + .bss + .noinit)


Finished building: sizedummy
 
17:01:18 **** Incremental Build of configuration Debug for project Smart_Home ****
make all 
Building file: ../main.c
Invoking: AVR Compiler
avr-gcc -Wall -g2 -gstabs -O0 -fpack-struct -fshort-enums -ffunction-sections -fdata-sections -std=gnu99 -funsigned-char -funsigned-bitfields -mmcu=atmega32 -DF_CPU=16000000UL -MMD -MP -MF"main.d" -MT"main.o" -c -o "main.o" "../main.c"
In file included from ../main.c:1:
c:/winavr-20100110/lib/gcc/../../avr/include/avr/delay.h:36:2: warning: #warning "This file has been moved to <util/delay.h>."
In file included from c:/winavr-20100110/lib/gcc/../../avr/include/avr/delay.h:37,
                 from ../main.c:1:
c:/winavr-20100110/lib/gcc/../../avr/include/util/delay.h:90:3: warning: #warning "Compiler optimizations disabled; functions from <util/delay.h> won't work as designed"
../main.c: In function 'main':
../main.c:104: warning: unused variable 'flame'
Finished building: ../main.c
 
Building target: Smart_Home.elf
Invoking: AVR C Linker
avr-gcc -Wl,-Map,Smart_Home.map -mmcu=atmega32 -o "Smart_Home.elf"  ./MCAL/PWM.o ./MCAL/adc.o ./MCAL/gpio.o  ./HAL/buzzer.o ./HAL/flame.o ./HAL/lcd.o ./HAL/ldr.o ./HAL/led.o ./HAL/lm35_sensor.o ./HAL/motor.o  ./main.o   
Finished building target: Smart_Home.elf
 
Invoking: AVR Create Extended Listing
avr-objdump -h -S Smart_Home.elf  >"Smart_Home.lss"
Finished building: Smart_Home.lss
 
Invoking: Print Size
avr-size --format=avr --mcu=atmega32 Smart_Home.elf
AVR Memory Usage
----------------
Device: atmega32

Program:   10256 bytes (31.3% Full)
(.text + .data + .bootloader)

Data:        303 bytes (14.8% Full)
(.data + .bss + .noinit)


Finished building: sizedummy
 
17:11:11 **** Incremental Build of configuration Debug for project Smart_Home ****
make all 
Building file: ../MCAL/adc.c
Invoking: AVR Compiler
avr-gcc -Wall -g2 -gstabs -O0 -fpack-struct -fshort-enums -ffunction-sections -fdata-sections -std=gnu99 -funsigned-char -funsigned-bitfields -mmcu=atmega32 -DF_CPU=16000000UL -MMD -MP -MF"MCAL/adc.d" -MT"MCAL/adc.o" -c -o "MCAL/adc.o" "../MCAL/adc.c"
Finished building: ../MCAL/adc.c
 
Building file: ../HAL/lm35_sensor.c
Invoking: AVR Compiler
avr-gcc -Wall -g2 -gstabs -O0 -fpack-struct -fshort-enums -ffunction-sections -fdata-sections -std=gnu99 -funsigned-char -funsigned-bitfields -mmcu=atmega32 -DF_CPU=16000000UL -MMD -MP -MF"HAL/lm35_sensor.d" -MT"HAL/lm35_sensor.o" -c -o "HAL/lm35_sensor.o" "../HAL/lm35_sensor.c"
Finished building: ../HAL/lm35_sensor.c
 
Building file: ../main.c
Invoking: AVR Compiler
avr-gcc -Wall -g2 -gstabs -O0 -fpack-struct -fshort-enums -ffunction-sections -fdata-sections -std=gnu99 -funsigned-char -funsigned-bitfields -mmcu=atmega32 -DF_CPU=16000000UL -MMD -MP -MF"main.d" -MT"main.o" -c -o "main.o" "../main.c"
In file included from ../main.c:1:
c:/winavr-20100110/lib/gcc/../../avr/include/avr/delay.h:36:2: warning: #warning "This file has been moved to <util/delay.h>."
In file included from c:/winavr-20100110/lib/gcc/../../avr/include/avr/delay.h:37,
                 from ../main.c:1:
c:/winavr-20100110/lib/gcc/../../avr/include/util/delay.h:90:3: warning: #warning "Compiler optimizations disabled; functions from <util/delay.h> won't work as designed"
../main.c: In function 'main':
../main.c:104: warning: unused variable 'flame'
Finished building: ../main.c
 
Building target: Smart_Home.elf
Invoking: AVR C Linker
avr-gcc -Wl,-Map,Smart_Home.map -mmcu=atmega32 -o "Smart_Home.elf"  ./MCAL/PWM.o ./MCAL/adc.o ./MCAL/gpio.o  ./HAL/buzzer.o ./HAL/flame.o ./HAL/lcd.o ./HAL/ldr.o ./HAL/led.o ./HAL/lm35_sensor.o ./HAL/motor.o  ./main.o   
Finished building target: Smart_Home.elf
 
Invoking: AVR Create Extended Listing
avr-objdump -h -S Smart_Home.elf  >"Smart_Home.lss"
Finished building: Smart_Home.lss
 
Invoking: Print Size
avr-size --format=avr --mcu=atmega32 Smart_Home.elf
AVR Memory Usage
----------------
Device: atmega32

Program:   10276 bytes (31.4% Full)
(.text + .data + .bootloader)

Data:        303 bytes (14.8% Full)
(.data + .bss + .noinit)


Finished building: sizedummy
 
17:12:38 **** Incremental Build of configuration Debug for project Smart_Home ****
make all 
Building file: ../MCAL/adc.c
Invoking: AVR Compiler
avr-gcc -Wall -g2 -gstabs -O0 -fpack-struct -fshort-enums -ffunction-sections -fdata-sections -std=gnu99 -funsigned-char -funsigned-bitfields -mmcu=atmega32 -DF_CPU=16000000UL -MMD -MP -MF"MCAL/adc.d" -MT"MCAL/adc.o" -c -o "MCAL/adc.o" "../MCAL/adc.c"
Finished building: ../MCAL/adc.c
 
Building target: Smart_Home.elf
Invoking: AVR C Linker
avr-gcc -Wl,-Map,Smart_Home.map -mmcu=atmega32 -o "Smart_Home.elf"  ./MCAL/PWM.o ./MCAL/adc.o ./MCAL/gpio.o  ./HAL/buzzer.o ./HAL/flame.o ./HAL/lcd.o ./HAL/ldr.o ./HAL/led.o ./HAL/lm35_sensor.o ./HAL/motor.o  ./main.o   
Finished building target: Smart_Home.elf
 
Invoking: AVR Create Extended Listing
avr-objdump -h -S Smart_Home.elf  >"Smart_Home.lss"
Finished building: Smart_Home.lss
 
Invoking: Print Size
avr-size --format=avr --mcu=atmega32 Smart_Home.elf
AVR Memory Usage
----------------
Device: atmega32

Program:   10262 bytes (31.3% Full)
(.text + .data + .bootloader)

Data:        303 bytes (14.8% Full)
(.data + .bss + .noinit)


Finished building: sizedummy
 
17:13:02 **** Incremental Build of configuration Debug for project Smart_Home ****
make all 
Invoking: Print Size
avr-size --format=avr --mcu=atmega32 Smart_Home.elf
AVR Memory Usage
----------------
Device: atmega32

Program:   10262 bytes (31.3% Full)
(.text + .data + .bootloader)

Data:        303 bytes (14.8% Full)
(.data + .bss + .noinit)


Finished building: sizedummy
 
17:13:16 **** Incremental Build of configuration Debug for project Smart_Home ****
make all 
Building file: ../MCAL/adc.c
Invoking: AVR Compiler
avr-gcc -Wall -g2 -gstabs -O0 -fpack-struct -fshort-enums -ffunction-sections -fdata-sections -std=gnu99 -funsigned-char -funsigned-bitfields -mmcu=atmega32 -DF_CPU=16000000UL -MMD -MP -MF"MCAL/adc.d" -MT"MCAL/adc.o" -c -o "MCAL/adc.o" "../MCAL/adc.c"
Finished building: ../MCAL/adc.c
 
Building target: Smart_Home.elf
Invoking: AVR C Linker
avr-gcc -Wl,-Map,Smart_Home.map -mmcu=atmega32 -o "Smart_Home.elf"  ./MCAL/PWM.o ./MCAL/adc.o ./MCAL/gpio.o  ./HAL/buzzer.o ./HAL/flame.o ./HAL/lcd.o ./HAL/ldr.o ./HAL/led.o ./HAL/lm35_sensor.o ./HAL/motor.o  ./main.o   
Finished building target: Smart_Home.elf
 
Invoking: AVR Create Extended Listing
avr-objdump -h -S Smart_Home.elf  >"Smart_Home.lss"
Finished building: Smart_Home.lss
 
Invoking: Print Size
avr-size --format=avr --mcu=atmega32 Smart_Home.elf
AVR Memory Usage
----------------
Device: atmega32

Program:   10276 bytes (31.4% Full)
(.text + .data + .bootloader)

Data:        303 bytes (14.8% Full)
(.data + .bss + .noinit)


Finished building: sizedummy
 
17:16:25 **** Incremental Build of configuration Debug for project Smart_Home ****
make all 
Building file: ../MCAL/adc.c
Invoking: AVR Compiler
avr-gcc -Wall -g2 -gstabs -O0 -fpack-struct -fshort-enums -ffunction-sections -fdata-sections -std=gnu99 -funsigned-char -funsigned-bitfields -mmcu=atmega32 -DF_CPU=16000000UL -MMD -MP -MF"MCAL/adc.d" -MT"MCAL/adc.o" -c -o "MCAL/adc.o" "../MCAL/adc.c"
Finished building: ../MCAL/adc.c
 
Building target: Smart_Home.elf
Invoking: AVR C Linker
avr-gcc -Wl,-Map,Smart_Home.map -mmcu=atmega32 -o "Smart_Home.elf"  ./MCAL/PWM.o ./MCAL/adc.o ./MCAL/gpio.o  ./HAL/buzzer.o ./HAL/flame.o ./HAL/lcd.o ./HAL/ldr.o ./HAL/led.o ./HAL/lm35_sensor.o ./HAL/motor.o  ./main.o   
Finished building target: Smart_Home.elf
 
Invoking: AVR Create Extended Listing
avr-objdump -h -S Smart_Home.elf  >"Smart_Home.lss"
Finished building: Smart_Home.lss
 
Invoking: Print Size
avr-size --format=avr --mcu=atmega32 Smart_Home.elf
AVR Memory Usage
----------------
Device: atmega32

Program:   10274 bytes (31.4% Full)
(.text + .data + .bootloader)

Data:        303 bytes (14.8% Full)
(.data + .bss + .noinit)


Finished building: sizedummy
 
17:17:59 **** Incremental Build of configuration Debug for project Smart_Home ****
make all 
Building file: ../MCAL/adc.c
Invoking: AVR Compiler
avr-gcc -Wall -g2 -gstabs -O0 -fpack-struct -fshort-enums -ffunction-sections -fdata-sections -std=gnu99 -funsigned-char -funsigned-bitfields -mmcu=atmega32 -DF_CPU=16000000UL -MMD -MP -MF"MCAL/adc.d" -MT"MCAL/adc.o" -c -o "MCAL/adc.o" "../MCAL/adc.c"
Finished building: ../MCAL/adc.c
 
Building target: Smart_Home.elf
Invoking: AVR C Linker
avr-gcc -Wl,-Map,Smart_Home.map -mmcu=atmega32 -o "Smart_Home.elf"  ./MCAL/PWM.o ./MCAL/adc.o ./MCAL/gpio.o  ./HAL/buzzer.o ./HAL/flame.o ./HAL/lcd.o ./HAL/ldr.o ./HAL/led.o ./HAL/lm35_sensor.o ./HAL/motor.o  ./main.o   
Finished building target: Smart_Home.elf
 
Invoking: AVR Create Extended Listing
avr-objdump -h -S Smart_Home.elf  >"Smart_Home.lss"
Finished building: Smart_Home.lss
 
Invoking: Print Size
avr-size --format=avr --mcu=atmega32 Smart_Home.elf
AVR Memory Usage
----------------
Device: atmega32

Program:   10276 bytes (31.4% Full)
(.text + .data + .bootloader)

Data:        303 bytes (14.8% Full)
(.data + .bss + .noinit)


Finished building: sizedummy
 
17:18:29 **** Incremental Build of configuration Debug for project Smart_Home ****
make all 
Building file: ../MCAL/adc.c
Invoking: AVR Compiler
avr-gcc -Wall -g2 -gstabs -O0 -fpack-struct -fshort-enums -ffunction-sections -fdata-sections -std=gnu99 -funsigned-char -funsigned-bitfields -mmcu=atmega32 -DF_CPU=16000000UL -MMD -MP -MF"MCAL/adc.d" -MT"MCAL/adc.o" -c -o "MCAL/adc.o" "../MCAL/adc.c"
Finished building: ../MCAL/adc.c
 
Building target: Smart_Home.elf
Invoking: AVR C Linker
avr-gcc -Wl,-Map,Smart_Home.map -mmcu=atmega32 -o "Smart_Home.elf"  ./MCAL/PWM.o ./MCAL/adc.o ./MCAL/gpio.o  ./HAL/buzzer.o ./HAL/flame.o ./HAL/lcd.o ./HAL/ldr.o ./HAL/led.o ./HAL/lm35_sensor.o ./HAL/motor.o  ./main.o   
Finished building target: Smart_Home.elf
 
Invoking: AVR Create Extended Listing
avr-objdump -h -S Smart_Home.elf  >"Smart_Home.lss"
Finished building: Smart_Home.lss
 
Invoking: Print Size
avr-size --format=avr --mcu=atmega32 Smart_Home.elf
AVR Memory Usage
----------------
Device: atmega32

Program:   10276 bytes (31.4% Full)
(.text + .data + .bootloader)

Data:        303 bytes (14.8% Full)
(.data + .bss + .noinit)


Finished building: sizedummy
 
17:19:50 **** Incremental Build of configuration Debug for project Smart_Home ****
make all 
Building file: ../MCAL/adc.c
Invoking: AVR Compiler
avr-gcc -Wall -g2 -gstabs -O0 -fpack-struct -fshort-enums -ffunction-sections -fdata-sections -std=gnu99 -funsigned-char -funsigned-bitfields -mmcu=atmega32 -DF_CPU=16000000UL -MMD -MP -MF"MCAL/adc.d" -MT"MCAL/adc.o" -c -o "MCAL/adc.o" "../MCAL/adc.c"
../MCAL/adc.c:24: error: redefinition of 'ADC_readChannel'
../MCAL/adc.c:14: error: previous definition of 'ADC_readChannel' was here
make: *** [MCAL/adc.o] Error 1
"make all" terminated with exit code 2. Build might be incomplete.
17:19:55 **** Incremental Build of configuration Debug for project Smart_Home ****
make all 
Building file: ../MCAL/adc.c
Invoking: AVR Compiler
avr-gcc -Wall -g2 -gstabs -O0 -fpack-struct -fshort-enums -ffunction-sections -fdata-sections -std=gnu99 -funsigned-char -funsigned-bitfields -mmcu=atmega32 -DF_CPU=16000000UL -MMD -MP -MF"MCAL/adc.d" -MT"MCAL/adc.o" -c -o "MCAL/adc.o" "../MCAL/adc.c"
Finished building: ../MCAL/adc.c
 
Building target: Smart_Home.elf
Invoking: AVR C Linker
avr-gcc -Wl,-Map,Smart_Home.map -mmcu=atmega32 -o "Smart_Home.elf"  ./MCAL/PWM.o ./MCAL/adc.o ./MCAL/gpio.o  ./HAL/buzzer.o ./HAL/flame.o ./HAL/lcd.o ./HAL/ldr.o ./HAL/led.o ./HAL/lm35_sensor.o ./HAL/motor.o  ./main.o   
Finished building target: Smart_Home.elf
 
Invoking: AVR Create Extended Listing
avr-objdump -h -S Smart_Home.elf  >"Smart_Home.lss"
Finished building: Smart_Home.lss
 
Invoking: Print Size
avr-size --format=avr --mcu=atmega32 Smart_Home.elf
AVR Memory Usage
----------------
Device: atmega32

Program:   10276 bytes (31.4% Full)
(.text + .data + .bootloader)

Data:        303 bytes (14.8% Full)
(.data + .bss + .noinit)


Finished building: sizedummy
 
17:21:38 **** Incremental Build of configuration Debug for project Smart_Home ****
make all 
Building file: ../MCAL/adc.c
Invoking: AVR Compiler
avr-gcc -Wall -g2 -gstabs -O0 -fpack-struct -fshort-enums -ffunction-sections -fdata-sections -std=gnu99 -funsigned-char -funsigned-bitfields -mmcu=atmega32 -DF_CPU=16000000UL -MMD -MP -MF"MCAL/adc.d" -MT"MCAL/adc.o" -c -o "MCAL/adc.o" "../MCAL/adc.c"
Finished building: ../MCAL/adc.c
 
Building file: ../HAL/flame.c
Invoking: AVR Compiler
avr-gcc -Wall -g2 -gstabs -O0 -fpack-struct -fshort-enums -ffunction-sections -fdata-sections -std=gnu99 -funsigned-char -funsigned-bitfields -mmcu=atmega32 -DF_CPU=16000000UL -MMD -MP -MF"HAL/flame.d" -MT"HAL/flame.o" -c -o "HAL/flame.o" "../HAL/flame.c"
Finished building: ../HAL/flame.c
 
Building file: ../main.c
Invoking: AVR Compiler
avr-gcc -Wall -g2 -gstabs -O0 -fpack-struct -fshort-enums -ffunction-sections -fdata-sections -std=gnu99 -funsigned-char -funsigned-bitfields -mmcu=atmega32 -DF_CPU=16000000UL -MMD -MP -MF"main.d" -MT"main.o" -c -o "main.o" "../main.c"
In file included from ../main.c:1:
c:/winavr-20100110/lib/gcc/../../avr/include/avr/delay.h:36:2: warning: #warning "This file has been moved to <util/delay.h>."
In file included from c:/winavr-20100110/lib/gcc/../../avr/include/avr/delay.h:37,
                 from ../main.c:1:
c:/winavr-20100110/lib/gcc/../../avr/include/util/delay.h:90:3: warning: #warning "Compiler optimizations disabled; functions from <util/delay.h> won't work as designed"
Finished building: ../main.c
 
Building target: Smart_Home.elf
Invoking: AVR C Linker
avr-gcc -Wl,-Map,Smart_Home.map -mmcu=atmega32 -o "Smart_Home.elf"  ./MCAL/PWM.o ./MCAL/adc.o ./MCAL/gpio.o  ./HAL/buzzer.o ./HAL/flame.o ./HAL/lcd.o ./HAL/ldr.o ./HAL/led.o ./HAL/lm35_sensor.o ./HAL/motor.o  ./main.o   
Finished building target: Smart_Home.elf
 
Invoking: AVR Create Extended Listing
avr-objdump -h -S Smart_Home.elf  >"Smart_Home.lss"
Finished building: Smart_Home.lss
 
Invoking: Print Size
avr-size --format=avr --mcu=atmega32 Smart_Home.elf
AVR Memory Usage
----------------
Device: atmega32

Program:   10318 bytes (31.5% Full)
(.text + .data + .bootloader)

Data:        303 bytes (14.8% Full)
(.data + .bss + .noinit)


Finished building: sizedummy
 
17:22:06 **** Incremental Build of configuration Debug for project Smart_Home ****
make all 
Building file: ../main.c
Invoking: AVR Compiler
avr-gcc -Wall -g2 -gstabs -O0 -fpack-struct -fshort-enums -ffunction-sections -fdata-sections -std=gnu99 -funsigned-char -funsigned-bitfields -mmcu=atmega32 -DF_CPU=16000000UL -MMD -MP -MF"main.d" -MT"main.o" -c -o "main.o" "../main.c"
In file included from ../main.c:1:
c:/winavr-20100110/lib/gcc/../../avr/include/avr/delay.h:36:2: warning: #warning "This file has been moved to <util/delay.h>."
In file included from c:/winavr-20100110/lib/gcc/../../avr/include/avr/delay.h:37,
                 from ../main.c:1:
c:/winavr-20100110/lib/gcc/../../avr/include/util/delay.h:90:3: warning: #warning "Compiler optimizations disabled; functions from <util/delay.h> won't work as designed"
Finished building: ../main.c
 
Building target: Smart_Home.elf
Invoking: AVR C Linker
avr-gcc -Wl,-Map,Smart_Home.map -mmcu=atmega32 -o "Smart_Home.elf"  ./MCAL/PWM.o ./MCAL/adc.o ./MCAL/gpio.o  ./HAL/buzzer.o ./HAL/flame.o ./HAL/lcd.o ./HAL/ldr.o ./HAL/led.o ./HAL/lm35_sensor.o ./HAL/motor.o  ./main.o   
Finished building target: Smart_Home.elf
 
Invoking: AVR Create Extended Listing
avr-objdump -h -S Smart_Home.elf  >"Smart_Home.lss"
Finished building: Smart_Home.lss
 
Invoking: Print Size
avr-size --format=avr --mcu=atmega32 Smart_Home.elf
AVR Memory Usage
----------------
Device: atmega32

Program:   10310 bytes (31.5% Full)
(.text + .data + .bootloader)

Data:        303 bytes (14.8% Full)
(.data + .bss + .noinit)


Finished building: sizedummy
 
17:26:52 **** Incremental Build of configuration Debug for project Smart_Home ****
make all 
Building file: ../main.c
Invoking: AVR Compiler
avr-gcc -Wall -g2 -gstabs -O0 -fpack-struct -fshort-enums -ffunction-sections -fdata-sections -std=gnu99 -funsigned-char -funsigned-bitfields -mmcu=atmega32 -DF_CPU=16000000UL -MMD -MP -MF"main.d" -MT"main.o" -c -o "main.o" "../main.c"
In file included from ../main.c:1:
c:/winavr-20100110/lib/gcc/../../avr/include/avr/delay.h:36:2: warning: #warning "This file has been moved to <util/delay.h>."
In file included from c:/winavr-20100110/lib/gcc/../../avr/include/avr/delay.h:37,
                 from ../main.c:1:
c:/winavr-20100110/lib/gcc/../../avr/include/util/delay.h:90:3: warning: #warning "Compiler optimizations disabled; functions from <util/delay.h> won't work as designed"
Finished building: ../main.c
 
Building target: Smart_Home.elf
Invoking: AVR C Linker
avr-gcc -Wl,-Map,Smart_Home.map -mmcu=atmega32 -o "Smart_Home.elf"  ./MCAL/PWM.o ./MCAL/adc.o ./MCAL/gpio.o  ./HAL/buzzer.o ./HAL/flame.o ./HAL/lcd.o ./HAL/ldr.o ./HAL/led.o ./HAL/lm35_sensor.o ./HAL/motor.o  ./main.o   
Finished building target: Smart_Home.elf
 
Invoking: AVR Create Extended Listing
avr-objdump -h -S Smart_Home.elf  >"Smart_Home.lss"
Finished building: Smart_Home.lss
 
Invoking: Print Size
avr-size --format=avr --mcu=atmega32 Smart_Home.elf
AVR Memory Usage
----------------
Device: atmega32

Program:   10288 bytes (31.4% Full)
(.text + .data + .bootloader)

Data:        303 bytes (14.8% Full)
(.data + .bss + .noinit)


Finished building: sizedummy
 
17:27:15 **** Incremental Build of configuration Debug for project Smart_Home ****
make all 
Building file: ../main.c
Invoking: AVR Compiler
avr-gcc -Wall -g2 -gstabs -O0 -fpack-struct -fshort-enums -ffunction-sections -fdata-sections -std=gnu99 -funsigned-char -funsigned-bitfields -mmcu=atmega32 -DF_CPU=16000000UL -MMD -MP -MF"main.d" -MT"main.o" -c -o "main.o" "../main.c"
In file included from ../main.c:1:
c:/winavr-20100110/lib/gcc/../../avr/include/avr/delay.h:36:2: warning: #warning "This file has been moved to <util/delay.h>."
In file included from c:/winavr-20100110/lib/gcc/../../avr/include/avr/delay.h:37,
                 from ../main.c:1:
c:/winavr-20100110/lib/gcc/../../avr/include/util/delay.h:90:3: warning: #warning "Compiler optimizations disabled; functions from <util/delay.h> won't work as designed"
Finished building: ../main.c
 
Building target: Smart_Home.elf
Invoking: AVR C Linker
avr-gcc -Wl,-Map,Smart_Home.map -mmcu=atmega32 -o "Smart_Home.elf"  ./MCAL/PWM.o ./MCAL/adc.o ./MCAL/gpio.o  ./HAL/buzzer.o ./HAL/flame.o ./HAL/lcd.o ./HAL/ldr.o ./HAL/led.o ./HAL/lm35_sensor.o ./HAL/motor.o  ./main.o   
Finished building target: Smart_Home.elf
 
Invoking: AVR Create Extended Listing
avr-objdump -h -S Smart_Home.elf  >"Smart_Home.lss"
Finished building: Smart_Home.lss
 
Invoking: Print Size
avr-size --format=avr --mcu=atmega32 Smart_Home.elf
AVR Memory Usage
----------------
Device: atmega32

Program:   10294 bytes (31.4% Full)
(.text + .data + .bootloader)

Data:        303 bytes (14.8% Full)
(.data + .bss + .noinit)


Finished building: sizedummy
 
17:29:24 **** Incremental Build of configuration Debug for project Smart_Home ****
make all 
Building file: ../main.c
Invoking: AVR Compiler
avr-gcc -Wall -g2 -gstabs -O0 -fpack-struct -fshort-enums -ffunction-sections -fdata-sections -std=gnu99 -funsigned-char -funsigned-bitfields -mmcu=atmega32 -DF_CPU=16000000UL -MMD -MP -MF"main.d" -MT"main.o" -c -o "main.o" "../main.c"
In file included from ../main.c:1:
c:/winavr-20100110/lib/gcc/../../avr/include/avr/delay.h:36:2: warning: #warning "This file has been moved to <util/delay.h>."
In file included from c:/winavr-20100110/lib/gcc/../../avr/include/avr/delay.h:37,
                 from ../main.c:1:
c:/winavr-20100110/lib/gcc/../../avr/include/util/delay.h:90:3: warning: #warning "Compiler optimizations disabled; functions from <util/delay.h> won't work as designed"
Finished building: ../main.c
 
Building target: Smart_Home.elf
Invoking: AVR C Linker
avr-gcc -Wl,-Map,Smart_Home.map -mmcu=atmega32 -o "Smart_Home.elf"  ./MCAL/PWM.o ./MCAL/adc.o ./MCAL/gpio.o  ./HAL/buzzer.o ./HAL/flame.o ./HAL/lcd.o ./HAL/ldr.o ./HAL/led.o ./HAL/lm35_sensor.o ./HAL/motor.o  ./main.o   
Finished building target: Smart_Home.elf
 
Invoking: AVR Create Extended Listing
avr-objdump -h -S Smart_Home.elf  >"Smart_Home.lss"
Finished building: Smart_Home.lss
 
Invoking: Print Size
avr-size --format=avr --mcu=atmega32 Smart_Home.elf
AVR Memory Usage
----------------
Device: atmega32

Program:   10300 bytes (31.4% Full)
(.text + .data + .bootloader)

Data:        303 bytes (14.8% Full)
(.data + .bss + .noinit)


Finished building: sizedummy
 
17:33:25 **** Incremental Build of configuration Debug for project Smart_Home ****
make all 
Building file: ../main.c
Invoking: AVR Compiler
avr-gcc -Wall -g2 -gstabs -O0 -fpack-struct -fshort-enums -ffunction-sections -fdata-sections -std=gnu99 -funsigned-char -funsigned-bitfields -mmcu=atmega32 -DF_CPU=16000000UL -MMD -MP -MF"main.d" -MT"main.o" -c -o "main.o" "../main.c"
In file included from ../main.c:1:
c:/winavr-20100110/lib/gcc/../../avr/include/avr/delay.h:36:2: warning: #warning "This file has been moved to <util/delay.h>."
In file included from c:/winavr-20100110/lib/gcc/../../avr/include/avr/delay.h:37,
                 from ../main.c:1:
c:/winavr-20100110/lib/gcc/../../avr/include/util/delay.h:90:3: warning: #warning "Compiler optimizations disabled; functions from <util/delay.h> won't work as designed"
Finished building: ../main.c
 
Building target: Smart_Home.elf
Invoking: AVR C Linker
avr-gcc -Wl,-Map,Smart_Home.map -mmcu=atmega32 -o "Smart_Home.elf"  ./MCAL/PWM.o ./MCAL/adc.o ./MCAL/gpio.o  ./HAL/buzzer.o ./HAL/flame.o ./HAL/lcd.o ./HAL/ldr.o ./HAL/led.o ./HAL/lm35_sensor.o ./HAL/motor.o  ./main.o   
Finished building target: Smart_Home.elf
 
Invoking: AVR Create Extended Listing
avr-objdump -h -S Smart_Home.elf  >"Smart_Home.lss"
Finished building: Smart_Home.lss
 
Invoking: Print Size
avr-size --format=avr --mcu=atmega32 Smart_Home.elf
AVR Memory Usage
----------------
Device: atmega32

Program:   10320 bytes (31.5% Full)
(.text + .data + .bootloader)

Data:        303 bytes (14.8% Full)
(.data + .bss + .noinit)


Finished building: sizedummy
 
17:35:09 **** Incremental Build of configuration Debug for project Smart_Home ****
make all 
Building file: ../main.c
Invoking: AVR Compiler
avr-gcc -Wall -g2 -gstabs -O0 -fpack-struct -fshort-enums -ffunction-sections -fdata-sections -std=gnu99 -funsigned-char -funsigned-bitfields -mmcu=atmega32 -DF_CPU=16000000UL -MMD -MP -MF"main.d" -MT"main.o" -c -o "main.o" "../main.c"
In file included from ../main.c:1:
c:/winavr-20100110/lib/gcc/../../avr/include/avr/delay.h:36:2: warning: #warning "This file has been moved to <util/delay.h>."
In file included from c:/winavr-20100110/lib/gcc/../../avr/include/avr/delay.h:37,
                 from ../main.c:1:
c:/winavr-20100110/lib/gcc/../../avr/include/util/delay.h:90:3: warning: #warning "Compiler optimizations disabled; functions from <util/delay.h> won't work as designed"
Finished building: ../main.c
 
Building target: Smart_Home.elf
Invoking: AVR C Linker
avr-gcc -Wl,-Map,Smart_Home.map -mmcu=atmega32 -o "Smart_Home.elf"  ./MCAL/PWM.o ./MCAL/adc.o ./MCAL/gpio.o  ./HAL/buzzer.o ./HAL/flame.o ./HAL/lcd.o ./HAL/ldr.o ./HAL/led.o ./HAL/lm35_sensor.o ./HAL/motor.o  ./main.o   
Finished building target: Smart_Home.elf
 
Invoking: AVR Create Extended Listing
avr-objdump -h -S Smart_Home.elf  >"Smart_Home.lss"
Finished building: Smart_Home.lss
 
Invoking: Print Size
avr-size --format=avr --mcu=atmega32 Smart_Home.elf
AVR Memory Usage
----------------
Device: atmega32

Program:   10336 bytes (31.5% Full)
(.text + .data + .bootloader)

Data:        303 bytes (14.8% Full)
(.data + .bss + .noinit)


Finished building: sizedummy
 
17:37:11 **** Incremental Build of configuration Debug for project Smart_Home ****
make all 
Building file: ../main.c
Invoking: AVR Compiler
avr-gcc -Wall -g2 -gstabs -O0 -fpack-struct -fshort-enums -ffunction-sections -fdata-sections -std=gnu99 -funsigned-char -funsigned-bitfields -mmcu=atmega32 -DF_CPU=16000000UL -MMD -MP -MF"main.d" -MT"main.o" -c -o "main.o" "../main.c"
In file included from ../main.c:1:
c:/winavr-20100110/lib/gcc/../../avr/include/avr/delay.h:36:2: warning: #warning "This file has been moved to <util/delay.h>."
In file included from c:/winavr-20100110/lib/gcc/../../avr/include/avr/delay.h:37,
                 from ../main.c:1:
c:/winavr-20100110/lib/gcc/../../avr/include/util/delay.h:90:3: warning: #warning "Compiler optimizations disabled; functions from <util/delay.h> won't work as designed"
../main.c: In function 'main':
../main.c:126: error: too many arguments to function 'printInfo'
make: *** [main.o] Error 1
"make all" terminated with exit code 2. Build might be incomplete.
17:37:28 **** Incremental Build of configuration Debug for project Smart_Home ****
make all 
Building file: ../main.c
Invoking: AVR Compiler
avr-gcc -Wall -g2 -gstabs -O0 -fpack-struct -fshort-enums -ffunction-sections -fdata-sections -std=gnu99 -funsigned-char -funsigned-bitfields -mmcu=atmega32 -DF_CPU=16000000UL -MMD -MP -MF"main.d" -MT"main.o" -c -o "main.o" "../main.c"
In file included from ../main.c:1:
c:/winavr-20100110/lib/gcc/../../avr/include/avr/delay.h:36:2: warning: #warning "This file has been moved to <util/delay.h>."
In file included from c:/winavr-20100110/lib/gcc/../../avr/include/avr/delay.h:37,
                 from ../main.c:1:
c:/winavr-20100110/lib/gcc/../../avr/include/util/delay.h:90:3: warning: #warning "Compiler optimizations disabled; functions from <util/delay.h> won't work as designed"
Finished building: ../main.c
 
Building target: Smart_Home.elf
Invoking: AVR C Linker
avr-gcc -Wl,-Map,Smart_Home.map -mmcu=atmega32 -o "Smart_Home.elf"  ./MCAL/PWM.o ./MCAL/adc.o ./MCAL/gpio.o  ./HAL/buzzer.o ./HAL/flame.o ./HAL/lcd.o ./HAL/ldr.o ./HAL/led.o ./HAL/lm35_sensor.o ./HAL/motor.o  ./main.o   
Finished building target: Smart_Home.elf
 
Invoking: AVR Create Extended Listing
avr-objdump -h -S Smart_Home.elf  >"Smart_Home.lss"
Finished building: Smart_Home.lss
 
Invoking: Print Size
avr-size --format=avr --mcu=atmega32 Smart_Home.elf
AVR Memory Usage
----------------
Device: atmega32

Program:   10376 bytes (31.7% Full)
(.text + .data + .bootloader)

Data:        303 bytes (14.8% Full)
(.data + .bss + .noinit)


Finished building: sizedummy
 
17:38:52 **** Incremental Build of configuration Debug for project Smart_Home ****
make all 
Building file: ../main.c
Invoking: AVR Compiler
avr-gcc -Wall -g2 -gstabs -O0 -fpack-struct -fshort-enums -ffunction-sections -fdata-sections -std=gnu99 -funsigned-char -funsigned-bitfields -mmcu=atmega32 -DF_CPU=16000000UL -MMD -MP -MF"main.d" -MT"main.o" -c -o "main.o" "../main.c"
In file included from ../main.c:1:
c:/winavr-20100110/lib/gcc/../../avr/include/avr/delay.h:36:2: warning: #warning "This file has been moved to <util/delay.h>."
In file included from c:/winavr-20100110/lib/gcc/../../avr/include/avr/delay.h:37,
                 from ../main.c:1:
c:/winavr-20100110/lib/gcc/../../avr/include/util/delay.h:90:3: warning: #warning "Compiler optimizations disabled; functions from <util/delay.h> won't work as designed"
Finished building: ../main.c
 
Building target: Smart_Home.elf
Invoking: AVR C Linker
avr-gcc -Wl,-Map,Smart_Home.map -mmcu=atmega32 -o "Smart_Home.elf"  ./MCAL/PWM.o ./MCAL/adc.o ./MCAL/gpio.o  ./HAL/buzzer.o ./HAL/flame.o ./HAL/lcd.o ./HAL/ldr.o ./HAL/led.o ./HAL/lm35_sensor.o ./HAL/motor.o  ./main.o   
Finished building target: Smart_Home.elf
 
Invoking: AVR Create Extended Listing
avr-objdump -h -S Smart_Home.elf  >"Smart_Home.lss"
Finished building: Smart_Home.lss
 
Invoking: Print Size
avr-size --format=avr --mcu=atmega32 Smart_Home.elf
AVR Memory Usage
----------------
Device: atmega32

Program:   10332 bytes (31.5% Full)
(.text + .data + .bootloader)

Data:        303 bytes (14.8% Full)
(.data + .bss + .noinit)


Finished building: sizedummy
 
17:40:08 **** Incremental Build of configuration Debug for project Smart_Home ****
make all 
Building file: ../main.c
Invoking: AVR Compiler
avr-gcc -Wall -g2 -gstabs -O0 -fpack-struct -fshort-enums -ffunction-sections -fdata-sections -std=gnu99 -funsigned-char -funsigned-bitfields -mmcu=atmega32 -DF_CPU=16000000UL -MMD -MP -MF"main.d" -MT"main.o" -c -o "main.o" "../main.c"
In file included from ../main.c:1:
c:/winavr-20100110/lib/gcc/../../avr/include/avr/delay.h:36:2: warning: #warning "This file has been moved to <util/delay.h>."
In file included from c:/winavr-20100110/lib/gcc/../../avr/include/avr/delay.h:37,
                 from ../main.c:1:
c:/winavr-20100110/lib/gcc/../../avr/include/util/delay.h:90:3: warning: #warning "Compiler optimizations disabled; functions from <util/delay.h> won't work as designed"
Finished building: ../main.c
 
Building target: Smart_Home.elf
Invoking: AVR C Linker
avr-gcc -Wl,-Map,Smart_Home.map -mmcu=atmega32 -o "Smart_Home.elf"  ./MCAL/PWM.o ./MCAL/adc.o ./MCAL/gpio.o  ./HAL/buzzer.o ./HAL/flame.o ./HAL/lcd.o ./HAL/ldr.o ./HAL/led.o ./HAL/lm35_sensor.o ./HAL/motor.o  ./main.o   
Finished building target: Smart_Home.elf
 
Invoking: AVR Create Extended Listing
avr-objdump -h -S Smart_Home.elf  >"Smart_Home.lss"
Finished building: Smart_Home.lss
 
Invoking: Print Size
avr-size --format=avr --mcu=atmega32 Smart_Home.elf
AVR Memory Usage
----------------
Device: atmega32

Program:   10396 bytes (31.7% Full)
(.text + .data + .bootloader)

Data:        303 bytes (14.8% Full)
(.data + .bss + .noinit)


Finished building: sizedummy
 
17:41:30 **** Incremental Build of configuration Debug for project Smart_Home ****
make all 
Building file: ../main.c
Invoking: AVR Compiler
avr-gcc -Wall -g2 -gstabs -O0 -fpack-struct -fshort-enums -ffunction-sections -fdata-sections -std=gnu99 -funsigned-char -funsigned-bitfields -mmcu=atmega32 -DF_CPU=16000000UL -MMD -MP -MF"main.d" -MT"main.o" -c -o "main.o" "../main.c"
In file included from ../main.c:1:
c:/winavr-20100110/lib/gcc/../../avr/include/avr/delay.h:36:2: warning: #warning "This file has been moved to <util/delay.h>."
In file included from c:/winavr-20100110/lib/gcc/../../avr/include/avr/delay.h:37,
                 from ../main.c:1:
c:/winavr-20100110/lib/gcc/../../avr/include/util/delay.h:90:3: warning: #warning "Compiler optimizations disabled; functions from <util/delay.h> won't work as designed"
Finished building: ../main.c
 
Building target: Smart_Home.elf
Invoking: AVR C Linker
avr-gcc -Wl,-Map,Smart_Home.map -mmcu=atmega32 -o "Smart_Home.elf"  ./MCAL/PWM.o ./MCAL/adc.o ./MCAL/gpio.o  ./HAL/buzzer.o ./HAL/flame.o ./HAL/lcd.o ./HAL/ldr.o ./HAL/led.o ./HAL/lm35_sensor.o ./HAL/motor.o  ./main.o   
Finished building target: Smart_Home.elf
 
Invoking: AVR Create Extended Listing
avr-objdump -h -S Smart_Home.elf  >"Smart_Home.lss"
Finished building: Smart_Home.lss
 
Invoking: Print Size
avr-size --format=avr --mcu=atmega32 Smart_Home.elf
AVR Memory Usage
----------------
Device: atmega32

Program:   10426 bytes (31.8% Full)
(.text + .data + .bootloader)

Data:        321 bytes (15.7% Full)
(.data + .bss + .noinit)


Finished building: sizedummy
 
17:53:18 **** Incremental Build of configuration Debug for project Smart_Home ****
make all 
Building file: ../main.c
Invoking: AVR Compiler
avr-gcc -Wall -g2 -gstabs -O0 -fpack-struct -fshort-enums -ffunction-sections -fdata-sections -std=gnu99 -funsigned-char -funsigned-bitfields -mmcu=atmega32 -DF_CPU=16000000UL -MMD -MP -MF"main.d" -MT"main.o" -c -o "main.o" "../main.c"
In file included from ../main.c:1:
c:/winavr-20100110/lib/gcc/../../avr/include/avr/delay.h:36:2: warning: #warning "This file has been moved to <util/delay.h>."
In file included from c:/winavr-20100110/lib/gcc/../../avr/include/avr/delay.h:37,
                 from ../main.c:1:
c:/winavr-20100110/lib/gcc/../../avr/include/util/delay.h:90:3: warning: #warning "Compiler optimizations disabled; functions from <util/delay.h> won't work as designed"
Finished building: ../main.c
 
Building target: Smart_Home.elf
Invoking: AVR C Linker
avr-gcc -Wl,-Map,Smart_Home.map -mmcu=atmega32 -o "Smart_Home.elf"  ./MCAL/PWM.o ./MCAL/adc.o ./MCAL/gpio.o  ./HAL/buzzer.o ./HAL/flame.o ./HAL/lcd.o ./HAL/ldr.o ./HAL/led.o ./HAL/lm35_sensor.o ./HAL/motor.o  ./main.o   
Finished building target: Smart_Home.elf
 
Invoking: AVR Create Extended Listing
avr-objdump -h -S Smart_Home.elf  >"Smart_Home.lss"
Finished building: Smart_Home.lss
 
Invoking: Print Size
avr-size --format=avr --mcu=atmega32 Smart_Home.elf
AVR Memory Usage
----------------
Device: atmega32

Program:   10434 bytes (31.8% Full)
(.text + .data + .bootloader)

Data:        321 bytes (15.7% Full)
(.data + .bss + .noinit)


Finished building: sizedummy
 
17:54:09 **** Incremental Build of configuration Debug for project Smart_Home ****
make all 
Building file: ../main.c
Invoking: AVR Compiler
avr-gcc -Wall -g2 -gstabs -O0 -fpack-struct -fshort-enums -ffunction-sections -fdata-sections -std=gnu99 -funsigned-char -funsigned-bitfields -mmcu=atmega32 -DF_CPU=16000000UL -MMD -MP -MF"main.d" -MT"main.o" -c -o "main.o" "../main.c"
In file included from ../main.c:1:
c:/winavr-20100110/lib/gcc/../../avr/include/avr/delay.h:36:2: warning: #warning "This file has been moved to <util/delay.h>."
In file included from c:/winavr-20100110/lib/gcc/../../avr/include/avr/delay.h:37,
                 from ../main.c:1:
c:/winavr-20100110/lib/gcc/../../avr/include/util/delay.h:90:3: warning: #warning "Compiler optimizations disabled; functions from <util/delay.h> won't work as designed"
Finished building: ../main.c
 
Building target: Smart_Home.elf
Invoking: AVR C Linker
avr-gcc -Wl,-Map,Smart_Home.map -mmcu=atmega32 -o "Smart_Home.elf"  ./MCAL/PWM.o ./MCAL/adc.o ./MCAL/gpio.o  ./HAL/buzzer.o ./HAL/flame.o ./HAL/lcd.o ./HAL/ldr.o ./HAL/led.o ./HAL/lm35_sensor.o ./HAL/motor.o  ./main.o   
Finished building target: Smart_Home.elf
 
Invoking: AVR Create Extended Listing
avr-objdump -h -S Smart_Home.elf  >"Smart_Home.lss"
Finished building: Smart_Home.lss
 
Invoking: Print Size
avr-size --format=avr --mcu=atmega32 Smart_Home.elf
AVR Memory Usage
----------------
Device: atmega32

Program:   10440 bytes (31.9% Full)
(.text + .data + .bootloader)

Data:        321 bytes (15.7% Full)
(.data + .bss + .noinit)


Finished building: sizedummy
 
17:54:31 **** Incremental Build of configuration Debug for project Smart_Home ****
make all 
Invoking: Print Size
avr-size --format=avr --mcu=atmega32 Smart_Home.elf
AVR Memory Usage
----------------
Device: atmega32

Program:   10440 bytes (31.9% Full)
(.text + .data + .bootloader)

Data:        321 bytes (15.7% Full)
(.data + .bss + .noinit)


Finished building: sizedummy
 
17:57:56 **** Incremental Build of configuration Debug for project Smart_Home ****
make all 
Building file: ../main.c
Invoking: AVR Compiler
avr-gcc -Wall -g2 -gstabs -O0 -fpack-struct -fshort-enums -ffunction-sections -fdata-sections -std=gnu99 -funsigned-char -funsigned-bitfields -mmcu=atmega32 -DF_CPU=16000000UL -MMD -MP -MF"main.d" -MT"main.o" -c -o "main.o" "../main.c"
In file included from ../main.c:1:
c:/winavr-20100110/lib/gcc/../../avr/include/avr/delay.h:36:2: warning: #warning "This file has been moved to <util/delay.h>."
In file included from c:/winavr-20100110/lib/gcc/../../avr/include/avr/delay.h:37,
                 from ../main.c:1:
c:/winavr-20100110/lib/gcc/../../avr/include/util/delay.h:90:3: warning: #warning "Compiler optimizations disabled; functions from <util/delay.h> won't work as designed"
Finished building: ../main.c
 
Building target: Smart_Home.elf
Invoking: AVR C Linker
avr-gcc -Wl,-Map,Smart_Home.map -mmcu=atmega32 -o "Smart_Home.elf"  ./MCAL/PWM.o ./MCAL/adc.o ./MCAL/gpio.o  ./HAL/buzzer.o ./HAL/flame.o ./HAL/lcd.o ./HAL/ldr.o ./HAL/led.o ./HAL/lm35_sensor.o ./HAL/motor.o  ./main.o   
Finished building target: Smart_Home.elf
 
Invoking: AVR Create Extended Listing
avr-objdump -h -S Smart_Home.elf  >"Smart_Home.lss"
Finished building: Smart_Home.lss
 
Invoking: Print Size
avr-size --format=avr --mcu=atmega32 Smart_Home.elf
AVR Memory Usage
----------------
Device: atmega32

Program:   10432 bytes (31.8% Full)
(.text + .data + .bootloader)

Data:        321 bytes (15.7% Full)
(.data + .bss + .noinit)


Finished building: sizedummy
 
17:59:40 **** Incremental Build of configuration Debug for project Smart_Home ****
make all 
Building file: ../main.c
Invoking: AVR Compiler
avr-gcc -Wall -g2 -gstabs -O0 -fpack-struct -fshort-enums -ffunction-sections -fdata-sections -std=gnu99 -funsigned-char -funsigned-bitfields -mmcu=atmega32 -DF_CPU=16000000UL -MMD -MP -MF"main.d" -MT"main.o" -c -o "main.o" "../main.c"
In file included from ../main.c:1:
c:/winavr-20100110/lib/gcc/../../avr/include/avr/delay.h:36:2: warning: #warning "This file has been moved to <util/delay.h>."
In file included from c:/winavr-20100110/lib/gcc/../../avr/include/avr/delay.h:37,
                 from ../main.c:1:
c:/winavr-20100110/lib/gcc/../../avr/include/util/delay.h:90:3: warning: #warning "Compiler optimizations disabled; functions from <util/delay.h> won't work as designed"
Finished building: ../main.c
 
Building target: Smart_Home.elf
Invoking: AVR C Linker
avr-gcc -Wl,-Map,Smart_Home.map -mmcu=atmega32 -o "Smart_Home.elf"  ./MCAL/PWM.o ./MCAL/adc.o ./MCAL/gpio.o  ./HAL/buzzer.o ./HAL/flame.o ./HAL/lcd.o ./HAL/ldr.o ./HAL/led.o ./HAL/lm35_sensor.o ./HAL/motor.o  ./main.o   
Finished building target: Smart_Home.elf
 
Invoking: AVR Create Extended Listing
avr-objdump -h -S Smart_Home.elf  >"Smart_Home.lss"
Finished building: Smart_Home.lss
 
Invoking: Print Size
avr-size --format=avr --mcu=atmega32 Smart_Home.elf
AVR Memory Usage
----------------
Device: atmega32

Program:   10432 bytes (31.8% Full)
(.text + .data + .bootloader)

Data:        321 bytes (15.7% Full)
(.data + .bss + .noinit)


Finished building: sizedummy
 
18:00:26 **** Incremental Build of configuration Debug for project Smart_Home ****
make all 
Invoking: Print Size
avr-size --format=avr --mcu=atmega32 Smart_Home.elf
AVR Memory Usage
----------------
Device: atmega32

Program:   10432 bytes (31.8% Full)
(.text + .data + .bootloader)

Data:        321 bytes (15.7% Full)
(.data + .bss + .noinit)


Finished building: sizedummy
 
18:02:08 **** Incremental Build of configuration Debug for project Smart_Home ****
make all 
Building file: ../main.c
Invoking: AVR Compiler
avr-gcc -Wall -g2 -gstabs -O0 -fpack-struct -fshort-enums -ffunction-sections -fdata-sections -std=gnu99 -funsigned-char -funsigned-bitfields -mmcu=atmega32 -DF_CPU=16000000UL -MMD -MP -MF"main.d" -MT"main.o" -c -o "main.o" "../main.c"
In file included from ../main.c:1:
c:/winavr-20100110/lib/gcc/../../avr/include/avr/delay.h:36:2: warning: #warning "This file has been moved to <util/delay.h>."
In file included from c:/winavr-20100110/lib/gcc/../../avr/include/avr/delay.h:37,
                 from ../main.c:1:
c:/winavr-20100110/lib/gcc/../../avr/include/util/delay.h:90:3: warning: #warning "Compiler optimizations disabled; functions from <util/delay.h> won't work as designed"
Finished building: ../main.c
 
Building target: Smart_Home.elf
Invoking: AVR C Linker
avr-gcc -Wl,-Map,Smart_Home.map -mmcu=atmega32 -o "Smart_Home.elf"  ./MCAL/PWM.o ./MCAL/adc.o ./MCAL/gpio.o  ./HAL/buzzer.o ./HAL/flame.o ./HAL/lcd.o ./HAL/ldr.o ./HAL/led.o ./HAL/lm35_sensor.o ./HAL/motor.o  ./main.o   
Finished building target: Smart_Home.elf
 
Invoking: AVR Create Extended Listing
avr-objdump -h -S Smart_Home.elf  >"Smart_Home.lss"
Finished building: Smart_Home.lss
 
Invoking: Print Size
avr-size --format=avr --mcu=atmega32 Smart_Home.elf
AVR Memory Usage
----------------
Device: atmega32

Program:   10424 bytes (31.8% Full)
(.text + .data + .bootloader)

Data:        321 bytes (15.7% Full)
(.data + .bss + .noinit)


Finished building: sizedummy
 
18:02:45 **** Incremental Build of configuration Debug for project Smart_Home ****
make all 
Building file: ../main.c
Invoking: AVR Compiler
avr-gcc -Wall -g2 -gstabs -O0 -fpack-struct -fshort-enums -ffunction-sections -fdata-sections -std=gnu99 -funsigned-char -funsigned-bitfields -mmcu=atmega32 -DF_CPU=16000000UL -MMD -MP -MF"main.d" -MT"main.o" -c -o "main.o" "../main.c"
In file included from ../main.c:1:
c:/winavr-20100110/lib/gcc/../../avr/include/avr/delay.h:36:2: warning: #warning "This file has been moved to <util/delay.h>."
In file included from c:/winavr-20100110/lib/gcc/../../avr/include/avr/delay.h:37,
                 from ../main.c:1:
c:/winavr-20100110/lib/gcc/../../avr/include/util/delay.h:90:3: warning: #warning "Compiler optimizations disabled; functions from <util/delay.h> won't work as designed"
Finished building: ../main.c
 
Building target: Smart_Home.elf
Invoking: AVR C Linker
avr-gcc -Wl,-Map,Smart_Home.map -mmcu=atmega32 -o "Smart_Home.elf"  ./MCAL/PWM.o ./MCAL/adc.o ./MCAL/gpio.o  ./HAL/buzzer.o ./HAL/flame.o ./HAL/lcd.o ./HAL/ldr.o ./HAL/led.o ./HAL/lm35_sensor.o ./HAL/motor.o  ./main.o   
Finished building target: Smart_Home.elf
 
Invoking: AVR Create Extended Listing
avr-objdump -h -S Smart_Home.elf  >"Smart_Home.lss"
Finished building: Smart_Home.lss
 
Invoking: Print Size
avr-size --format=avr --mcu=atmega32 Smart_Home.elf
AVR Memory Usage
----------------
Device: atmega32

Program:   10416 bytes (31.8% Full)
(.text + .data + .bootloader)

Data:        321 bytes (15.7% Full)
(.data + .bss + .noinit)


Finished building: sizedummy
 
18:03:11 **** Incremental Build of configuration Debug for project Smart_Home ****
make all 
Building file: ../main.c
Invoking: AVR Compiler
avr-gcc -Wall -g2 -gstabs -O0 -fpack-struct -fshort-enums -ffunction-sections -fdata-sections -std=gnu99 -funsigned-char -funsigned-bitfields -mmcu=atmega32 -DF_CPU=16000000UL -MMD -MP -MF"main.d" -MT"main.o" -c -o "main.o" "../main.c"
In file included from ../main.c:1:
c:/winavr-20100110/lib/gcc/../../avr/include/avr/delay.h:36:2: warning: #warning "This file has been moved to <util/delay.h>."
In file included from c:/winavr-20100110/lib/gcc/../../avr/include/avr/delay.h:37,
                 from ../main.c:1:
c:/winavr-20100110/lib/gcc/../../avr/include/util/delay.h:90:3: warning: #warning "Compiler optimizations disabled; functions from <util/delay.h> won't work as designed"
Finished building: ../main.c
 
Building target: Smart_Home.elf
Invoking: AVR C Linker
avr-gcc -Wl,-Map,Smart_Home.map -mmcu=atmega32 -o "Smart_Home.elf"  ./MCAL/PWM.o ./MCAL/adc.o ./MCAL/gpio.o  ./HAL/buzzer.o ./HAL/flame.o ./HAL/lcd.o ./HAL/ldr.o ./HAL/led.o ./HAL/lm35_sensor.o ./HAL/motor.o  ./main.o   
Finished building target: Smart_Home.elf
 
Invoking: AVR Create Extended Listing
avr-objdump -h -S Smart_Home.elf  >"Smart_Home.lss"
Finished building: Smart_Home.lss
 
Invoking: Print Size
avr-size --format=avr --mcu=atmega32 Smart_Home.elf
AVR Memory Usage
----------------
Device: atmega32

Program:   10408 bytes (31.8% Full)
(.text + .data + .bootloader)

Data:        321 bytes (15.7% Full)
(.data + .bss + .noinit)


Finished building: sizedummy
 
18:06:14 **** Incremental Build of configuration Debug for project Smart_Home ****
make all 
Building file: ../main.c
Invoking: AVR Compiler
avr-gcc -Wall -g2 -gstabs -O0 -fpack-struct -fshort-enums -ffunction-sections -fdata-sections -std=gnu99 -funsigned-char -funsigned-bitfields -mmcu=atmega32 -DF_CPU=16000000UL -MMD -MP -MF"main.d" -MT"main.o" -c -o "main.o" "../main.c"
In file included from ../main.c:1:
c:/winavr-20100110/lib/gcc/../../avr/include/avr/delay.h:36:2: warning: #warning "This file has been moved to <util/delay.h>."
In file included from c:/winavr-20100110/lib/gcc/../../avr/include/avr/delay.h:37,
                 from ../main.c:1:
c:/winavr-20100110/lib/gcc/../../avr/include/util/delay.h:90:3: warning: #warning "Compiler optimizations disabled; functions from <util/delay.h> won't work as designed"
Finished building: ../main.c
 
Building target: Smart_Home.elf
Invoking: AVR C Linker
avr-gcc -Wl,-Map,Smart_Home.map -mmcu=atmega32 -o "Smart_Home.elf"  ./MCAL/PWM.o ./MCAL/adc.o ./MCAL/gpio.o  ./HAL/buzzer.o ./HAL/flame.o ./HAL/lcd.o ./HAL/ldr.o ./HAL/led.o ./HAL/lm35_sensor.o ./HAL/motor.o  ./main.o   
Finished building target: Smart_Home.elf
 
Invoking: AVR Create Extended Listing
avr-objdump -h -S Smart_Home.elf  >"Smart_Home.lss"
Finished building: Smart_Home.lss
 
Invoking: Print Size
avr-size --format=avr --mcu=atmega32 Smart_Home.elf
AVR Memory Usage
----------------
Device: atmega32

Program:   10434 bytes (31.8% Full)
(.text + .data + .bootloader)

Data:        321 bytes (15.7% Full)
(.data + .bss + .noinit)


Finished building: sizedummy
 
18:09:23 **** Incremental Build of configuration Debug for project Smart_Home ****
make all 
Building file: ../HAL/lcd.c
Invoking: AVR Compiler
avr-gcc -Wall -g2 -gstabs -O0 -fpack-struct -fshort-enums -ffunction-sections -fdata-sections -std=gnu99 -funsigned-char -funsigned-bitfields -mmcu=atmega32 -DF_CPU=16000000UL -MMD -MP -MF"HAL/lcd.d" -MT"HAL/lcd.o" -c -o "HAL/lcd.o" "../HAL/lcd.c"
In file included from ../HAL/lcd.c:13:
c:/winavr-20100110/lib/gcc/../../avr/include/util/delay.h:90:3: warning: #warning "Compiler optimizations disabled; functions from <util/delay.h> won't work as designed"
../HAL/lcd.c: In function 'LCD_intgerToString':
../HAL/lcd.c:209: warning: implicit declaration of function 'itoa'
Finished building: ../HAL/lcd.c
 
Building file: ../main.c
Invoking: AVR Compiler
avr-gcc -Wall -g2 -gstabs -O0 -fpack-struct -fshort-enums -ffunction-sections -fdata-sections -std=gnu99 -funsigned-char -funsigned-bitfields -mmcu=atmega32 -DF_CPU=16000000UL -MMD -MP -MF"main.d" -MT"main.o" -c -o "main.o" "../main.c"
In file included from ../main.c:1:
c:/winavr-20100110/lib/gcc/../../avr/include/avr/delay.h:36:2: warning: #warning "This file has been moved to <util/delay.h>."
In file included from c:/winavr-20100110/lib/gcc/../../avr/include/avr/delay.h:37,
                 from ../main.c:1:
c:/winavr-20100110/lib/gcc/../../avr/include/util/delay.h:90:3: warning: #warning "Compiler optimizations disabled; functions from <util/delay.h> won't work as designed"
Finished building: ../main.c
 
Building target: Smart_Home.elf
Invoking: AVR C Linker
avr-gcc -Wl,-Map,Smart_Home.map -mmcu=atmega32 -o "Smart_Home.elf"  ./MCAL/PWM.o ./MCAL/adc.o ./MCAL/gpio.o  ./HAL/buzzer.o ./HAL/flame.o ./HAL/lcd.o ./HAL/ldr.o ./HAL/led.o ./HAL/lm35_sensor.o ./HAL/motor.o  ./main.o   
Finished building target: Smart_Home.elf
 
Invoking: AVR Create Extended Listing
avr-objdump -h -S Smart_Home.elf  >"Smart_Home.lss"
Finished building: Smart_Home.lss
 
Invoking: Print Size
avr-size --format=avr --mcu=atmega32 Smart_Home.elf
AVR Memory Usage
----------------
Device: atmega32

Program:   10486 bytes (32.0% Full)
(.text + .data + .bootloader)

Data:        337 bytes (16.5% Full)
(.data + .bss + .noinit)


Finished building: sizedummy
 
18:10:08 **** Incremental Build of configuration Debug for project Smart_Home ****
make all 
Building file: ../main.c
Invoking: AVR Compiler
avr-gcc -Wall -g2 -gstabs -O0 -fpack-struct -fshort-enums -ffunction-sections -fdata-sections -std=gnu99 -funsigned-char -funsigned-bitfields -mmcu=atmega32 -DF_CPU=16000000UL -MMD -MP -MF"main.d" -MT"main.o" -c -o "main.o" "../main.c"
In file included from ../main.c:1:
c:/winavr-20100110/lib/gcc/../../avr/include/avr/delay.h:36:2: warning: #warning "This file has been moved to <util/delay.h>."
In file included from c:/winavr-20100110/lib/gcc/../../avr/include/avr/delay.h:37,
                 from ../main.c:1:
c:/winavr-20100110/lib/gcc/../../avr/include/util/delay.h:90:3: warning: #warning "Compiler optimizations disabled; functions from <util/delay.h> won't work as designed"
Finished building: ../main.c
 
Building target: Smart_Home.elf
Invoking: AVR C Linker
avr-gcc -Wl,-Map,Smart_Home.map -mmcu=atmega32 -o "Smart_Home.elf"  ./MCAL/PWM.o ./MCAL/adc.o ./MCAL/gpio.o  ./HAL/buzzer.o ./HAL/flame.o ./HAL/lcd.o ./HAL/ldr.o ./HAL/led.o ./HAL/lm35_sensor.o ./HAL/motor.o  ./main.o   
Finished building target: Smart_Home.elf
 
Invoking: AVR Create Extended Listing
avr-objdump -h -S Smart_Home.elf  >"Smart_Home.lss"
Finished building: Smart_Home.lss
 
Invoking: Print Size
avr-size --format=avr --mcu=atmega32 Smart_Home.elf
AVR Memory Usage
----------------
Device: atmega32

Program:   10498 bytes (32.0% Full)
(.text + .data + .bootloader)

Data:        337 bytes (16.5% Full)
(.data + .bss + .noinit)


Finished building: sizedummy
 
18:12:11 **** Incremental Build of configuration Debug for project Smart_Home ****
make all 
Building file: ../main.c
Invoking: AVR Compiler
avr-gcc -Wall -g2 -gstabs -O0 -fpack-struct -fshort-enums -ffunction-sections -fdata-sections -std=gnu99 -funsigned-char -funsigned-bitfields -mmcu=atmega32 -DF_CPU=16000000UL -MMD -MP -MF"main.d" -MT"main.o" -c -o "main.o" "../main.c"
In file included from ../main.c:1:
c:/winavr-20100110/lib/gcc/../../avr/include/avr/delay.h:36:2: warning: #warning "This file has been moved to <util/delay.h>."
In file included from c:/winavr-20100110/lib/gcc/../../avr/include/avr/delay.h:37,
                 from ../main.c:1:
c:/winavr-20100110/lib/gcc/../../avr/include/util/delay.h:90:3: warning: #warning "Compiler optimizations disabled; functions from <util/delay.h> won't work as designed"
Finished building: ../main.c
 
Building target: Smart_Home.elf
Invoking: AVR C Linker
avr-gcc -Wl,-Map,Smart_Home.map -mmcu=atmega32 -o "Smart_Home.elf"  ./MCAL/PWM.o ./MCAL/adc.o ./MCAL/gpio.o  ./HAL/buzzer.o ./HAL/flame.o ./HAL/lcd.o ./HAL/ldr.o ./HAL/led.o ./HAL/lm35_sensor.o ./HAL/motor.o  ./main.o   
Finished building target: Smart_Home.elf
 
Invoking: AVR Create Extended Listing
avr-objdump -h -S Smart_Home.elf  >"Smart_Home.lss"
Finished building: Smart_Home.lss
 
Invoking: Print Size
avr-size --format=avr --mcu=atmega32 Smart_Home.elf
AVR Memory Usage
----------------
Device: atmega32

Program:   10508 bytes (32.1% Full)
(.text + .data + .bootloader)

Data:        357 bytes (17.4% Full)
(.data + .bss + .noinit)


Finished building: sizedummy
 
18:13:01 **** Incremental Build of configuration Debug for project Smart_Home ****
make all 
Building file: ../main.c
Invoking: AVR Compiler
avr-gcc -Wall -g2 -gstabs -O0 -fpack-struct -fshort-enums -ffunction-sections -fdata-sections -std=gnu99 -funsigned-char -funsigned-bitfields -mmcu=atmega32 -DF_CPU=16000000UL -MMD -MP -MF"main.d" -MT"main.o" -c -o "main.o" "../main.c"
In file included from ../main.c:1:
c:/winavr-20100110/lib/gcc/../../avr/include/avr/delay.h:36:2: warning: #warning "This file has been moved to <util/delay.h>."
In file included from c:/winavr-20100110/lib/gcc/../../avr/include/avr/delay.h:37,
                 from ../main.c:1:
c:/winavr-20100110/lib/gcc/../../avr/include/util/delay.h:90:3: warning: #warning "Compiler optimizations disabled; functions from <util/delay.h> won't work as designed"
Finished building: ../main.c
 
Building target: Smart_Home.elf
Invoking: AVR C Linker
avr-gcc -Wl,-Map,Smart_Home.map -mmcu=atmega32 -o "Smart_Home.elf"  ./MCAL/PWM.o ./MCAL/adc.o ./MCAL/gpio.o  ./HAL/buzzer.o ./HAL/flame.o ./HAL/lcd.o ./HAL/ldr.o ./HAL/led.o ./HAL/lm35_sensor.o ./HAL/motor.o  ./main.o   
Finished building target: Smart_Home.elf
 
Invoking: AVR Create Extended Listing
avr-objdump -h -S Smart_Home.elf  >"Smart_Home.lss"
Finished building: Smart_Home.lss
 
Invoking: Print Size
avr-size --format=avr --mcu=atmega32 Smart_Home.elf
AVR Memory Usage
----------------
Device: atmega32

Program:   10512 bytes (32.1% Full)
(.text + .data + .bootloader)

Data:        357 bytes (17.4% Full)
(.data + .bss + .noinit)


Finished building: sizedummy
 
18:22:16 **** Incremental Build of configuration Debug for project Smart_Home ****
make all 
Building file: ../HAL/motor.c
Invoking: AVR Compiler
avr-gcc -Wall -g2 -gstabs -O0 -fpack-struct -fshort-enums -ffunction-sections -fdata-sections -std=gnu99 -funsigned-char -funsigned-bitfields -mmcu=atmega32 -DF_CPU=16000000UL -MMD -MP -MF"HAL/motor.d" -MT"HAL/motor.o" -c -o "HAL/motor.o" "../HAL/motor.c"
Finished building: ../HAL/motor.c
 
Building target: Smart_Home.elf
Invoking: AVR C Linker
avr-gcc -Wl,-Map,Smart_Home.map -mmcu=atmega32 -o "Smart_Home.elf"  ./MCAL/PWM.o ./MCAL/adc.o ./MCAL/gpio.o  ./HAL/buzzer.o ./HAL/flame.o ./HAL/lcd.o ./HAL/ldr.o ./HAL/led.o ./HAL/lm35_sensor.o ./HAL/motor.o  ./main.o   
Finished building target: Smart_Home.elf
 
Invoking: AVR Create Extended Listing
avr-objdump -h -S Smart_Home.elf  >"Smart_Home.lss"
Finished building: Smart_Home.lss
 
Invoking: Print Size
avr-size --format=avr --mcu=atmega32 Smart_Home.elf
AVR Memory Usage
----------------
Device: atmega32

Program:   10518 bytes (32.1% Full)
(.text + .data + .bootloader)

Data:        357 bytes (17.4% Full)
(.data + .bss + .noinit)


Finished building: sizedummy
 
18:29:24 **** Incremental Build of configuration Debug for project Smart_Home ****
make all 
Invoking: Print Size
avr-size --format=avr --mcu=atmega32 Smart_Home.elf
AVR Memory Usage
----------------
Device: atmega32

Program:   10518 bytes (32.1% Full)
(.text + .data + .bootloader)

Data:        357 bytes (17.4% Full)
(.data + .bss + .noinit)


Finished building: sizedummy
 
18:43:37 **** Incremental Build of configuration Debug for project Smart_Home ****
make all 
Building file: ../MCAL/PWM.c
Invoking: AVR Compiler
avr-gcc -Wall -g2 -gstabs -O0 -fpack-struct -fshort-enums -ffunction-sections -fdata-sections -std=gnu99 -funsigned-char -funsigned-bitfields -mmcu=atmega32 -DF_CPU=16000000UL -MMD -MP -MF"MCAL/PWM.d" -MT"MCAL/PWM.o" -c -o "MCAL/PWM.o" "../MCAL/PWM.c"
Finished building: ../MCAL/PWM.c
 
Building target: Smart_Home.elf
Invoking: AVR C Linker
avr-gcc -Wl,-Map,Smart_Home.map -mmcu=atmega32 -o "Smart_Home.elf"  ./MCAL/PWM.o ./MCAL/adc.o ./MCAL/gpio.o  ./HAL/buzzer.o ./HAL/flame.o ./HAL/lcd.o ./HAL/ldr.o ./HAL/led.o ./HAL/lm35_sensor.o ./HAL/motor.o  ./main.o   
Finished building target: Smart_Home.elf
 
Invoking: AVR Create Extended Listing
avr-objdump -h -S Smart_Home.elf  >"Smart_Home.lss"
Finished building: Smart_Home.lss
 
Invoking: Print Size
avr-size --format=avr --mcu=atmega32 Smart_Home.elf
AVR Memory Usage
----------------
Device: atmega32

Program:   10518 bytes (32.1% Full)
(.text + .data + .bootloader)

Data:        357 bytes (17.4% Full)
(.data + .bss + .noinit)


Finished building: sizedummy
 
18:45:27 **** Incremental Build of configuration Debug for project Smart_Home ****
make all 
Building file: ../main.c
Invoking: AVR Compiler
avr-gcc -Wall -g2 -gstabs -O0 -fpack-struct -fshort-enums -ffunction-sections -fdata-sections -std=gnu99 -funsigned-char -funsigned-bitfields -mmcu=atmega32 -DF_CPU=16000000UL -MMD -MP -MF"main.d" -MT"main.o" -c -o "main.o" "../main.c"
In file included from ../main.c:1:
c:/winavr-20100110/lib/gcc/../../avr/include/avr/delay.h:36:2: warning: #warning "This file has been moved to <util/delay.h>."
In file included from c:/winavr-20100110/lib/gcc/../../avr/include/avr/delay.h:37,
                 from ../main.c:1:
c:/winavr-20100110/lib/gcc/../../avr/include/util/delay.h:90:3: warning: #warning "Compiler optimizations disabled; functions from <util/delay.h> won't work as designed"
Finished building: ../main.c
 
Building target: Smart_Home.elf
Invoking: AVR C Linker
avr-gcc -Wl,-Map,Smart_Home.map -mmcu=atmega32 -o "Smart_Home.elf"  ./MCAL/PWM.o ./MCAL/adc.o ./MCAL/gpio.o  ./HAL/buzzer.o ./HAL/flame.o ./HAL/lcd.o ./HAL/ldr.o ./HAL/led.o ./HAL/lm35_sensor.o ./HAL/motor.o  ./main.o   
Finished building target: Smart_Home.elf
 
Invoking: AVR Create Extended Listing
avr-objdump -h -S Smart_Home.elf  >"Smart_Home.lss"
Finished building: Smart_Home.lss
 
Invoking: Print Size
avr-size --format=avr --mcu=atmega32 Smart_Home.elf
AVR Memory Usage
----------------
Device: atmega32

Program:   10544 bytes (32.2% Full)
(.text + .data + .bootloader)

Data:        357 bytes (17.4% Full)
(.data + .bss + .noinit)


Finished building: sizedummy
 
18:45:32 **** Incremental Build of configuration Debug for project Smart_Home ****
make all 
Building file: ../main.c
Invoking: AVR Compiler
avr-gcc -Wall -g2 -gstabs -O0 -fpack-struct -fshort-enums -ffunction-sections -fdata-sections -std=gnu99 -funsigned-char -funsigned-bitfields -mmcu=atmega32 -DF_CPU=16000000UL -MMD -MP -MF"main.d" -MT"main.o" -c -o "main.o" "../main.c"
In file included from ../main.c:1:
c:/winavr-20100110/lib/gcc/../../avr/include/avr/delay.h:36:2: warning: #warning "This file has been moved to <util/delay.h>."
In file included from c:/winavr-20100110/lib/gcc/../../avr/include/avr/delay.h:37,
                 from ../main.c:1:
c:/winavr-20100110/lib/gcc/../../avr/include/util/delay.h:90:3: warning: #warning "Compiler optimizations disabled; functions from <util/delay.h> won't work as designed"
Finished building: ../main.c
 
Building target: Smart_Home.elf
Invoking: AVR C Linker
avr-gcc -Wl,-Map,Smart_Home.map -mmcu=atmega32 -o "Smart_Home.elf"  ./MCAL/PWM.o ./MCAL/adc.o ./MCAL/gpio.o  ./HAL/buzzer.o ./HAL/flame.o ./HAL/lcd.o ./HAL/ldr.o ./HAL/led.o ./HAL/lm35_sensor.o ./HAL/motor.o  ./main.o   
Finished building target: Smart_Home.elf
 
Invoking: AVR Create Extended Listing
avr-objdump -h -S Smart_Home.elf  >"Smart_Home.lss"
Finished building: Smart_Home.lss
 
Invoking: Print Size
avr-size --format=avr --mcu=atmega32 Smart_Home.elf
AVR Memory Usage
----------------
Device: atmega32

Program:   10576 bytes (32.3% Full)
(.text + .data + .bootloader)

Data:        357 bytes (17.4% Full)
(.data + .bss + .noinit)


Finished building: sizedummy
 
18:45:36 **** Incremental Build of configuration Debug for project Smart_Home ****
make all 
Building file: ../main.c
Invoking: AVR Compiler
avr-gcc -Wall -g2 -gstabs -O0 -fpack-struct -fshort-enums -ffunction-sections -fdata-sections -std=gnu99 -funsigned-char -funsigned-bitfields -mmcu=atmega32 -DF_CPU=16000000UL -MMD -MP -MF"main.d" -MT"main.o" -c -o "main.o" "../main.c"
In file included from ../main.c:1:
c:/winavr-20100110/lib/gcc/../../avr/include/avr/delay.h:36:2: warning: #warning "This file has been moved to <util/delay.h>."
In file included from c:/winavr-20100110/lib/gcc/../../avr/include/avr/delay.h:37,
                 from ../main.c:1:
c:/winavr-20100110/lib/gcc/../../avr/include/util/delay.h:90:3: warning: #warning "Compiler optimizations disabled; functions from <util/delay.h> won't work as designed"
Finished building: ../main.c
 
Building target: Smart_Home.elf
Invoking: AVR C Linker
avr-gcc -Wl,-Map,Smart_Home.map -mmcu=atmega32 -o "Smart_Home.elf"  ./MCAL/PWM.o ./MCAL/adc.o ./MCAL/gpio.o  ./HAL/buzzer.o ./HAL/flame.o ./HAL/lcd.o ./HAL/ldr.o ./HAL/led.o ./HAL/lm35_sensor.o ./HAL/motor.o  ./main.o   
Finished building target: Smart_Home.elf
 
Invoking: AVR Create Extended Listing
avr-objdump -h -S Smart_Home.elf  >"Smart_Home.lss"
Finished building: Smart_Home.lss
 
Invoking: Print Size
avr-size --format=avr --mcu=atmega32 Smart_Home.elf
AVR Memory Usage
----------------
Device: atmega32

Program:   10544 bytes (32.2% Full)
(.text + .data + .bootloader)

Data:        357 bytes (17.4% Full)
(.data + .bss + .noinit)


Finished building: sizedummy
 
18:56:20 **** Incremental Build of configuration Debug for project Smart_Home ****
make all 
Invoking: Print Size
avr-size --format=avr --mcu=atmega32 Smart_Home.elf
AVR Memory Usage
----------------
Device: atmega32

Program:   10544 bytes (32.2% Full)
(.text + .data + .bootloader)

Data:        357 bytes (17.4% Full)
(.data + .bss + .noinit)


Finished building: sizedummy
 
18:59:29 **** Incremental Build of configuration Debug for project Smart_Home ****
make all 
Building file: ../MCAL/adc.c
Invoking: AVR Compiler
avr-gcc -Wall -g2 -gstabs -O0 -fpack-struct -fshort-enums -ffunction-sections -fdata-sections -std=gnu99 -funsigned-char -funsigned-bitfields -mmcu=atmega32 -DF_CPU=16000000UL -MMD -MP -MF"MCAL/adc.d" -MT"MCAL/adc.o" -c -o "MCAL/adc.o" "../MCAL/adc.c"
Finished building: ../MCAL/adc.c
 
Building file: ../HAL/ldr.c
Invoking: AVR Compiler
avr-gcc -Wall -g2 -gstabs -O0 -fpack-struct -fshort-enums -ffunction-sections -fdata-sections -std=gnu99 -funsigned-char -funsigned-bitfields -mmcu=atmega32 -DF_CPU=16000000UL -MMD -MP -MF"HAL/ldr.d" -MT"HAL/ldr.o" -c -o "HAL/ldr.o" "../HAL/ldr.c"
Finished building: ../HAL/ldr.c
 
Building file: ../HAL/lm35_sensor.c
Invoking: AVR Compiler
avr-gcc -Wall -g2 -gstabs -O0 -fpack-struct -fshort-enums -ffunction-sections -fdata-sections -std=gnu99 -funsigned-char -funsigned-bitfields -mmcu=atmega32 -DF_CPU=16000000UL -MMD -MP -MF"HAL/lm35_sensor.d" -MT"HAL/lm35_sensor.o" -c -o "HAL/lm35_sensor.o" "../HAL/lm35_sensor.c"
Finished building: ../HAL/lm35_sensor.c
 
Building file: ../main.c
Invoking: AVR Compiler
avr-gcc -Wall -g2 -gstabs -O0 -fpack-struct -fshort-enums -ffunction-sections -fdata-sections -std=gnu99 -funsigned-char -funsigned-bitfields -mmcu=atmega32 -DF_CPU=16000000UL -MMD -MP -MF"main.d" -MT"main.o" -c -o "main.o" "../main.c"
In file included from ../main.c:1:
c:/winavr-20100110/lib/gcc/../../avr/include/avr/delay.h:36:2: warning: #warning "This file has been moved to <util/delay.h>."
In file included from c:/winavr-20100110/lib/gcc/../../avr/include/avr/delay.h:37,
                 from ../main.c:1:
c:/winavr-20100110/lib/gcc/../../avr/include/util/delay.h:90:3: warning: #warning "Compiler optimizations disabled; functions from <util/delay.h> won't work as designed"
Finished building: ../main.c
 
Building target: Smart_Home.elf
Invoking: AVR C Linker
avr-gcc -Wl,-Map,Smart_Home.map -mmcu=atmega32 -o "Smart_Home.elf"  ./MCAL/PWM.o ./MCAL/adc.o ./MCAL/gpio.o  ./HAL/buzzer.o ./HAL/flame.o ./HAL/lcd.o ./HAL/ldr.o ./HAL/led.o ./HAL/lm35_sensor.o ./HAL/motor.o  ./main.o   
Finished building target: Smart_Home.elf
 
Invoking: AVR Create Extended Listing
avr-objdump -h -S Smart_Home.elf  >"Smart_Home.lss"
Finished building: Smart_Home.lss
 
Invoking: Print Size
avr-size --format=avr --mcu=atmega32 Smart_Home.elf
AVR Memory Usage
----------------
Device: atmega32

Program:   10544 bytes (32.2% Full)
(.text + .data + .bootloader)

Data:        357 bytes (17.4% Full)
(.data + .bss + .noinit)


Finished building: sizedummy
 
19:06:39 **** Incremental Build of configuration Debug for project Smart_Home ****
make all 
Building file: ../main.c
Invoking: AVR Compiler
avr-gcc -Wall -g2 -gstabs -O0 -fpack-struct -fshort-enums -ffunction-sections -fdata-sections -std=gnu99 -funsigned-char -funsigned-bitfields -mmcu=atmega32 -DF_CPU=16000000UL -MMD -MP -MF"main.d" -MT"main.o" -c -o "main.o" "../main.c"
In file included from ../main.c:1:
c:/winavr-20100110/lib/gcc/../../avr/include/avr/delay.h:36:2: warning: #warning "This file has been moved to <util/delay.h>."
In file included from c:/winavr-20100110/lib/gcc/../../avr/include/avr/delay.h:37,
                 from ../main.c:1:
c:/winavr-20100110/lib/gcc/../../avr/include/util/delay.h:90:3: warning: #warning "Compiler optimizations disabled; functions from <util/delay.h> won't work as designed"
Finished building: ../main.c
 
Building target: Smart_Home.elf
Invoking: AVR C Linker
avr-gcc -Wl,-Map,Smart_Home.map -mmcu=atmega32 -o "Smart_Home.elf"  ./MCAL/PWM.o ./MCAL/adc.o ./MCAL/gpio.o  ./HAL/buzzer.o ./HAL/flame.o ./HAL/lcd.o ./HAL/ldr.o ./HAL/led.o ./HAL/lm35_sensor.o ./HAL/motor.o  ./main.o   
Finished building target: Smart_Home.elf
 
Invoking: AVR Create Extended Listing
avr-objdump -h -S Smart_Home.elf  >"Smart_Home.lss"
Finished building: Smart_Home.lss
 
Invoking: Print Size
avr-size --format=avr --mcu=atmega32 Smart_Home.elf
AVR Memory Usage
----------------
Device: atmega32

Program:   10544 bytes (32.2% Full)
(.text + .data + .bootloader)

Data:        357 bytes (17.4% Full)
(.data + .bss + .noinit)


Finished building: sizedummy
 
19:33:19 **** Incremental Build of configuration Debug for project Smart_Home ****
make all 
Building file: ../HAL/lcd.c
Invoking: AVR Compiler
avr-gcc -Wall -g2 -gstabs -O0 -fpack-struct -fshort-enums -ffunction-sections -fdata-sections -std=gnu99 -funsigned-char -funsigned-bitfields -mmcu=atmega32 -DF_CPU=16000000UL -MMD -MP -MF"HAL/lcd.d" -MT"HAL/lcd.o" -c -o "HAL/lcd.o" "../HAL/lcd.c"
In file included from ../HAL/lcd.c:13:
c:/winavr-20100110/lib/gcc/../../avr/include/util/delay.h:90:3: warning: #warning "Compiler optimizations disabled; functions from <util/delay.h> won't work as designed"
../HAL/lcd.c: In function 'LCD_intgerToString':
../HAL/lcd.c:209: warning: implicit declaration of function 'itoa'
Finished building: ../HAL/lcd.c
 
Building file: ../main.c
Invoking: AVR Compiler
avr-gcc -Wall -g2 -gstabs -O0 -fpack-struct -fshort-enums -ffunction-sections -fdata-sections -std=gnu99 -funsigned-char -funsigned-bitfields -mmcu=atmega32 -DF_CPU=16000000UL -MMD -MP -MF"main.d" -MT"main.o" -c -o "main.o" "../main.c"
In file included from ../main.c:1:
c:/winavr-20100110/lib/gcc/../../avr/include/avr/delay.h:36:2: warning: #warning "This file has been moved to <util/delay.h>."
In file included from c:/winavr-20100110/lib/gcc/../../avr/include/avr/delay.h:37,
                 from ../main.c:1:
c:/winavr-20100110/lib/gcc/../../avr/include/util/delay.h:90:3: warning: #warning "Compiler optimizations disabled; functions from <util/delay.h> won't work as designed"
Finished building: ../main.c
 
Building target: Smart_Home.elf
Invoking: AVR C Linker
avr-gcc -Wl,-Map,Smart_Home.map -mmcu=atmega32 -o "Smart_Home.elf"  ./MCAL/PWM.o ./MCAL/adc.o ./MCAL/gpio.o  ./HAL/buzzer.o ./HAL/flame.o ./HAL/lcd.o ./HAL/ldr.o ./HAL/led.o ./HAL/lm35_sensor.o ./HAL/motor.o  ./main.o   
Finished building target: Smart_Home.elf
 
Invoking: AVR Create Extended Listing
avr-objdump -h -S Smart_Home.elf  >"Smart_Home.lss"
Finished building: Smart_Home.lss
 
Invoking: Print Size
avr-size --format=avr --mcu=atmega32 Smart_Home.elf
AVR Memory Usage
----------------
Device: atmega32

Program:   10492 bytes (32.0% Full)
(.text + .data + .bootloader)

Data:        341 bytes (16.7% Full)
(.data + .bss + .noinit)


Finished building: sizedummy
 
19:34:39 **** Incremental Build of configuration Debug for project Smart_Home ****
make all 
Building file: ../MCAL/adc.c
Invoking: AVR Compiler
avr-gcc -Wall -g2 -gstabs -O0 -fpack-struct -fshort-enums -ffunction-sections -fdata-sections -std=gnu99 -funsigned-char -funsigned-bitfields -mmcu=atmega32 -DF_CPU=16000000UL -MMD -MP -MF"MCAL/adc.d" -MT"MCAL/adc.o" -c -o "MCAL/adc.o" "../MCAL/adc.c"
Finished building: ../MCAL/adc.c
 
Building file: ../main.c
Invoking: AVR Compiler
avr-gcc -Wall -g2 -gstabs -O0 -fpack-struct -fshort-enums -ffunction-sections -fdata-sections -std=gnu99 -funsigned-char -funsigned-bitfields -mmcu=atmega32 -DF_CPU=16000000UL -MMD -MP -MF"main.d" -MT"main.o" -c -o "main.o" "../main.c"
In file included from ../main.c:1:
c:/winavr-20100110/lib/gcc/../../avr/include/avr/delay.h:36:2: warning: #warning "This file has been moved to <util/delay.h>."
In file included from c:/winavr-20100110/lib/gcc/../../avr/include/avr/delay.h:37,
                 from ../main.c:1:
c:/winavr-20100110/lib/gcc/../../avr/include/util/delay.h:90:3: warning: #warning "Compiler optimizations disabled; functions from <util/delay.h> won't work as designed"
Finished building: ../main.c
 
Building target: Smart_Home.elf
Invoking: AVR C Linker
avr-gcc -Wl,-Map,Smart_Home.map -mmcu=atmega32 -o "Smart_Home.elf"  ./MCAL/PWM.o ./MCAL/adc.o ./MCAL/gpio.o  ./HAL/buzzer.o ./HAL/flame.o ./HAL/lcd.o ./HAL/ldr.o ./HAL/led.o ./HAL/lm35_sensor.o ./HAL/motor.o  ./main.o   
Finished building target: Smart_Home.elf
 
Invoking: AVR Create Extended Listing
avr-objdump -h -S Smart_Home.elf  >"Smart_Home.lss"
Finished building: Smart_Home.lss
 
Invoking: Print Size
avr-size --format=avr --mcu=atmega32 Smart_Home.elf
AVR Memory Usage
----------------
Device: atmega32

Program:   10492 bytes (32.0% Full)
(.text + .data + .bootloader)

Data:        341 bytes (16.7% Full)
(.data + .bss + .noinit)


Finished building: sizedummy
 
18:57:04 **** Incremental Build of configuration Debug for project Smart_Home ****
make all 
Invoking: Print Size
avr-size --format=avr --mcu=atmega32 Smart_Home.elf
AVR Memory Usage
----------------
Device: atmega32

Program:   10492 bytes (32.0% Full)
(.text + .data + .bootloader)

Data:        341 bytes (16.7% Full)
(.data + .bss + .noinit)


Finished building: sizedummy
 
