
Car_Parking_System.elf:     file format elf32-avr

Sections:
Idx Name          Size      VMA       LMA       File off  Algn
  0 .text         0000335c  00000000  00000000  00000094  2**1
                  CONTENTS, ALLOC, LOAD, READONLY, CODE
  1 .data         00000120  00800060  0000335c  000033f0  2**0
                  CONTENTS, ALLOC, LOAD, DATA
  2 .bss          00000008  00800180  00800180  00003510  2**0
                  ALLOC
  3 .stab         00002d3c  00000000  00000000  00003510  2**2
                  CONTENTS, READONLY, DEBUGGING
  4 .stabstr      000014be  00000000  00000000  0000624c  2**0
                  CONTENTS, READONLY, DEBUGGING
  5 .debug_aranges 000001a0  00000000  00000000  0000770a  2**0
                  CONTENTS, READONLY, DEBUGGING
  6 .debug_pubnames 000001f2  00000000  00000000  000078aa  2**0
                  CONTENTS, READONLY, DEBUGGING
  7 .debug_info   0000240b  00000000  00000000  00007a9c  2**0
                  CONTENTS, READONLY, DEBUGGING
  8 .debug_abbrev 00001386  00000000  00000000  00009ea7  2**0
                  CONTENTS, READONLY, DEBUGGING
  9 .debug_line   000011d6  00000000  00000000  0000b22d  2**0
                  CONTENTS, READONLY, DEBUGGING
 10 .debug_frame  000001c0  00000000  00000000  0000c404  2**2
                  CONTENTS, READONLY, DEBUGGING
 11 .debug_str    000002f6  00000000  00000000  0000c5c4  2**0
                  CONTENTS, READONLY, DEBUGGING
 12 .debug_loc    0000096e  00000000  00000000  0000c8ba  2**0
                  CONTENTS, READONLY, DEBUGGING
 13 .debug_ranges 00000050  00000000  00000000  0000d228  2**0
                  CONTENTS, READONLY, DEBUGGING

Disassembly of section .text:

00000000 <__vectors>:
       0:	0c 94 2a 00 	jmp	0x54	; 0x54 <__ctors_end>
       4:	0c 94 47 00 	jmp	0x8e	; 0x8e <__bad_interrupt>
       8:	0c 94 47 00 	jmp	0x8e	; 0x8e <__bad_interrupt>
       c:	0c 94 47 00 	jmp	0x8e	; 0x8e <__bad_interrupt>
      10:	0c 94 47 00 	jmp	0x8e	; 0x8e <__bad_interrupt>
      14:	0c 94 47 00 	jmp	0x8e	; 0x8e <__bad_interrupt>
      18:	0c 94 42 0a 	jmp	0x1484	; 0x1484 <__vector_6>
      1c:	0c 94 47 00 	jmp	0x8e	; 0x8e <__bad_interrupt>
      20:	0c 94 47 00 	jmp	0x8e	; 0x8e <__bad_interrupt>
      24:	0c 94 47 00 	jmp	0x8e	; 0x8e <__bad_interrupt>
      28:	0c 94 47 00 	jmp	0x8e	; 0x8e <__bad_interrupt>
      2c:	0c 94 47 00 	jmp	0x8e	; 0x8e <__bad_interrupt>
      30:	0c 94 47 00 	jmp	0x8e	; 0x8e <__bad_interrupt>
      34:	0c 94 47 00 	jmp	0x8e	; 0x8e <__bad_interrupt>
      38:	0c 94 47 00 	jmp	0x8e	; 0x8e <__bad_interrupt>
      3c:	0c 94 47 00 	jmp	0x8e	; 0x8e <__bad_interrupt>
      40:	0c 94 47 00 	jmp	0x8e	; 0x8e <__bad_interrupt>
      44:	0c 94 47 00 	jmp	0x8e	; 0x8e <__bad_interrupt>
      48:	0c 94 47 00 	jmp	0x8e	; 0x8e <__bad_interrupt>
      4c:	0c 94 47 00 	jmp	0x8e	; 0x8e <__bad_interrupt>
      50:	0c 94 47 00 	jmp	0x8e	; 0x8e <__bad_interrupt>

00000054 <__ctors_end>:
      54:	11 24       	eor	r1, r1
      56:	1f be       	out	0x3f, r1	; 63
      58:	cf e5       	ldi	r28, 0x5F	; 95
      5a:	d8 e0       	ldi	r29, 0x08	; 8
      5c:	de bf       	out	0x3e, r29	; 62
      5e:	cd bf       	out	0x3d, r28	; 61

00000060 <__do_copy_data>:
      60:	11 e0       	ldi	r17, 0x01	; 1
      62:	a0 e6       	ldi	r26, 0x60	; 96
      64:	b0 e0       	ldi	r27, 0x00	; 0
      66:	ec e5       	ldi	r30, 0x5C	; 92
      68:	f3 e3       	ldi	r31, 0x33	; 51
      6a:	02 c0       	rjmp	.+4      	; 0x70 <.do_copy_data_start>

0000006c <.do_copy_data_loop>:
      6c:	05 90       	lpm	r0, Z+
      6e:	0d 92       	st	X+, r0

00000070 <.do_copy_data_start>:
      70:	a0 38       	cpi	r26, 0x80	; 128
      72:	b1 07       	cpc	r27, r17
      74:	d9 f7       	brne	.-10     	; 0x6c <.do_copy_data_loop>

00000076 <__do_clear_bss>:
      76:	11 e0       	ldi	r17, 0x01	; 1
      78:	a0 e8       	ldi	r26, 0x80	; 128
      7a:	b1 e0       	ldi	r27, 0x01	; 1
      7c:	01 c0       	rjmp	.+2      	; 0x80 <.do_clear_bss_start>

0000007e <.do_clear_bss_loop>:
      7e:	1d 92       	st	X+, r1

00000080 <.do_clear_bss_start>:
      80:	a8 38       	cpi	r26, 0x88	; 136
      82:	b1 07       	cpc	r27, r17
      84:	e1 f7       	brne	.-8      	; 0x7e <.do_clear_bss_loop>
      86:	0e 94 11 18 	call	0x3022	; 0x3022 <main>
      8a:	0c 94 ac 19 	jmp	0x3358	; 0x3358 <_exit>

0000008e <__bad_interrupt>:
      8e:	0c 94 00 00 	jmp	0	; 0x0 <__vectors>

00000092 <__fixunssfsi>:
      92:	ef 92       	push	r14
      94:	ff 92       	push	r15
      96:	0f 93       	push	r16
      98:	1f 93       	push	r17
      9a:	7b 01       	movw	r14, r22
      9c:	8c 01       	movw	r16, r24
      9e:	20 e0       	ldi	r18, 0x00	; 0
      a0:	30 e0       	ldi	r19, 0x00	; 0
      a2:	40 e0       	ldi	r20, 0x00	; 0
      a4:	5f e4       	ldi	r21, 0x4F	; 79
      a6:	0e 94 f5 03 	call	0x7ea	; 0x7ea <__gesf2>
      aa:	88 23       	and	r24, r24
      ac:	8c f0       	brlt	.+34     	; 0xd0 <__fixunssfsi+0x3e>
      ae:	c8 01       	movw	r24, r16
      b0:	b7 01       	movw	r22, r14
      b2:	20 e0       	ldi	r18, 0x00	; 0
      b4:	30 e0       	ldi	r19, 0x00	; 0
      b6:	40 e0       	ldi	r20, 0x00	; 0
      b8:	5f e4       	ldi	r21, 0x4F	; 79
      ba:	0e 94 c1 01 	call	0x382	; 0x382 <__subsf3>
      be:	0e 94 55 04 	call	0x8aa	; 0x8aa <__fixsfsi>
      c2:	9b 01       	movw	r18, r22
      c4:	ac 01       	movw	r20, r24
      c6:	20 50       	subi	r18, 0x00	; 0
      c8:	30 40       	sbci	r19, 0x00	; 0
      ca:	40 40       	sbci	r20, 0x00	; 0
      cc:	50 48       	sbci	r21, 0x80	; 128
      ce:	06 c0       	rjmp	.+12     	; 0xdc <__fixunssfsi+0x4a>
      d0:	c8 01       	movw	r24, r16
      d2:	b7 01       	movw	r22, r14
      d4:	0e 94 55 04 	call	0x8aa	; 0x8aa <__fixsfsi>
      d8:	9b 01       	movw	r18, r22
      da:	ac 01       	movw	r20, r24
      dc:	b9 01       	movw	r22, r18
      de:	ca 01       	movw	r24, r20
      e0:	1f 91       	pop	r17
      e2:	0f 91       	pop	r16
      e4:	ff 90       	pop	r15
      e6:	ef 90       	pop	r14
      e8:	08 95       	ret

000000ea <_fpadd_parts>:
      ea:	a0 e0       	ldi	r26, 0x00	; 0
      ec:	b0 e0       	ldi	r27, 0x00	; 0
      ee:	eb e7       	ldi	r30, 0x7B	; 123
      f0:	f0 e0       	ldi	r31, 0x00	; 0
      f2:	0c 94 30 19 	jmp	0x3260	; 0x3260 <__prologue_saves__>
      f6:	dc 01       	movw	r26, r24
      f8:	2b 01       	movw	r4, r22
      fa:	fa 01       	movw	r30, r20
      fc:	9c 91       	ld	r25, X
      fe:	92 30       	cpi	r25, 0x02	; 2
     100:	08 f4       	brcc	.+2      	; 0x104 <_fpadd_parts+0x1a>
     102:	39 c1       	rjmp	.+626    	; 0x376 <_fpadd_parts+0x28c>
     104:	eb 01       	movw	r28, r22
     106:	88 81       	ld	r24, Y
     108:	82 30       	cpi	r24, 0x02	; 2
     10a:	08 f4       	brcc	.+2      	; 0x10e <_fpadd_parts+0x24>
     10c:	33 c1       	rjmp	.+614    	; 0x374 <_fpadd_parts+0x28a>
     10e:	94 30       	cpi	r25, 0x04	; 4
     110:	69 f4       	brne	.+26     	; 0x12c <_fpadd_parts+0x42>
     112:	84 30       	cpi	r24, 0x04	; 4
     114:	09 f0       	breq	.+2      	; 0x118 <_fpadd_parts+0x2e>
     116:	2f c1       	rjmp	.+606    	; 0x376 <_fpadd_parts+0x28c>
     118:	11 96       	adiw	r26, 0x01	; 1
     11a:	9c 91       	ld	r25, X
     11c:	11 97       	sbiw	r26, 0x01	; 1
     11e:	89 81       	ldd	r24, Y+1	; 0x01
     120:	98 17       	cp	r25, r24
     122:	09 f4       	brne	.+2      	; 0x126 <_fpadd_parts+0x3c>
     124:	28 c1       	rjmp	.+592    	; 0x376 <_fpadd_parts+0x28c>
     126:	a4 e7       	ldi	r26, 0x74	; 116
     128:	b0 e0       	ldi	r27, 0x00	; 0
     12a:	25 c1       	rjmp	.+586    	; 0x376 <_fpadd_parts+0x28c>
     12c:	84 30       	cpi	r24, 0x04	; 4
     12e:	09 f4       	brne	.+2      	; 0x132 <_fpadd_parts+0x48>
     130:	21 c1       	rjmp	.+578    	; 0x374 <_fpadd_parts+0x28a>
     132:	82 30       	cpi	r24, 0x02	; 2
     134:	a9 f4       	brne	.+42     	; 0x160 <_fpadd_parts+0x76>
     136:	92 30       	cpi	r25, 0x02	; 2
     138:	09 f0       	breq	.+2      	; 0x13c <_fpadd_parts+0x52>
     13a:	1d c1       	rjmp	.+570    	; 0x376 <_fpadd_parts+0x28c>
     13c:	9a 01       	movw	r18, r20
     13e:	ad 01       	movw	r20, r26
     140:	88 e0       	ldi	r24, 0x08	; 8
     142:	ea 01       	movw	r28, r20
     144:	09 90       	ld	r0, Y+
     146:	ae 01       	movw	r20, r28
     148:	e9 01       	movw	r28, r18
     14a:	09 92       	st	Y+, r0
     14c:	9e 01       	movw	r18, r28
     14e:	81 50       	subi	r24, 0x01	; 1
     150:	c1 f7       	brne	.-16     	; 0x142 <_fpadd_parts+0x58>
     152:	e2 01       	movw	r28, r4
     154:	89 81       	ldd	r24, Y+1	; 0x01
     156:	11 96       	adiw	r26, 0x01	; 1
     158:	9c 91       	ld	r25, X
     15a:	89 23       	and	r24, r25
     15c:	81 83       	std	Z+1, r24	; 0x01
     15e:	08 c1       	rjmp	.+528    	; 0x370 <_fpadd_parts+0x286>
     160:	92 30       	cpi	r25, 0x02	; 2
     162:	09 f4       	brne	.+2      	; 0x166 <_fpadd_parts+0x7c>
     164:	07 c1       	rjmp	.+526    	; 0x374 <_fpadd_parts+0x28a>
     166:	12 96       	adiw	r26, 0x02	; 2
     168:	2d 90       	ld	r2, X+
     16a:	3c 90       	ld	r3, X
     16c:	13 97       	sbiw	r26, 0x03	; 3
     16e:	eb 01       	movw	r28, r22
     170:	8a 81       	ldd	r24, Y+2	; 0x02
     172:	9b 81       	ldd	r25, Y+3	; 0x03
     174:	14 96       	adiw	r26, 0x04	; 4
     176:	ad 90       	ld	r10, X+
     178:	bd 90       	ld	r11, X+
     17a:	cd 90       	ld	r12, X+
     17c:	dc 90       	ld	r13, X
     17e:	17 97       	sbiw	r26, 0x07	; 7
     180:	ec 80       	ldd	r14, Y+4	; 0x04
     182:	fd 80       	ldd	r15, Y+5	; 0x05
     184:	0e 81       	ldd	r16, Y+6	; 0x06
     186:	1f 81       	ldd	r17, Y+7	; 0x07
     188:	91 01       	movw	r18, r2
     18a:	28 1b       	sub	r18, r24
     18c:	39 0b       	sbc	r19, r25
     18e:	b9 01       	movw	r22, r18
     190:	37 ff       	sbrs	r19, 7
     192:	04 c0       	rjmp	.+8      	; 0x19c <_fpadd_parts+0xb2>
     194:	66 27       	eor	r22, r22
     196:	77 27       	eor	r23, r23
     198:	62 1b       	sub	r22, r18
     19a:	73 0b       	sbc	r23, r19
     19c:	60 32       	cpi	r22, 0x20	; 32
     19e:	71 05       	cpc	r23, r1
     1a0:	0c f0       	brlt	.+2      	; 0x1a4 <_fpadd_parts+0xba>
     1a2:	61 c0       	rjmp	.+194    	; 0x266 <_fpadd_parts+0x17c>
     1a4:	12 16       	cp	r1, r18
     1a6:	13 06       	cpc	r1, r19
     1a8:	6c f5       	brge	.+90     	; 0x204 <_fpadd_parts+0x11a>
     1aa:	37 01       	movw	r6, r14
     1ac:	48 01       	movw	r8, r16
     1ae:	06 2e       	mov	r0, r22
     1b0:	04 c0       	rjmp	.+8      	; 0x1ba <_fpadd_parts+0xd0>
     1b2:	96 94       	lsr	r9
     1b4:	87 94       	ror	r8
     1b6:	77 94       	ror	r7
     1b8:	67 94       	ror	r6
     1ba:	0a 94       	dec	r0
     1bc:	d2 f7       	brpl	.-12     	; 0x1b2 <_fpadd_parts+0xc8>
     1be:	21 e0       	ldi	r18, 0x01	; 1
     1c0:	30 e0       	ldi	r19, 0x00	; 0
     1c2:	40 e0       	ldi	r20, 0x00	; 0
     1c4:	50 e0       	ldi	r21, 0x00	; 0
     1c6:	04 c0       	rjmp	.+8      	; 0x1d0 <_fpadd_parts+0xe6>
     1c8:	22 0f       	add	r18, r18
     1ca:	33 1f       	adc	r19, r19
     1cc:	44 1f       	adc	r20, r20
     1ce:	55 1f       	adc	r21, r21
     1d0:	6a 95       	dec	r22
     1d2:	d2 f7       	brpl	.-12     	; 0x1c8 <_fpadd_parts+0xde>
     1d4:	21 50       	subi	r18, 0x01	; 1
     1d6:	30 40       	sbci	r19, 0x00	; 0
     1d8:	40 40       	sbci	r20, 0x00	; 0
     1da:	50 40       	sbci	r21, 0x00	; 0
     1dc:	2e 21       	and	r18, r14
     1de:	3f 21       	and	r19, r15
     1e0:	40 23       	and	r20, r16
     1e2:	51 23       	and	r21, r17
     1e4:	21 15       	cp	r18, r1
     1e6:	31 05       	cpc	r19, r1
     1e8:	41 05       	cpc	r20, r1
     1ea:	51 05       	cpc	r21, r1
     1ec:	21 f0       	breq	.+8      	; 0x1f6 <_fpadd_parts+0x10c>
     1ee:	21 e0       	ldi	r18, 0x01	; 1
     1f0:	30 e0       	ldi	r19, 0x00	; 0
     1f2:	40 e0       	ldi	r20, 0x00	; 0
     1f4:	50 e0       	ldi	r21, 0x00	; 0
     1f6:	79 01       	movw	r14, r18
     1f8:	8a 01       	movw	r16, r20
     1fa:	e6 28       	or	r14, r6
     1fc:	f7 28       	or	r15, r7
     1fe:	08 29       	or	r16, r8
     200:	19 29       	or	r17, r9
     202:	3c c0       	rjmp	.+120    	; 0x27c <_fpadd_parts+0x192>
     204:	23 2b       	or	r18, r19
     206:	d1 f1       	breq	.+116    	; 0x27c <_fpadd_parts+0x192>
     208:	26 0e       	add	r2, r22
     20a:	37 1e       	adc	r3, r23
     20c:	35 01       	movw	r6, r10
     20e:	46 01       	movw	r8, r12
     210:	06 2e       	mov	r0, r22
     212:	04 c0       	rjmp	.+8      	; 0x21c <_fpadd_parts+0x132>
     214:	96 94       	lsr	r9
     216:	87 94       	ror	r8
     218:	77 94       	ror	r7
     21a:	67 94       	ror	r6
     21c:	0a 94       	dec	r0
     21e:	d2 f7       	brpl	.-12     	; 0x214 <_fpadd_parts+0x12a>
     220:	21 e0       	ldi	r18, 0x01	; 1
     222:	30 e0       	ldi	r19, 0x00	; 0
     224:	40 e0       	ldi	r20, 0x00	; 0
     226:	50 e0       	ldi	r21, 0x00	; 0
     228:	04 c0       	rjmp	.+8      	; 0x232 <_fpadd_parts+0x148>
     22a:	22 0f       	add	r18, r18
     22c:	33 1f       	adc	r19, r19
     22e:	44 1f       	adc	r20, r20
     230:	55 1f       	adc	r21, r21
     232:	6a 95       	dec	r22
     234:	d2 f7       	brpl	.-12     	; 0x22a <_fpadd_parts+0x140>
     236:	21 50       	subi	r18, 0x01	; 1
     238:	30 40       	sbci	r19, 0x00	; 0
     23a:	40 40       	sbci	r20, 0x00	; 0
     23c:	50 40       	sbci	r21, 0x00	; 0
     23e:	2a 21       	and	r18, r10
     240:	3b 21       	and	r19, r11
     242:	4c 21       	and	r20, r12
     244:	5d 21       	and	r21, r13
     246:	21 15       	cp	r18, r1
     248:	31 05       	cpc	r19, r1
     24a:	41 05       	cpc	r20, r1
     24c:	51 05       	cpc	r21, r1
     24e:	21 f0       	breq	.+8      	; 0x258 <_fpadd_parts+0x16e>
     250:	21 e0       	ldi	r18, 0x01	; 1
     252:	30 e0       	ldi	r19, 0x00	; 0
     254:	40 e0       	ldi	r20, 0x00	; 0
     256:	50 e0       	ldi	r21, 0x00	; 0
     258:	59 01       	movw	r10, r18
     25a:	6a 01       	movw	r12, r20
     25c:	a6 28       	or	r10, r6
     25e:	b7 28       	or	r11, r7
     260:	c8 28       	or	r12, r8
     262:	d9 28       	or	r13, r9
     264:	0b c0       	rjmp	.+22     	; 0x27c <_fpadd_parts+0x192>
     266:	82 15       	cp	r24, r2
     268:	93 05       	cpc	r25, r3
     26a:	2c f0       	brlt	.+10     	; 0x276 <_fpadd_parts+0x18c>
     26c:	1c 01       	movw	r2, r24
     26e:	aa 24       	eor	r10, r10
     270:	bb 24       	eor	r11, r11
     272:	65 01       	movw	r12, r10
     274:	03 c0       	rjmp	.+6      	; 0x27c <_fpadd_parts+0x192>
     276:	ee 24       	eor	r14, r14
     278:	ff 24       	eor	r15, r15
     27a:	87 01       	movw	r16, r14
     27c:	11 96       	adiw	r26, 0x01	; 1
     27e:	9c 91       	ld	r25, X
     280:	d2 01       	movw	r26, r4
     282:	11 96       	adiw	r26, 0x01	; 1
     284:	8c 91       	ld	r24, X
     286:	98 17       	cp	r25, r24
     288:	09 f4       	brne	.+2      	; 0x28c <_fpadd_parts+0x1a2>
     28a:	45 c0       	rjmp	.+138    	; 0x316 <_fpadd_parts+0x22c>
     28c:	99 23       	and	r25, r25
     28e:	39 f0       	breq	.+14     	; 0x29e <_fpadd_parts+0x1b4>
     290:	a8 01       	movw	r20, r16
     292:	97 01       	movw	r18, r14
     294:	2a 19       	sub	r18, r10
     296:	3b 09       	sbc	r19, r11
     298:	4c 09       	sbc	r20, r12
     29a:	5d 09       	sbc	r21, r13
     29c:	06 c0       	rjmp	.+12     	; 0x2aa <_fpadd_parts+0x1c0>
     29e:	a6 01       	movw	r20, r12
     2a0:	95 01       	movw	r18, r10
     2a2:	2e 19       	sub	r18, r14
     2a4:	3f 09       	sbc	r19, r15
     2a6:	40 0b       	sbc	r20, r16
     2a8:	51 0b       	sbc	r21, r17
     2aa:	57 fd       	sbrc	r21, 7
     2ac:	08 c0       	rjmp	.+16     	; 0x2be <_fpadd_parts+0x1d4>
     2ae:	11 82       	std	Z+1, r1	; 0x01
     2b0:	33 82       	std	Z+3, r3	; 0x03
     2b2:	22 82       	std	Z+2, r2	; 0x02
     2b4:	24 83       	std	Z+4, r18	; 0x04
     2b6:	35 83       	std	Z+5, r19	; 0x05
     2b8:	46 83       	std	Z+6, r20	; 0x06
     2ba:	57 83       	std	Z+7, r21	; 0x07
     2bc:	1d c0       	rjmp	.+58     	; 0x2f8 <_fpadd_parts+0x20e>
     2be:	81 e0       	ldi	r24, 0x01	; 1
     2c0:	81 83       	std	Z+1, r24	; 0x01
     2c2:	33 82       	std	Z+3, r3	; 0x03
     2c4:	22 82       	std	Z+2, r2	; 0x02
     2c6:	88 27       	eor	r24, r24
     2c8:	99 27       	eor	r25, r25
     2ca:	dc 01       	movw	r26, r24
     2cc:	82 1b       	sub	r24, r18
     2ce:	93 0b       	sbc	r25, r19
     2d0:	a4 0b       	sbc	r26, r20
     2d2:	b5 0b       	sbc	r27, r21
     2d4:	84 83       	std	Z+4, r24	; 0x04
     2d6:	95 83       	std	Z+5, r25	; 0x05
     2d8:	a6 83       	std	Z+6, r26	; 0x06
     2da:	b7 83       	std	Z+7, r27	; 0x07
     2dc:	0d c0       	rjmp	.+26     	; 0x2f8 <_fpadd_parts+0x20e>
     2de:	22 0f       	add	r18, r18
     2e0:	33 1f       	adc	r19, r19
     2e2:	44 1f       	adc	r20, r20
     2e4:	55 1f       	adc	r21, r21
     2e6:	24 83       	std	Z+4, r18	; 0x04
     2e8:	35 83       	std	Z+5, r19	; 0x05
     2ea:	46 83       	std	Z+6, r20	; 0x06
     2ec:	57 83       	std	Z+7, r21	; 0x07
     2ee:	82 81       	ldd	r24, Z+2	; 0x02
     2f0:	93 81       	ldd	r25, Z+3	; 0x03
     2f2:	01 97       	sbiw	r24, 0x01	; 1
     2f4:	93 83       	std	Z+3, r25	; 0x03
     2f6:	82 83       	std	Z+2, r24	; 0x02
     2f8:	24 81       	ldd	r18, Z+4	; 0x04
     2fa:	35 81       	ldd	r19, Z+5	; 0x05
     2fc:	46 81       	ldd	r20, Z+6	; 0x06
     2fe:	57 81       	ldd	r21, Z+7	; 0x07
     300:	da 01       	movw	r26, r20
     302:	c9 01       	movw	r24, r18
     304:	01 97       	sbiw	r24, 0x01	; 1
     306:	a1 09       	sbc	r26, r1
     308:	b1 09       	sbc	r27, r1
     30a:	8f 5f       	subi	r24, 0xFF	; 255
     30c:	9f 4f       	sbci	r25, 0xFF	; 255
     30e:	af 4f       	sbci	r26, 0xFF	; 255
     310:	bf 43       	sbci	r27, 0x3F	; 63
     312:	28 f3       	brcs	.-54     	; 0x2de <_fpadd_parts+0x1f4>
     314:	0b c0       	rjmp	.+22     	; 0x32c <_fpadd_parts+0x242>
     316:	91 83       	std	Z+1, r25	; 0x01
     318:	33 82       	std	Z+3, r3	; 0x03
     31a:	22 82       	std	Z+2, r2	; 0x02
     31c:	ea 0c       	add	r14, r10
     31e:	fb 1c       	adc	r15, r11
     320:	0c 1d       	adc	r16, r12
     322:	1d 1d       	adc	r17, r13
     324:	e4 82       	std	Z+4, r14	; 0x04
     326:	f5 82       	std	Z+5, r15	; 0x05
     328:	06 83       	std	Z+6, r16	; 0x06
     32a:	17 83       	std	Z+7, r17	; 0x07
     32c:	83 e0       	ldi	r24, 0x03	; 3
     32e:	80 83       	st	Z, r24
     330:	24 81       	ldd	r18, Z+4	; 0x04
     332:	35 81       	ldd	r19, Z+5	; 0x05
     334:	46 81       	ldd	r20, Z+6	; 0x06
     336:	57 81       	ldd	r21, Z+7	; 0x07
     338:	57 ff       	sbrs	r21, 7
     33a:	1a c0       	rjmp	.+52     	; 0x370 <_fpadd_parts+0x286>
     33c:	c9 01       	movw	r24, r18
     33e:	aa 27       	eor	r26, r26
     340:	97 fd       	sbrc	r25, 7
     342:	a0 95       	com	r26
     344:	ba 2f       	mov	r27, r26
     346:	81 70       	andi	r24, 0x01	; 1
     348:	90 70       	andi	r25, 0x00	; 0
     34a:	a0 70       	andi	r26, 0x00	; 0
     34c:	b0 70       	andi	r27, 0x00	; 0
     34e:	56 95       	lsr	r21
     350:	47 95       	ror	r20
     352:	37 95       	ror	r19
     354:	27 95       	ror	r18
     356:	82 2b       	or	r24, r18
     358:	93 2b       	or	r25, r19
     35a:	a4 2b       	or	r26, r20
     35c:	b5 2b       	or	r27, r21
     35e:	84 83       	std	Z+4, r24	; 0x04
     360:	95 83       	std	Z+5, r25	; 0x05
     362:	a6 83       	std	Z+6, r26	; 0x06
     364:	b7 83       	std	Z+7, r27	; 0x07
     366:	82 81       	ldd	r24, Z+2	; 0x02
     368:	93 81       	ldd	r25, Z+3	; 0x03
     36a:	01 96       	adiw	r24, 0x01	; 1
     36c:	93 83       	std	Z+3, r25	; 0x03
     36e:	82 83       	std	Z+2, r24	; 0x02
     370:	df 01       	movw	r26, r30
     372:	01 c0       	rjmp	.+2      	; 0x376 <_fpadd_parts+0x28c>
     374:	d2 01       	movw	r26, r4
     376:	cd 01       	movw	r24, r26
     378:	cd b7       	in	r28, 0x3d	; 61
     37a:	de b7       	in	r29, 0x3e	; 62
     37c:	e2 e1       	ldi	r30, 0x12	; 18
     37e:	0c 94 4c 19 	jmp	0x3298	; 0x3298 <__epilogue_restores__>

00000382 <__subsf3>:
     382:	a0 e2       	ldi	r26, 0x20	; 32
     384:	b0 e0       	ldi	r27, 0x00	; 0
     386:	e7 ec       	ldi	r30, 0xC7	; 199
     388:	f1 e0       	ldi	r31, 0x01	; 1
     38a:	0c 94 3c 19 	jmp	0x3278	; 0x3278 <__prologue_saves__+0x18>
     38e:	69 83       	std	Y+1, r22	; 0x01
     390:	7a 83       	std	Y+2, r23	; 0x02
     392:	8b 83       	std	Y+3, r24	; 0x03
     394:	9c 83       	std	Y+4, r25	; 0x04
     396:	2d 83       	std	Y+5, r18	; 0x05
     398:	3e 83       	std	Y+6, r19	; 0x06
     39a:	4f 83       	std	Y+7, r20	; 0x07
     39c:	58 87       	std	Y+8, r21	; 0x08
     39e:	e9 e0       	ldi	r30, 0x09	; 9
     3a0:	ee 2e       	mov	r14, r30
     3a2:	f1 2c       	mov	r15, r1
     3a4:	ec 0e       	add	r14, r28
     3a6:	fd 1e       	adc	r15, r29
     3a8:	ce 01       	movw	r24, r28
     3aa:	01 96       	adiw	r24, 0x01	; 1
     3ac:	b7 01       	movw	r22, r14
     3ae:	0e 94 46 06 	call	0xc8c	; 0xc8c <__unpack_f>
     3b2:	8e 01       	movw	r16, r28
     3b4:	0f 5e       	subi	r16, 0xEF	; 239
     3b6:	1f 4f       	sbci	r17, 0xFF	; 255
     3b8:	ce 01       	movw	r24, r28
     3ba:	05 96       	adiw	r24, 0x05	; 5
     3bc:	b8 01       	movw	r22, r16
     3be:	0e 94 46 06 	call	0xc8c	; 0xc8c <__unpack_f>
     3c2:	8a 89       	ldd	r24, Y+18	; 0x12
     3c4:	91 e0       	ldi	r25, 0x01	; 1
     3c6:	89 27       	eor	r24, r25
     3c8:	8a 8b       	std	Y+18, r24	; 0x12
     3ca:	c7 01       	movw	r24, r14
     3cc:	b8 01       	movw	r22, r16
     3ce:	ae 01       	movw	r20, r28
     3d0:	47 5e       	subi	r20, 0xE7	; 231
     3d2:	5f 4f       	sbci	r21, 0xFF	; 255
     3d4:	0e 94 75 00 	call	0xea	; 0xea <_fpadd_parts>
     3d8:	0e 94 71 05 	call	0xae2	; 0xae2 <__pack_f>
     3dc:	a0 96       	adiw	r28, 0x20	; 32
     3de:	e6 e0       	ldi	r30, 0x06	; 6
     3e0:	0c 94 58 19 	jmp	0x32b0	; 0x32b0 <__epilogue_restores__+0x18>

000003e4 <__addsf3>:
     3e4:	a0 e2       	ldi	r26, 0x20	; 32
     3e6:	b0 e0       	ldi	r27, 0x00	; 0
     3e8:	e8 ef       	ldi	r30, 0xF8	; 248
     3ea:	f1 e0       	ldi	r31, 0x01	; 1
     3ec:	0c 94 3c 19 	jmp	0x3278	; 0x3278 <__prologue_saves__+0x18>
     3f0:	69 83       	std	Y+1, r22	; 0x01
     3f2:	7a 83       	std	Y+2, r23	; 0x02
     3f4:	8b 83       	std	Y+3, r24	; 0x03
     3f6:	9c 83       	std	Y+4, r25	; 0x04
     3f8:	2d 83       	std	Y+5, r18	; 0x05
     3fa:	3e 83       	std	Y+6, r19	; 0x06
     3fc:	4f 83       	std	Y+7, r20	; 0x07
     3fe:	58 87       	std	Y+8, r21	; 0x08
     400:	f9 e0       	ldi	r31, 0x09	; 9
     402:	ef 2e       	mov	r14, r31
     404:	f1 2c       	mov	r15, r1
     406:	ec 0e       	add	r14, r28
     408:	fd 1e       	adc	r15, r29
     40a:	ce 01       	movw	r24, r28
     40c:	01 96       	adiw	r24, 0x01	; 1
     40e:	b7 01       	movw	r22, r14
     410:	0e 94 46 06 	call	0xc8c	; 0xc8c <__unpack_f>
     414:	8e 01       	movw	r16, r28
     416:	0f 5e       	subi	r16, 0xEF	; 239
     418:	1f 4f       	sbci	r17, 0xFF	; 255
     41a:	ce 01       	movw	r24, r28
     41c:	05 96       	adiw	r24, 0x05	; 5
     41e:	b8 01       	movw	r22, r16
     420:	0e 94 46 06 	call	0xc8c	; 0xc8c <__unpack_f>
     424:	c7 01       	movw	r24, r14
     426:	b8 01       	movw	r22, r16
     428:	ae 01       	movw	r20, r28
     42a:	47 5e       	subi	r20, 0xE7	; 231
     42c:	5f 4f       	sbci	r21, 0xFF	; 255
     42e:	0e 94 75 00 	call	0xea	; 0xea <_fpadd_parts>
     432:	0e 94 71 05 	call	0xae2	; 0xae2 <__pack_f>
     436:	a0 96       	adiw	r28, 0x20	; 32
     438:	e6 e0       	ldi	r30, 0x06	; 6
     43a:	0c 94 58 19 	jmp	0x32b0	; 0x32b0 <__epilogue_restores__+0x18>

0000043e <__mulsf3>:
     43e:	a0 e2       	ldi	r26, 0x20	; 32
     440:	b0 e0       	ldi	r27, 0x00	; 0
     442:	e5 e2       	ldi	r30, 0x25	; 37
     444:	f2 e0       	ldi	r31, 0x02	; 2
     446:	0c 94 30 19 	jmp	0x3260	; 0x3260 <__prologue_saves__>
     44a:	69 83       	std	Y+1, r22	; 0x01
     44c:	7a 83       	std	Y+2, r23	; 0x02
     44e:	8b 83       	std	Y+3, r24	; 0x03
     450:	9c 83       	std	Y+4, r25	; 0x04
     452:	2d 83       	std	Y+5, r18	; 0x05
     454:	3e 83       	std	Y+6, r19	; 0x06
     456:	4f 83       	std	Y+7, r20	; 0x07
     458:	58 87       	std	Y+8, r21	; 0x08
     45a:	ce 01       	movw	r24, r28
     45c:	01 96       	adiw	r24, 0x01	; 1
     45e:	be 01       	movw	r22, r28
     460:	67 5f       	subi	r22, 0xF7	; 247
     462:	7f 4f       	sbci	r23, 0xFF	; 255
     464:	0e 94 46 06 	call	0xc8c	; 0xc8c <__unpack_f>
     468:	ce 01       	movw	r24, r28
     46a:	05 96       	adiw	r24, 0x05	; 5
     46c:	be 01       	movw	r22, r28
     46e:	6f 5e       	subi	r22, 0xEF	; 239
     470:	7f 4f       	sbci	r23, 0xFF	; 255
     472:	0e 94 46 06 	call	0xc8c	; 0xc8c <__unpack_f>
     476:	99 85       	ldd	r25, Y+9	; 0x09
     478:	92 30       	cpi	r25, 0x02	; 2
     47a:	88 f0       	brcs	.+34     	; 0x49e <__mulsf3+0x60>
     47c:	89 89       	ldd	r24, Y+17	; 0x11
     47e:	82 30       	cpi	r24, 0x02	; 2
     480:	c8 f0       	brcs	.+50     	; 0x4b4 <__mulsf3+0x76>
     482:	94 30       	cpi	r25, 0x04	; 4
     484:	19 f4       	brne	.+6      	; 0x48c <__mulsf3+0x4e>
     486:	82 30       	cpi	r24, 0x02	; 2
     488:	51 f4       	brne	.+20     	; 0x49e <__mulsf3+0x60>
     48a:	04 c0       	rjmp	.+8      	; 0x494 <__mulsf3+0x56>
     48c:	84 30       	cpi	r24, 0x04	; 4
     48e:	29 f4       	brne	.+10     	; 0x49a <__mulsf3+0x5c>
     490:	92 30       	cpi	r25, 0x02	; 2
     492:	81 f4       	brne	.+32     	; 0x4b4 <__mulsf3+0x76>
     494:	84 e7       	ldi	r24, 0x74	; 116
     496:	90 e0       	ldi	r25, 0x00	; 0
     498:	c6 c0       	rjmp	.+396    	; 0x626 <__mulsf3+0x1e8>
     49a:	92 30       	cpi	r25, 0x02	; 2
     49c:	49 f4       	brne	.+18     	; 0x4b0 <__mulsf3+0x72>
     49e:	20 e0       	ldi	r18, 0x00	; 0
     4a0:	9a 85       	ldd	r25, Y+10	; 0x0a
     4a2:	8a 89       	ldd	r24, Y+18	; 0x12
     4a4:	98 13       	cpse	r25, r24
     4a6:	21 e0       	ldi	r18, 0x01	; 1
     4a8:	2a 87       	std	Y+10, r18	; 0x0a
     4aa:	ce 01       	movw	r24, r28
     4ac:	09 96       	adiw	r24, 0x09	; 9
     4ae:	bb c0       	rjmp	.+374    	; 0x626 <__mulsf3+0x1e8>
     4b0:	82 30       	cpi	r24, 0x02	; 2
     4b2:	49 f4       	brne	.+18     	; 0x4c6 <__mulsf3+0x88>
     4b4:	20 e0       	ldi	r18, 0x00	; 0
     4b6:	9a 85       	ldd	r25, Y+10	; 0x0a
     4b8:	8a 89       	ldd	r24, Y+18	; 0x12
     4ba:	98 13       	cpse	r25, r24
     4bc:	21 e0       	ldi	r18, 0x01	; 1
     4be:	2a 8b       	std	Y+18, r18	; 0x12
     4c0:	ce 01       	movw	r24, r28
     4c2:	41 96       	adiw	r24, 0x11	; 17
     4c4:	b0 c0       	rjmp	.+352    	; 0x626 <__mulsf3+0x1e8>
     4c6:	2d 84       	ldd	r2, Y+13	; 0x0d
     4c8:	3e 84       	ldd	r3, Y+14	; 0x0e
     4ca:	4f 84       	ldd	r4, Y+15	; 0x0f
     4cc:	58 88       	ldd	r5, Y+16	; 0x10
     4ce:	6d 88       	ldd	r6, Y+21	; 0x15
     4d0:	7e 88       	ldd	r7, Y+22	; 0x16
     4d2:	8f 88       	ldd	r8, Y+23	; 0x17
     4d4:	98 8c       	ldd	r9, Y+24	; 0x18
     4d6:	ee 24       	eor	r14, r14
     4d8:	ff 24       	eor	r15, r15
     4da:	87 01       	movw	r16, r14
     4dc:	aa 24       	eor	r10, r10
     4de:	bb 24       	eor	r11, r11
     4e0:	65 01       	movw	r12, r10
     4e2:	40 e0       	ldi	r20, 0x00	; 0
     4e4:	50 e0       	ldi	r21, 0x00	; 0
     4e6:	60 e0       	ldi	r22, 0x00	; 0
     4e8:	70 e0       	ldi	r23, 0x00	; 0
     4ea:	e0 e0       	ldi	r30, 0x00	; 0
     4ec:	f0 e0       	ldi	r31, 0x00	; 0
     4ee:	c1 01       	movw	r24, r2
     4f0:	81 70       	andi	r24, 0x01	; 1
     4f2:	90 70       	andi	r25, 0x00	; 0
     4f4:	89 2b       	or	r24, r25
     4f6:	e9 f0       	breq	.+58     	; 0x532 <__mulsf3+0xf4>
     4f8:	e6 0c       	add	r14, r6
     4fa:	f7 1c       	adc	r15, r7
     4fc:	08 1d       	adc	r16, r8
     4fe:	19 1d       	adc	r17, r9
     500:	9a 01       	movw	r18, r20
     502:	ab 01       	movw	r20, r22
     504:	2a 0d       	add	r18, r10
     506:	3b 1d       	adc	r19, r11
     508:	4c 1d       	adc	r20, r12
     50a:	5d 1d       	adc	r21, r13
     50c:	80 e0       	ldi	r24, 0x00	; 0
     50e:	90 e0       	ldi	r25, 0x00	; 0
     510:	a0 e0       	ldi	r26, 0x00	; 0
     512:	b0 e0       	ldi	r27, 0x00	; 0
     514:	e6 14       	cp	r14, r6
     516:	f7 04       	cpc	r15, r7
     518:	08 05       	cpc	r16, r8
     51a:	19 05       	cpc	r17, r9
     51c:	20 f4       	brcc	.+8      	; 0x526 <__mulsf3+0xe8>
     51e:	81 e0       	ldi	r24, 0x01	; 1
     520:	90 e0       	ldi	r25, 0x00	; 0
     522:	a0 e0       	ldi	r26, 0x00	; 0
     524:	b0 e0       	ldi	r27, 0x00	; 0
     526:	ba 01       	movw	r22, r20
     528:	a9 01       	movw	r20, r18
     52a:	48 0f       	add	r20, r24
     52c:	59 1f       	adc	r21, r25
     52e:	6a 1f       	adc	r22, r26
     530:	7b 1f       	adc	r23, r27
     532:	aa 0c       	add	r10, r10
     534:	bb 1c       	adc	r11, r11
     536:	cc 1c       	adc	r12, r12
     538:	dd 1c       	adc	r13, r13
     53a:	97 fe       	sbrs	r9, 7
     53c:	08 c0       	rjmp	.+16     	; 0x54e <__mulsf3+0x110>
     53e:	81 e0       	ldi	r24, 0x01	; 1
     540:	90 e0       	ldi	r25, 0x00	; 0
     542:	a0 e0       	ldi	r26, 0x00	; 0
     544:	b0 e0       	ldi	r27, 0x00	; 0
     546:	a8 2a       	or	r10, r24
     548:	b9 2a       	or	r11, r25
     54a:	ca 2a       	or	r12, r26
     54c:	db 2a       	or	r13, r27
     54e:	31 96       	adiw	r30, 0x01	; 1
     550:	e0 32       	cpi	r30, 0x20	; 32
     552:	f1 05       	cpc	r31, r1
     554:	49 f0       	breq	.+18     	; 0x568 <__mulsf3+0x12a>
     556:	66 0c       	add	r6, r6
     558:	77 1c       	adc	r7, r7
     55a:	88 1c       	adc	r8, r8
     55c:	99 1c       	adc	r9, r9
     55e:	56 94       	lsr	r5
     560:	47 94       	ror	r4
     562:	37 94       	ror	r3
     564:	27 94       	ror	r2
     566:	c3 cf       	rjmp	.-122    	; 0x4ee <__mulsf3+0xb0>
     568:	fa 85       	ldd	r31, Y+10	; 0x0a
     56a:	ea 89       	ldd	r30, Y+18	; 0x12
     56c:	2b 89       	ldd	r18, Y+19	; 0x13
     56e:	3c 89       	ldd	r19, Y+20	; 0x14
     570:	8b 85       	ldd	r24, Y+11	; 0x0b
     572:	9c 85       	ldd	r25, Y+12	; 0x0c
     574:	28 0f       	add	r18, r24
     576:	39 1f       	adc	r19, r25
     578:	2e 5f       	subi	r18, 0xFE	; 254
     57a:	3f 4f       	sbci	r19, 0xFF	; 255
     57c:	17 c0       	rjmp	.+46     	; 0x5ac <__mulsf3+0x16e>
     57e:	ca 01       	movw	r24, r20
     580:	81 70       	andi	r24, 0x01	; 1
     582:	90 70       	andi	r25, 0x00	; 0
     584:	89 2b       	or	r24, r25
     586:	61 f0       	breq	.+24     	; 0x5a0 <__mulsf3+0x162>
     588:	16 95       	lsr	r17
     58a:	07 95       	ror	r16
     58c:	f7 94       	ror	r15
     58e:	e7 94       	ror	r14
     590:	80 e0       	ldi	r24, 0x00	; 0
     592:	90 e0       	ldi	r25, 0x00	; 0
     594:	a0 e0       	ldi	r26, 0x00	; 0
     596:	b0 e8       	ldi	r27, 0x80	; 128
     598:	e8 2a       	or	r14, r24
     59a:	f9 2a       	or	r15, r25
     59c:	0a 2b       	or	r16, r26
     59e:	1b 2b       	or	r17, r27
     5a0:	76 95       	lsr	r23
     5a2:	67 95       	ror	r22
     5a4:	57 95       	ror	r21
     5a6:	47 95       	ror	r20
     5a8:	2f 5f       	subi	r18, 0xFF	; 255
     5aa:	3f 4f       	sbci	r19, 0xFF	; 255
     5ac:	77 fd       	sbrc	r23, 7
     5ae:	e7 cf       	rjmp	.-50     	; 0x57e <__mulsf3+0x140>
     5b0:	0c c0       	rjmp	.+24     	; 0x5ca <__mulsf3+0x18c>
     5b2:	44 0f       	add	r20, r20
     5b4:	55 1f       	adc	r21, r21
     5b6:	66 1f       	adc	r22, r22
     5b8:	77 1f       	adc	r23, r23
     5ba:	17 fd       	sbrc	r17, 7
     5bc:	41 60       	ori	r20, 0x01	; 1
     5be:	ee 0c       	add	r14, r14
     5c0:	ff 1c       	adc	r15, r15
     5c2:	00 1f       	adc	r16, r16
     5c4:	11 1f       	adc	r17, r17
     5c6:	21 50       	subi	r18, 0x01	; 1
     5c8:	30 40       	sbci	r19, 0x00	; 0
     5ca:	40 30       	cpi	r20, 0x00	; 0
     5cc:	90 e0       	ldi	r25, 0x00	; 0
     5ce:	59 07       	cpc	r21, r25
     5d0:	90 e0       	ldi	r25, 0x00	; 0
     5d2:	69 07       	cpc	r22, r25
     5d4:	90 e4       	ldi	r25, 0x40	; 64
     5d6:	79 07       	cpc	r23, r25
     5d8:	60 f3       	brcs	.-40     	; 0x5b2 <__mulsf3+0x174>
     5da:	2b 8f       	std	Y+27, r18	; 0x1b
     5dc:	3c 8f       	std	Y+28, r19	; 0x1c
     5de:	db 01       	movw	r26, r22
     5e0:	ca 01       	movw	r24, r20
     5e2:	8f 77       	andi	r24, 0x7F	; 127
     5e4:	90 70       	andi	r25, 0x00	; 0
     5e6:	a0 70       	andi	r26, 0x00	; 0
     5e8:	b0 70       	andi	r27, 0x00	; 0
     5ea:	80 34       	cpi	r24, 0x40	; 64
     5ec:	91 05       	cpc	r25, r1
     5ee:	a1 05       	cpc	r26, r1
     5f0:	b1 05       	cpc	r27, r1
     5f2:	61 f4       	brne	.+24     	; 0x60c <__mulsf3+0x1ce>
     5f4:	47 fd       	sbrc	r20, 7
     5f6:	0a c0       	rjmp	.+20     	; 0x60c <__mulsf3+0x1ce>
     5f8:	e1 14       	cp	r14, r1
     5fa:	f1 04       	cpc	r15, r1
     5fc:	01 05       	cpc	r16, r1
     5fe:	11 05       	cpc	r17, r1
     600:	29 f0       	breq	.+10     	; 0x60c <__mulsf3+0x1ce>
     602:	40 5c       	subi	r20, 0xC0	; 192
     604:	5f 4f       	sbci	r21, 0xFF	; 255
     606:	6f 4f       	sbci	r22, 0xFF	; 255
     608:	7f 4f       	sbci	r23, 0xFF	; 255
     60a:	40 78       	andi	r20, 0x80	; 128
     60c:	1a 8e       	std	Y+26, r1	; 0x1a
     60e:	fe 17       	cp	r31, r30
     610:	11 f0       	breq	.+4      	; 0x616 <__mulsf3+0x1d8>
     612:	81 e0       	ldi	r24, 0x01	; 1
     614:	8a 8f       	std	Y+26, r24	; 0x1a
     616:	4d 8f       	std	Y+29, r20	; 0x1d
     618:	5e 8f       	std	Y+30, r21	; 0x1e
     61a:	6f 8f       	std	Y+31, r22	; 0x1f
     61c:	78 a3       	std	Y+32, r23	; 0x20
     61e:	83 e0       	ldi	r24, 0x03	; 3
     620:	89 8f       	std	Y+25, r24	; 0x19
     622:	ce 01       	movw	r24, r28
     624:	49 96       	adiw	r24, 0x19	; 25
     626:	0e 94 71 05 	call	0xae2	; 0xae2 <__pack_f>
     62a:	a0 96       	adiw	r28, 0x20	; 32
     62c:	e2 e1       	ldi	r30, 0x12	; 18
     62e:	0c 94 4c 19 	jmp	0x3298	; 0x3298 <__epilogue_restores__>

00000632 <__divsf3>:
     632:	a8 e1       	ldi	r26, 0x18	; 24
     634:	b0 e0       	ldi	r27, 0x00	; 0
     636:	ef e1       	ldi	r30, 0x1F	; 31
     638:	f3 e0       	ldi	r31, 0x03	; 3
     63a:	0c 94 38 19 	jmp	0x3270	; 0x3270 <__prologue_saves__+0x10>
     63e:	69 83       	std	Y+1, r22	; 0x01
     640:	7a 83       	std	Y+2, r23	; 0x02
     642:	8b 83       	std	Y+3, r24	; 0x03
     644:	9c 83       	std	Y+4, r25	; 0x04
     646:	2d 83       	std	Y+5, r18	; 0x05
     648:	3e 83       	std	Y+6, r19	; 0x06
     64a:	4f 83       	std	Y+7, r20	; 0x07
     64c:	58 87       	std	Y+8, r21	; 0x08
     64e:	b9 e0       	ldi	r27, 0x09	; 9
     650:	eb 2e       	mov	r14, r27
     652:	f1 2c       	mov	r15, r1
     654:	ec 0e       	add	r14, r28
     656:	fd 1e       	adc	r15, r29
     658:	ce 01       	movw	r24, r28
     65a:	01 96       	adiw	r24, 0x01	; 1
     65c:	b7 01       	movw	r22, r14
     65e:	0e 94 46 06 	call	0xc8c	; 0xc8c <__unpack_f>
     662:	8e 01       	movw	r16, r28
     664:	0f 5e       	subi	r16, 0xEF	; 239
     666:	1f 4f       	sbci	r17, 0xFF	; 255
     668:	ce 01       	movw	r24, r28
     66a:	05 96       	adiw	r24, 0x05	; 5
     66c:	b8 01       	movw	r22, r16
     66e:	0e 94 46 06 	call	0xc8c	; 0xc8c <__unpack_f>
     672:	29 85       	ldd	r18, Y+9	; 0x09
     674:	22 30       	cpi	r18, 0x02	; 2
     676:	08 f4       	brcc	.+2      	; 0x67a <__divsf3+0x48>
     678:	7e c0       	rjmp	.+252    	; 0x776 <__divsf3+0x144>
     67a:	39 89       	ldd	r19, Y+17	; 0x11
     67c:	32 30       	cpi	r19, 0x02	; 2
     67e:	10 f4       	brcc	.+4      	; 0x684 <__divsf3+0x52>
     680:	b8 01       	movw	r22, r16
     682:	7c c0       	rjmp	.+248    	; 0x77c <__divsf3+0x14a>
     684:	8a 85       	ldd	r24, Y+10	; 0x0a
     686:	9a 89       	ldd	r25, Y+18	; 0x12
     688:	89 27       	eor	r24, r25
     68a:	8a 87       	std	Y+10, r24	; 0x0a
     68c:	24 30       	cpi	r18, 0x04	; 4
     68e:	11 f0       	breq	.+4      	; 0x694 <__divsf3+0x62>
     690:	22 30       	cpi	r18, 0x02	; 2
     692:	31 f4       	brne	.+12     	; 0x6a0 <__divsf3+0x6e>
     694:	23 17       	cp	r18, r19
     696:	09 f0       	breq	.+2      	; 0x69a <__divsf3+0x68>
     698:	6e c0       	rjmp	.+220    	; 0x776 <__divsf3+0x144>
     69a:	64 e7       	ldi	r22, 0x74	; 116
     69c:	70 e0       	ldi	r23, 0x00	; 0
     69e:	6e c0       	rjmp	.+220    	; 0x77c <__divsf3+0x14a>
     6a0:	34 30       	cpi	r19, 0x04	; 4
     6a2:	39 f4       	brne	.+14     	; 0x6b2 <__divsf3+0x80>
     6a4:	1d 86       	std	Y+13, r1	; 0x0d
     6a6:	1e 86       	std	Y+14, r1	; 0x0e
     6a8:	1f 86       	std	Y+15, r1	; 0x0f
     6aa:	18 8a       	std	Y+16, r1	; 0x10
     6ac:	1c 86       	std	Y+12, r1	; 0x0c
     6ae:	1b 86       	std	Y+11, r1	; 0x0b
     6b0:	04 c0       	rjmp	.+8      	; 0x6ba <__divsf3+0x88>
     6b2:	32 30       	cpi	r19, 0x02	; 2
     6b4:	21 f4       	brne	.+8      	; 0x6be <__divsf3+0x8c>
     6b6:	84 e0       	ldi	r24, 0x04	; 4
     6b8:	89 87       	std	Y+9, r24	; 0x09
     6ba:	b7 01       	movw	r22, r14
     6bc:	5f c0       	rjmp	.+190    	; 0x77c <__divsf3+0x14a>
     6be:	2b 85       	ldd	r18, Y+11	; 0x0b
     6c0:	3c 85       	ldd	r19, Y+12	; 0x0c
     6c2:	8b 89       	ldd	r24, Y+19	; 0x13
     6c4:	9c 89       	ldd	r25, Y+20	; 0x14
     6c6:	28 1b       	sub	r18, r24
     6c8:	39 0b       	sbc	r19, r25
     6ca:	3c 87       	std	Y+12, r19	; 0x0c
     6cc:	2b 87       	std	Y+11, r18	; 0x0b
     6ce:	ed 84       	ldd	r14, Y+13	; 0x0d
     6d0:	fe 84       	ldd	r15, Y+14	; 0x0e
     6d2:	0f 85       	ldd	r16, Y+15	; 0x0f
     6d4:	18 89       	ldd	r17, Y+16	; 0x10
     6d6:	ad 88       	ldd	r10, Y+21	; 0x15
     6d8:	be 88       	ldd	r11, Y+22	; 0x16
     6da:	cf 88       	ldd	r12, Y+23	; 0x17
     6dc:	d8 8c       	ldd	r13, Y+24	; 0x18
     6de:	ea 14       	cp	r14, r10
     6e0:	fb 04       	cpc	r15, r11
     6e2:	0c 05       	cpc	r16, r12
     6e4:	1d 05       	cpc	r17, r13
     6e6:	40 f4       	brcc	.+16     	; 0x6f8 <__divsf3+0xc6>
     6e8:	ee 0c       	add	r14, r14
     6ea:	ff 1c       	adc	r15, r15
     6ec:	00 1f       	adc	r16, r16
     6ee:	11 1f       	adc	r17, r17
     6f0:	21 50       	subi	r18, 0x01	; 1
     6f2:	30 40       	sbci	r19, 0x00	; 0
     6f4:	3c 87       	std	Y+12, r19	; 0x0c
     6f6:	2b 87       	std	Y+11, r18	; 0x0b
     6f8:	20 e0       	ldi	r18, 0x00	; 0
     6fa:	30 e0       	ldi	r19, 0x00	; 0
     6fc:	40 e0       	ldi	r20, 0x00	; 0
     6fe:	50 e0       	ldi	r21, 0x00	; 0
     700:	80 e0       	ldi	r24, 0x00	; 0
     702:	90 e0       	ldi	r25, 0x00	; 0
     704:	a0 e0       	ldi	r26, 0x00	; 0
     706:	b0 e4       	ldi	r27, 0x40	; 64
     708:	60 e0       	ldi	r22, 0x00	; 0
     70a:	70 e0       	ldi	r23, 0x00	; 0
     70c:	ea 14       	cp	r14, r10
     70e:	fb 04       	cpc	r15, r11
     710:	0c 05       	cpc	r16, r12
     712:	1d 05       	cpc	r17, r13
     714:	40 f0       	brcs	.+16     	; 0x726 <__divsf3+0xf4>
     716:	28 2b       	or	r18, r24
     718:	39 2b       	or	r19, r25
     71a:	4a 2b       	or	r20, r26
     71c:	5b 2b       	or	r21, r27
     71e:	ea 18       	sub	r14, r10
     720:	fb 08       	sbc	r15, r11
     722:	0c 09       	sbc	r16, r12
     724:	1d 09       	sbc	r17, r13
     726:	b6 95       	lsr	r27
     728:	a7 95       	ror	r26
     72a:	97 95       	ror	r25
     72c:	87 95       	ror	r24
     72e:	ee 0c       	add	r14, r14
     730:	ff 1c       	adc	r15, r15
     732:	00 1f       	adc	r16, r16
     734:	11 1f       	adc	r17, r17
     736:	6f 5f       	subi	r22, 0xFF	; 255
     738:	7f 4f       	sbci	r23, 0xFF	; 255
     73a:	6f 31       	cpi	r22, 0x1F	; 31
     73c:	71 05       	cpc	r23, r1
     73e:	31 f7       	brne	.-52     	; 0x70c <__divsf3+0xda>
     740:	da 01       	movw	r26, r20
     742:	c9 01       	movw	r24, r18
     744:	8f 77       	andi	r24, 0x7F	; 127
     746:	90 70       	andi	r25, 0x00	; 0
     748:	a0 70       	andi	r26, 0x00	; 0
     74a:	b0 70       	andi	r27, 0x00	; 0
     74c:	80 34       	cpi	r24, 0x40	; 64
     74e:	91 05       	cpc	r25, r1
     750:	a1 05       	cpc	r26, r1
     752:	b1 05       	cpc	r27, r1
     754:	61 f4       	brne	.+24     	; 0x76e <__divsf3+0x13c>
     756:	27 fd       	sbrc	r18, 7
     758:	0a c0       	rjmp	.+20     	; 0x76e <__divsf3+0x13c>
     75a:	e1 14       	cp	r14, r1
     75c:	f1 04       	cpc	r15, r1
     75e:	01 05       	cpc	r16, r1
     760:	11 05       	cpc	r17, r1
     762:	29 f0       	breq	.+10     	; 0x76e <__divsf3+0x13c>
     764:	20 5c       	subi	r18, 0xC0	; 192
     766:	3f 4f       	sbci	r19, 0xFF	; 255
     768:	4f 4f       	sbci	r20, 0xFF	; 255
     76a:	5f 4f       	sbci	r21, 0xFF	; 255
     76c:	20 78       	andi	r18, 0x80	; 128
     76e:	2d 87       	std	Y+13, r18	; 0x0d
     770:	3e 87       	std	Y+14, r19	; 0x0e
     772:	4f 87       	std	Y+15, r20	; 0x0f
     774:	58 8b       	std	Y+16, r21	; 0x10
     776:	be 01       	movw	r22, r28
     778:	67 5f       	subi	r22, 0xF7	; 247
     77a:	7f 4f       	sbci	r23, 0xFF	; 255
     77c:	cb 01       	movw	r24, r22
     77e:	0e 94 71 05 	call	0xae2	; 0xae2 <__pack_f>
     782:	68 96       	adiw	r28, 0x18	; 24
     784:	ea e0       	ldi	r30, 0x0A	; 10
     786:	0c 94 54 19 	jmp	0x32a8	; 0x32a8 <__epilogue_restores__+0x10>

0000078a <__gtsf2>:
     78a:	a8 e1       	ldi	r26, 0x18	; 24
     78c:	b0 e0       	ldi	r27, 0x00	; 0
     78e:	eb ec       	ldi	r30, 0xCB	; 203
     790:	f3 e0       	ldi	r31, 0x03	; 3
     792:	0c 94 3c 19 	jmp	0x3278	; 0x3278 <__prologue_saves__+0x18>
     796:	69 83       	std	Y+1, r22	; 0x01
     798:	7a 83       	std	Y+2, r23	; 0x02
     79a:	8b 83       	std	Y+3, r24	; 0x03
     79c:	9c 83       	std	Y+4, r25	; 0x04
     79e:	2d 83       	std	Y+5, r18	; 0x05
     7a0:	3e 83       	std	Y+6, r19	; 0x06
     7a2:	4f 83       	std	Y+7, r20	; 0x07
     7a4:	58 87       	std	Y+8, r21	; 0x08
     7a6:	89 e0       	ldi	r24, 0x09	; 9
     7a8:	e8 2e       	mov	r14, r24
     7aa:	f1 2c       	mov	r15, r1
     7ac:	ec 0e       	add	r14, r28
     7ae:	fd 1e       	adc	r15, r29
     7b0:	ce 01       	movw	r24, r28
     7b2:	01 96       	adiw	r24, 0x01	; 1
     7b4:	b7 01       	movw	r22, r14
     7b6:	0e 94 46 06 	call	0xc8c	; 0xc8c <__unpack_f>
     7ba:	8e 01       	movw	r16, r28
     7bc:	0f 5e       	subi	r16, 0xEF	; 239
     7be:	1f 4f       	sbci	r17, 0xFF	; 255
     7c0:	ce 01       	movw	r24, r28
     7c2:	05 96       	adiw	r24, 0x05	; 5
     7c4:	b8 01       	movw	r22, r16
     7c6:	0e 94 46 06 	call	0xc8c	; 0xc8c <__unpack_f>
     7ca:	89 85       	ldd	r24, Y+9	; 0x09
     7cc:	82 30       	cpi	r24, 0x02	; 2
     7ce:	40 f0       	brcs	.+16     	; 0x7e0 <__gtsf2+0x56>
     7d0:	89 89       	ldd	r24, Y+17	; 0x11
     7d2:	82 30       	cpi	r24, 0x02	; 2
     7d4:	28 f0       	brcs	.+10     	; 0x7e0 <__gtsf2+0x56>
     7d6:	c7 01       	movw	r24, r14
     7d8:	b8 01       	movw	r22, r16
     7da:	0e 94 be 06 	call	0xd7c	; 0xd7c <__fpcmp_parts_f>
     7de:	01 c0       	rjmp	.+2      	; 0x7e2 <__gtsf2+0x58>
     7e0:	8f ef       	ldi	r24, 0xFF	; 255
     7e2:	68 96       	adiw	r28, 0x18	; 24
     7e4:	e6 e0       	ldi	r30, 0x06	; 6
     7e6:	0c 94 58 19 	jmp	0x32b0	; 0x32b0 <__epilogue_restores__+0x18>

000007ea <__gesf2>:
     7ea:	a8 e1       	ldi	r26, 0x18	; 24
     7ec:	b0 e0       	ldi	r27, 0x00	; 0
     7ee:	eb ef       	ldi	r30, 0xFB	; 251
     7f0:	f3 e0       	ldi	r31, 0x03	; 3
     7f2:	0c 94 3c 19 	jmp	0x3278	; 0x3278 <__prologue_saves__+0x18>
     7f6:	69 83       	std	Y+1, r22	; 0x01
     7f8:	7a 83       	std	Y+2, r23	; 0x02
     7fa:	8b 83       	std	Y+3, r24	; 0x03
     7fc:	9c 83       	std	Y+4, r25	; 0x04
     7fe:	2d 83       	std	Y+5, r18	; 0x05
     800:	3e 83       	std	Y+6, r19	; 0x06
     802:	4f 83       	std	Y+7, r20	; 0x07
     804:	58 87       	std	Y+8, r21	; 0x08
     806:	89 e0       	ldi	r24, 0x09	; 9
     808:	e8 2e       	mov	r14, r24
     80a:	f1 2c       	mov	r15, r1
     80c:	ec 0e       	add	r14, r28
     80e:	fd 1e       	adc	r15, r29
     810:	ce 01       	movw	r24, r28
     812:	01 96       	adiw	r24, 0x01	; 1
     814:	b7 01       	movw	r22, r14
     816:	0e 94 46 06 	call	0xc8c	; 0xc8c <__unpack_f>
     81a:	8e 01       	movw	r16, r28
     81c:	0f 5e       	subi	r16, 0xEF	; 239
     81e:	1f 4f       	sbci	r17, 0xFF	; 255
     820:	ce 01       	movw	r24, r28
     822:	05 96       	adiw	r24, 0x05	; 5
     824:	b8 01       	movw	r22, r16
     826:	0e 94 46 06 	call	0xc8c	; 0xc8c <__unpack_f>
     82a:	89 85       	ldd	r24, Y+9	; 0x09
     82c:	82 30       	cpi	r24, 0x02	; 2
     82e:	40 f0       	brcs	.+16     	; 0x840 <__gesf2+0x56>
     830:	89 89       	ldd	r24, Y+17	; 0x11
     832:	82 30       	cpi	r24, 0x02	; 2
     834:	28 f0       	brcs	.+10     	; 0x840 <__gesf2+0x56>
     836:	c7 01       	movw	r24, r14
     838:	b8 01       	movw	r22, r16
     83a:	0e 94 be 06 	call	0xd7c	; 0xd7c <__fpcmp_parts_f>
     83e:	01 c0       	rjmp	.+2      	; 0x842 <__gesf2+0x58>
     840:	8f ef       	ldi	r24, 0xFF	; 255
     842:	68 96       	adiw	r28, 0x18	; 24
     844:	e6 e0       	ldi	r30, 0x06	; 6
     846:	0c 94 58 19 	jmp	0x32b0	; 0x32b0 <__epilogue_restores__+0x18>

0000084a <__ltsf2>:
     84a:	a8 e1       	ldi	r26, 0x18	; 24
     84c:	b0 e0       	ldi	r27, 0x00	; 0
     84e:	eb e2       	ldi	r30, 0x2B	; 43
     850:	f4 e0       	ldi	r31, 0x04	; 4
     852:	0c 94 3c 19 	jmp	0x3278	; 0x3278 <__prologue_saves__+0x18>
     856:	69 83       	std	Y+1, r22	; 0x01
     858:	7a 83       	std	Y+2, r23	; 0x02
     85a:	8b 83       	std	Y+3, r24	; 0x03
     85c:	9c 83       	std	Y+4, r25	; 0x04
     85e:	2d 83       	std	Y+5, r18	; 0x05
     860:	3e 83       	std	Y+6, r19	; 0x06
     862:	4f 83       	std	Y+7, r20	; 0x07
     864:	58 87       	std	Y+8, r21	; 0x08
     866:	89 e0       	ldi	r24, 0x09	; 9
     868:	e8 2e       	mov	r14, r24
     86a:	f1 2c       	mov	r15, r1
     86c:	ec 0e       	add	r14, r28
     86e:	fd 1e       	adc	r15, r29
     870:	ce 01       	movw	r24, r28
     872:	01 96       	adiw	r24, 0x01	; 1
     874:	b7 01       	movw	r22, r14
     876:	0e 94 46 06 	call	0xc8c	; 0xc8c <__unpack_f>
     87a:	8e 01       	movw	r16, r28
     87c:	0f 5e       	subi	r16, 0xEF	; 239
     87e:	1f 4f       	sbci	r17, 0xFF	; 255
     880:	ce 01       	movw	r24, r28
     882:	05 96       	adiw	r24, 0x05	; 5
     884:	b8 01       	movw	r22, r16
     886:	0e 94 46 06 	call	0xc8c	; 0xc8c <__unpack_f>
     88a:	89 85       	ldd	r24, Y+9	; 0x09
     88c:	82 30       	cpi	r24, 0x02	; 2
     88e:	40 f0       	brcs	.+16     	; 0x8a0 <__stack+0x41>
     890:	89 89       	ldd	r24, Y+17	; 0x11
     892:	82 30       	cpi	r24, 0x02	; 2
     894:	28 f0       	brcs	.+10     	; 0x8a0 <__stack+0x41>
     896:	c7 01       	movw	r24, r14
     898:	b8 01       	movw	r22, r16
     89a:	0e 94 be 06 	call	0xd7c	; 0xd7c <__fpcmp_parts_f>
     89e:	01 c0       	rjmp	.+2      	; 0x8a2 <__stack+0x43>
     8a0:	81 e0       	ldi	r24, 0x01	; 1
     8a2:	68 96       	adiw	r28, 0x18	; 24
     8a4:	e6 e0       	ldi	r30, 0x06	; 6
     8a6:	0c 94 58 19 	jmp	0x32b0	; 0x32b0 <__epilogue_restores__+0x18>

000008aa <__fixsfsi>:
     8aa:	ac e0       	ldi	r26, 0x0C	; 12
     8ac:	b0 e0       	ldi	r27, 0x00	; 0
     8ae:	eb e5       	ldi	r30, 0x5B	; 91
     8b0:	f4 e0       	ldi	r31, 0x04	; 4
     8b2:	0c 94 40 19 	jmp	0x3280	; 0x3280 <__prologue_saves__+0x20>
     8b6:	69 83       	std	Y+1, r22	; 0x01
     8b8:	7a 83       	std	Y+2, r23	; 0x02
     8ba:	8b 83       	std	Y+3, r24	; 0x03
     8bc:	9c 83       	std	Y+4, r25	; 0x04
     8be:	ce 01       	movw	r24, r28
     8c0:	01 96       	adiw	r24, 0x01	; 1
     8c2:	be 01       	movw	r22, r28
     8c4:	6b 5f       	subi	r22, 0xFB	; 251
     8c6:	7f 4f       	sbci	r23, 0xFF	; 255
     8c8:	0e 94 46 06 	call	0xc8c	; 0xc8c <__unpack_f>
     8cc:	8d 81       	ldd	r24, Y+5	; 0x05
     8ce:	82 30       	cpi	r24, 0x02	; 2
     8d0:	61 f1       	breq	.+88     	; 0x92a <__fixsfsi+0x80>
     8d2:	82 30       	cpi	r24, 0x02	; 2
     8d4:	50 f1       	brcs	.+84     	; 0x92a <__fixsfsi+0x80>
     8d6:	84 30       	cpi	r24, 0x04	; 4
     8d8:	21 f4       	brne	.+8      	; 0x8e2 <__fixsfsi+0x38>
     8da:	8e 81       	ldd	r24, Y+6	; 0x06
     8dc:	88 23       	and	r24, r24
     8de:	51 f1       	breq	.+84     	; 0x934 <__fixsfsi+0x8a>
     8e0:	2e c0       	rjmp	.+92     	; 0x93e <__fixsfsi+0x94>
     8e2:	2f 81       	ldd	r18, Y+7	; 0x07
     8e4:	38 85       	ldd	r19, Y+8	; 0x08
     8e6:	37 fd       	sbrc	r19, 7
     8e8:	20 c0       	rjmp	.+64     	; 0x92a <__fixsfsi+0x80>
     8ea:	6e 81       	ldd	r22, Y+6	; 0x06
     8ec:	2f 31       	cpi	r18, 0x1F	; 31
     8ee:	31 05       	cpc	r19, r1
     8f0:	1c f0       	brlt	.+6      	; 0x8f8 <__fixsfsi+0x4e>
     8f2:	66 23       	and	r22, r22
     8f4:	f9 f0       	breq	.+62     	; 0x934 <__fixsfsi+0x8a>
     8f6:	23 c0       	rjmp	.+70     	; 0x93e <__fixsfsi+0x94>
     8f8:	8e e1       	ldi	r24, 0x1E	; 30
     8fa:	90 e0       	ldi	r25, 0x00	; 0
     8fc:	82 1b       	sub	r24, r18
     8fe:	93 0b       	sbc	r25, r19
     900:	29 85       	ldd	r18, Y+9	; 0x09
     902:	3a 85       	ldd	r19, Y+10	; 0x0a
     904:	4b 85       	ldd	r20, Y+11	; 0x0b
     906:	5c 85       	ldd	r21, Y+12	; 0x0c
     908:	04 c0       	rjmp	.+8      	; 0x912 <__fixsfsi+0x68>
     90a:	56 95       	lsr	r21
     90c:	47 95       	ror	r20
     90e:	37 95       	ror	r19
     910:	27 95       	ror	r18
     912:	8a 95       	dec	r24
     914:	d2 f7       	brpl	.-12     	; 0x90a <__fixsfsi+0x60>
     916:	66 23       	and	r22, r22
     918:	b1 f0       	breq	.+44     	; 0x946 <__fixsfsi+0x9c>
     91a:	50 95       	com	r21
     91c:	40 95       	com	r20
     91e:	30 95       	com	r19
     920:	21 95       	neg	r18
     922:	3f 4f       	sbci	r19, 0xFF	; 255
     924:	4f 4f       	sbci	r20, 0xFF	; 255
     926:	5f 4f       	sbci	r21, 0xFF	; 255
     928:	0e c0       	rjmp	.+28     	; 0x946 <__fixsfsi+0x9c>
     92a:	20 e0       	ldi	r18, 0x00	; 0
     92c:	30 e0       	ldi	r19, 0x00	; 0
     92e:	40 e0       	ldi	r20, 0x00	; 0
     930:	50 e0       	ldi	r21, 0x00	; 0
     932:	09 c0       	rjmp	.+18     	; 0x946 <__fixsfsi+0x9c>
     934:	2f ef       	ldi	r18, 0xFF	; 255
     936:	3f ef       	ldi	r19, 0xFF	; 255
     938:	4f ef       	ldi	r20, 0xFF	; 255
     93a:	5f e7       	ldi	r21, 0x7F	; 127
     93c:	04 c0       	rjmp	.+8      	; 0x946 <__fixsfsi+0x9c>
     93e:	20 e0       	ldi	r18, 0x00	; 0
     940:	30 e0       	ldi	r19, 0x00	; 0
     942:	40 e0       	ldi	r20, 0x00	; 0
     944:	50 e8       	ldi	r21, 0x80	; 128
     946:	b9 01       	movw	r22, r18
     948:	ca 01       	movw	r24, r20
     94a:	2c 96       	adiw	r28, 0x0c	; 12
     94c:	e2 e0       	ldi	r30, 0x02	; 2
     94e:	0c 94 5c 19 	jmp	0x32b8	; 0x32b8 <__epilogue_restores__+0x20>

00000952 <__floatunsisf>:
     952:	a8 e0       	ldi	r26, 0x08	; 8
     954:	b0 e0       	ldi	r27, 0x00	; 0
     956:	ef ea       	ldi	r30, 0xAF	; 175
     958:	f4 e0       	ldi	r31, 0x04	; 4
     95a:	0c 94 38 19 	jmp	0x3270	; 0x3270 <__prologue_saves__+0x10>
     95e:	7b 01       	movw	r14, r22
     960:	8c 01       	movw	r16, r24
     962:	61 15       	cp	r22, r1
     964:	71 05       	cpc	r23, r1
     966:	81 05       	cpc	r24, r1
     968:	91 05       	cpc	r25, r1
     96a:	19 f4       	brne	.+6      	; 0x972 <__floatunsisf+0x20>
     96c:	82 e0       	ldi	r24, 0x02	; 2
     96e:	89 83       	std	Y+1, r24	; 0x01
     970:	60 c0       	rjmp	.+192    	; 0xa32 <__floatunsisf+0xe0>
     972:	83 e0       	ldi	r24, 0x03	; 3
     974:	89 83       	std	Y+1, r24	; 0x01
     976:	8e e1       	ldi	r24, 0x1E	; 30
     978:	c8 2e       	mov	r12, r24
     97a:	d1 2c       	mov	r13, r1
     97c:	dc 82       	std	Y+4, r13	; 0x04
     97e:	cb 82       	std	Y+3, r12	; 0x03
     980:	ed 82       	std	Y+5, r14	; 0x05
     982:	fe 82       	std	Y+6, r15	; 0x06
     984:	0f 83       	std	Y+7, r16	; 0x07
     986:	18 87       	std	Y+8, r17	; 0x08
     988:	c8 01       	movw	r24, r16
     98a:	b7 01       	movw	r22, r14
     98c:	0e 94 22 05 	call	0xa44	; 0xa44 <__clzsi2>
     990:	fc 01       	movw	r30, r24
     992:	31 97       	sbiw	r30, 0x01	; 1
     994:	f7 ff       	sbrs	r31, 7
     996:	3b c0       	rjmp	.+118    	; 0xa0e <__floatunsisf+0xbc>
     998:	22 27       	eor	r18, r18
     99a:	33 27       	eor	r19, r19
     99c:	2e 1b       	sub	r18, r30
     99e:	3f 0b       	sbc	r19, r31
     9a0:	57 01       	movw	r10, r14
     9a2:	68 01       	movw	r12, r16
     9a4:	02 2e       	mov	r0, r18
     9a6:	04 c0       	rjmp	.+8      	; 0x9b0 <__floatunsisf+0x5e>
     9a8:	d6 94       	lsr	r13
     9aa:	c7 94       	ror	r12
     9ac:	b7 94       	ror	r11
     9ae:	a7 94       	ror	r10
     9b0:	0a 94       	dec	r0
     9b2:	d2 f7       	brpl	.-12     	; 0x9a8 <__floatunsisf+0x56>
     9b4:	40 e0       	ldi	r20, 0x00	; 0
     9b6:	50 e0       	ldi	r21, 0x00	; 0
     9b8:	60 e0       	ldi	r22, 0x00	; 0
     9ba:	70 e0       	ldi	r23, 0x00	; 0
     9bc:	81 e0       	ldi	r24, 0x01	; 1
     9be:	90 e0       	ldi	r25, 0x00	; 0
     9c0:	a0 e0       	ldi	r26, 0x00	; 0
     9c2:	b0 e0       	ldi	r27, 0x00	; 0
     9c4:	04 c0       	rjmp	.+8      	; 0x9ce <__floatunsisf+0x7c>
     9c6:	88 0f       	add	r24, r24
     9c8:	99 1f       	adc	r25, r25
     9ca:	aa 1f       	adc	r26, r26
     9cc:	bb 1f       	adc	r27, r27
     9ce:	2a 95       	dec	r18
     9d0:	d2 f7       	brpl	.-12     	; 0x9c6 <__floatunsisf+0x74>
     9d2:	01 97       	sbiw	r24, 0x01	; 1
     9d4:	a1 09       	sbc	r26, r1
     9d6:	b1 09       	sbc	r27, r1
     9d8:	8e 21       	and	r24, r14
     9da:	9f 21       	and	r25, r15
     9dc:	a0 23       	and	r26, r16
     9de:	b1 23       	and	r27, r17
     9e0:	00 97       	sbiw	r24, 0x00	; 0
     9e2:	a1 05       	cpc	r26, r1
     9e4:	b1 05       	cpc	r27, r1
     9e6:	21 f0       	breq	.+8      	; 0x9f0 <__floatunsisf+0x9e>
     9e8:	41 e0       	ldi	r20, 0x01	; 1
     9ea:	50 e0       	ldi	r21, 0x00	; 0
     9ec:	60 e0       	ldi	r22, 0x00	; 0
     9ee:	70 e0       	ldi	r23, 0x00	; 0
     9f0:	4a 29       	or	r20, r10
     9f2:	5b 29       	or	r21, r11
     9f4:	6c 29       	or	r22, r12
     9f6:	7d 29       	or	r23, r13
     9f8:	4d 83       	std	Y+5, r20	; 0x05
     9fa:	5e 83       	std	Y+6, r21	; 0x06
     9fc:	6f 83       	std	Y+7, r22	; 0x07
     9fe:	78 87       	std	Y+8, r23	; 0x08
     a00:	8e e1       	ldi	r24, 0x1E	; 30
     a02:	90 e0       	ldi	r25, 0x00	; 0
     a04:	8e 1b       	sub	r24, r30
     a06:	9f 0b       	sbc	r25, r31
     a08:	9c 83       	std	Y+4, r25	; 0x04
     a0a:	8b 83       	std	Y+3, r24	; 0x03
     a0c:	12 c0       	rjmp	.+36     	; 0xa32 <__floatunsisf+0xe0>
     a0e:	30 97       	sbiw	r30, 0x00	; 0
     a10:	81 f0       	breq	.+32     	; 0xa32 <__floatunsisf+0xe0>
     a12:	0e 2e       	mov	r0, r30
     a14:	04 c0       	rjmp	.+8      	; 0xa1e <__floatunsisf+0xcc>
     a16:	ee 0c       	add	r14, r14
     a18:	ff 1c       	adc	r15, r15
     a1a:	00 1f       	adc	r16, r16
     a1c:	11 1f       	adc	r17, r17
     a1e:	0a 94       	dec	r0
     a20:	d2 f7       	brpl	.-12     	; 0xa16 <__floatunsisf+0xc4>
     a22:	ed 82       	std	Y+5, r14	; 0x05
     a24:	fe 82       	std	Y+6, r15	; 0x06
     a26:	0f 83       	std	Y+7, r16	; 0x07
     a28:	18 87       	std	Y+8, r17	; 0x08
     a2a:	ce 1a       	sub	r12, r30
     a2c:	df 0a       	sbc	r13, r31
     a2e:	dc 82       	std	Y+4, r13	; 0x04
     a30:	cb 82       	std	Y+3, r12	; 0x03
     a32:	1a 82       	std	Y+2, r1	; 0x02
     a34:	ce 01       	movw	r24, r28
     a36:	01 96       	adiw	r24, 0x01	; 1
     a38:	0e 94 71 05 	call	0xae2	; 0xae2 <__pack_f>
     a3c:	28 96       	adiw	r28, 0x08	; 8
     a3e:	ea e0       	ldi	r30, 0x0A	; 10
     a40:	0c 94 54 19 	jmp	0x32a8	; 0x32a8 <__epilogue_restores__+0x10>

00000a44 <__clzsi2>:
     a44:	ef 92       	push	r14
     a46:	ff 92       	push	r15
     a48:	0f 93       	push	r16
     a4a:	1f 93       	push	r17
     a4c:	7b 01       	movw	r14, r22
     a4e:	8c 01       	movw	r16, r24
     a50:	80 e0       	ldi	r24, 0x00	; 0
     a52:	e8 16       	cp	r14, r24
     a54:	80 e0       	ldi	r24, 0x00	; 0
     a56:	f8 06       	cpc	r15, r24
     a58:	81 e0       	ldi	r24, 0x01	; 1
     a5a:	08 07       	cpc	r16, r24
     a5c:	80 e0       	ldi	r24, 0x00	; 0
     a5e:	18 07       	cpc	r17, r24
     a60:	88 f4       	brcc	.+34     	; 0xa84 <__clzsi2+0x40>
     a62:	8f ef       	ldi	r24, 0xFF	; 255
     a64:	e8 16       	cp	r14, r24
     a66:	f1 04       	cpc	r15, r1
     a68:	01 05       	cpc	r16, r1
     a6a:	11 05       	cpc	r17, r1
     a6c:	31 f0       	breq	.+12     	; 0xa7a <__clzsi2+0x36>
     a6e:	28 f0       	brcs	.+10     	; 0xa7a <__clzsi2+0x36>
     a70:	88 e0       	ldi	r24, 0x08	; 8
     a72:	90 e0       	ldi	r25, 0x00	; 0
     a74:	a0 e0       	ldi	r26, 0x00	; 0
     a76:	b0 e0       	ldi	r27, 0x00	; 0
     a78:	17 c0       	rjmp	.+46     	; 0xaa8 <__clzsi2+0x64>
     a7a:	80 e0       	ldi	r24, 0x00	; 0
     a7c:	90 e0       	ldi	r25, 0x00	; 0
     a7e:	a0 e0       	ldi	r26, 0x00	; 0
     a80:	b0 e0       	ldi	r27, 0x00	; 0
     a82:	12 c0       	rjmp	.+36     	; 0xaa8 <__clzsi2+0x64>
     a84:	80 e0       	ldi	r24, 0x00	; 0
     a86:	e8 16       	cp	r14, r24
     a88:	80 e0       	ldi	r24, 0x00	; 0
     a8a:	f8 06       	cpc	r15, r24
     a8c:	80 e0       	ldi	r24, 0x00	; 0
     a8e:	08 07       	cpc	r16, r24
     a90:	81 e0       	ldi	r24, 0x01	; 1
     a92:	18 07       	cpc	r17, r24
     a94:	28 f0       	brcs	.+10     	; 0xaa0 <__clzsi2+0x5c>
     a96:	88 e1       	ldi	r24, 0x18	; 24
     a98:	90 e0       	ldi	r25, 0x00	; 0
     a9a:	a0 e0       	ldi	r26, 0x00	; 0
     a9c:	b0 e0       	ldi	r27, 0x00	; 0
     a9e:	04 c0       	rjmp	.+8      	; 0xaa8 <__clzsi2+0x64>
     aa0:	80 e1       	ldi	r24, 0x10	; 16
     aa2:	90 e0       	ldi	r25, 0x00	; 0
     aa4:	a0 e0       	ldi	r26, 0x00	; 0
     aa6:	b0 e0       	ldi	r27, 0x00	; 0
     aa8:	20 e2       	ldi	r18, 0x20	; 32
     aaa:	30 e0       	ldi	r19, 0x00	; 0
     aac:	40 e0       	ldi	r20, 0x00	; 0
     aae:	50 e0       	ldi	r21, 0x00	; 0
     ab0:	28 1b       	sub	r18, r24
     ab2:	39 0b       	sbc	r19, r25
     ab4:	4a 0b       	sbc	r20, r26
     ab6:	5b 0b       	sbc	r21, r27
     ab8:	04 c0       	rjmp	.+8      	; 0xac2 <__clzsi2+0x7e>
     aba:	16 95       	lsr	r17
     abc:	07 95       	ror	r16
     abe:	f7 94       	ror	r15
     ac0:	e7 94       	ror	r14
     ac2:	8a 95       	dec	r24
     ac4:	d2 f7       	brpl	.-12     	; 0xaba <__clzsi2+0x76>
     ac6:	f7 01       	movw	r30, r14
     ac8:	e4 58       	subi	r30, 0x84	; 132
     aca:	ff 4f       	sbci	r31, 0xFF	; 255
     acc:	80 81       	ld	r24, Z
     ace:	28 1b       	sub	r18, r24
     ad0:	31 09       	sbc	r19, r1
     ad2:	41 09       	sbc	r20, r1
     ad4:	51 09       	sbc	r21, r1
     ad6:	c9 01       	movw	r24, r18
     ad8:	1f 91       	pop	r17
     ada:	0f 91       	pop	r16
     adc:	ff 90       	pop	r15
     ade:	ef 90       	pop	r14
     ae0:	08 95       	ret

00000ae2 <__pack_f>:
     ae2:	df 92       	push	r13
     ae4:	ef 92       	push	r14
     ae6:	ff 92       	push	r15
     ae8:	0f 93       	push	r16
     aea:	1f 93       	push	r17
     aec:	fc 01       	movw	r30, r24
     aee:	e4 80       	ldd	r14, Z+4	; 0x04
     af0:	f5 80       	ldd	r15, Z+5	; 0x05
     af2:	06 81       	ldd	r16, Z+6	; 0x06
     af4:	17 81       	ldd	r17, Z+7	; 0x07
     af6:	d1 80       	ldd	r13, Z+1	; 0x01
     af8:	80 81       	ld	r24, Z
     afa:	82 30       	cpi	r24, 0x02	; 2
     afc:	48 f4       	brcc	.+18     	; 0xb10 <__pack_f+0x2e>
     afe:	80 e0       	ldi	r24, 0x00	; 0
     b00:	90 e0       	ldi	r25, 0x00	; 0
     b02:	a0 e1       	ldi	r26, 0x10	; 16
     b04:	b0 e0       	ldi	r27, 0x00	; 0
     b06:	e8 2a       	or	r14, r24
     b08:	f9 2a       	or	r15, r25
     b0a:	0a 2b       	or	r16, r26
     b0c:	1b 2b       	or	r17, r27
     b0e:	a5 c0       	rjmp	.+330    	; 0xc5a <__pack_f+0x178>
     b10:	84 30       	cpi	r24, 0x04	; 4
     b12:	09 f4       	brne	.+2      	; 0xb16 <__pack_f+0x34>
     b14:	9f c0       	rjmp	.+318    	; 0xc54 <__pack_f+0x172>
     b16:	82 30       	cpi	r24, 0x02	; 2
     b18:	21 f4       	brne	.+8      	; 0xb22 <__pack_f+0x40>
     b1a:	ee 24       	eor	r14, r14
     b1c:	ff 24       	eor	r15, r15
     b1e:	87 01       	movw	r16, r14
     b20:	05 c0       	rjmp	.+10     	; 0xb2c <__pack_f+0x4a>
     b22:	e1 14       	cp	r14, r1
     b24:	f1 04       	cpc	r15, r1
     b26:	01 05       	cpc	r16, r1
     b28:	11 05       	cpc	r17, r1
     b2a:	19 f4       	brne	.+6      	; 0xb32 <__pack_f+0x50>
     b2c:	e0 e0       	ldi	r30, 0x00	; 0
     b2e:	f0 e0       	ldi	r31, 0x00	; 0
     b30:	96 c0       	rjmp	.+300    	; 0xc5e <__pack_f+0x17c>
     b32:	62 81       	ldd	r22, Z+2	; 0x02
     b34:	73 81       	ldd	r23, Z+3	; 0x03
     b36:	9f ef       	ldi	r25, 0xFF	; 255
     b38:	62 38       	cpi	r22, 0x82	; 130
     b3a:	79 07       	cpc	r23, r25
     b3c:	0c f0       	brlt	.+2      	; 0xb40 <__pack_f+0x5e>
     b3e:	5b c0       	rjmp	.+182    	; 0xbf6 <__pack_f+0x114>
     b40:	22 e8       	ldi	r18, 0x82	; 130
     b42:	3f ef       	ldi	r19, 0xFF	; 255
     b44:	26 1b       	sub	r18, r22
     b46:	37 0b       	sbc	r19, r23
     b48:	2a 31       	cpi	r18, 0x1A	; 26
     b4a:	31 05       	cpc	r19, r1
     b4c:	2c f0       	brlt	.+10     	; 0xb58 <__pack_f+0x76>
     b4e:	20 e0       	ldi	r18, 0x00	; 0
     b50:	30 e0       	ldi	r19, 0x00	; 0
     b52:	40 e0       	ldi	r20, 0x00	; 0
     b54:	50 e0       	ldi	r21, 0x00	; 0
     b56:	2a c0       	rjmp	.+84     	; 0xbac <__pack_f+0xca>
     b58:	b8 01       	movw	r22, r16
     b5a:	a7 01       	movw	r20, r14
     b5c:	02 2e       	mov	r0, r18
     b5e:	04 c0       	rjmp	.+8      	; 0xb68 <__pack_f+0x86>
     b60:	76 95       	lsr	r23
     b62:	67 95       	ror	r22
     b64:	57 95       	ror	r21
     b66:	47 95       	ror	r20
     b68:	0a 94       	dec	r0
     b6a:	d2 f7       	brpl	.-12     	; 0xb60 <__pack_f+0x7e>
     b6c:	81 e0       	ldi	r24, 0x01	; 1
     b6e:	90 e0       	ldi	r25, 0x00	; 0
     b70:	a0 e0       	ldi	r26, 0x00	; 0
     b72:	b0 e0       	ldi	r27, 0x00	; 0
     b74:	04 c0       	rjmp	.+8      	; 0xb7e <__pack_f+0x9c>
     b76:	88 0f       	add	r24, r24
     b78:	99 1f       	adc	r25, r25
     b7a:	aa 1f       	adc	r26, r26
     b7c:	bb 1f       	adc	r27, r27
     b7e:	2a 95       	dec	r18
     b80:	d2 f7       	brpl	.-12     	; 0xb76 <__pack_f+0x94>
     b82:	01 97       	sbiw	r24, 0x01	; 1
     b84:	a1 09       	sbc	r26, r1
     b86:	b1 09       	sbc	r27, r1
     b88:	8e 21       	and	r24, r14
     b8a:	9f 21       	and	r25, r15
     b8c:	a0 23       	and	r26, r16
     b8e:	b1 23       	and	r27, r17
     b90:	00 97       	sbiw	r24, 0x00	; 0
     b92:	a1 05       	cpc	r26, r1
     b94:	b1 05       	cpc	r27, r1
     b96:	21 f0       	breq	.+8      	; 0xba0 <__pack_f+0xbe>
     b98:	81 e0       	ldi	r24, 0x01	; 1
     b9a:	90 e0       	ldi	r25, 0x00	; 0
     b9c:	a0 e0       	ldi	r26, 0x00	; 0
     b9e:	b0 e0       	ldi	r27, 0x00	; 0
     ba0:	9a 01       	movw	r18, r20
     ba2:	ab 01       	movw	r20, r22
     ba4:	28 2b       	or	r18, r24
     ba6:	39 2b       	or	r19, r25
     ba8:	4a 2b       	or	r20, r26
     baa:	5b 2b       	or	r21, r27
     bac:	da 01       	movw	r26, r20
     bae:	c9 01       	movw	r24, r18
     bb0:	8f 77       	andi	r24, 0x7F	; 127
     bb2:	90 70       	andi	r25, 0x00	; 0
     bb4:	a0 70       	andi	r26, 0x00	; 0
     bb6:	b0 70       	andi	r27, 0x00	; 0
     bb8:	80 34       	cpi	r24, 0x40	; 64
     bba:	91 05       	cpc	r25, r1
     bbc:	a1 05       	cpc	r26, r1
     bbe:	b1 05       	cpc	r27, r1
     bc0:	39 f4       	brne	.+14     	; 0xbd0 <__pack_f+0xee>
     bc2:	27 ff       	sbrs	r18, 7
     bc4:	09 c0       	rjmp	.+18     	; 0xbd8 <__pack_f+0xf6>
     bc6:	20 5c       	subi	r18, 0xC0	; 192
     bc8:	3f 4f       	sbci	r19, 0xFF	; 255
     bca:	4f 4f       	sbci	r20, 0xFF	; 255
     bcc:	5f 4f       	sbci	r21, 0xFF	; 255
     bce:	04 c0       	rjmp	.+8      	; 0xbd8 <__pack_f+0xf6>
     bd0:	21 5c       	subi	r18, 0xC1	; 193
     bd2:	3f 4f       	sbci	r19, 0xFF	; 255
     bd4:	4f 4f       	sbci	r20, 0xFF	; 255
     bd6:	5f 4f       	sbci	r21, 0xFF	; 255
     bd8:	e0 e0       	ldi	r30, 0x00	; 0
     bda:	f0 e0       	ldi	r31, 0x00	; 0
     bdc:	20 30       	cpi	r18, 0x00	; 0
     bde:	a0 e0       	ldi	r26, 0x00	; 0
     be0:	3a 07       	cpc	r19, r26
     be2:	a0 e0       	ldi	r26, 0x00	; 0
     be4:	4a 07       	cpc	r20, r26
     be6:	a0 e4       	ldi	r26, 0x40	; 64
     be8:	5a 07       	cpc	r21, r26
     bea:	10 f0       	brcs	.+4      	; 0xbf0 <__pack_f+0x10e>
     bec:	e1 e0       	ldi	r30, 0x01	; 1
     bee:	f0 e0       	ldi	r31, 0x00	; 0
     bf0:	79 01       	movw	r14, r18
     bf2:	8a 01       	movw	r16, r20
     bf4:	27 c0       	rjmp	.+78     	; 0xc44 <__pack_f+0x162>
     bf6:	60 38       	cpi	r22, 0x80	; 128
     bf8:	71 05       	cpc	r23, r1
     bfa:	64 f5       	brge	.+88     	; 0xc54 <__pack_f+0x172>
     bfc:	fb 01       	movw	r30, r22
     bfe:	e1 58       	subi	r30, 0x81	; 129
     c00:	ff 4f       	sbci	r31, 0xFF	; 255
     c02:	d8 01       	movw	r26, r16
     c04:	c7 01       	movw	r24, r14
     c06:	8f 77       	andi	r24, 0x7F	; 127
     c08:	90 70       	andi	r25, 0x00	; 0
     c0a:	a0 70       	andi	r26, 0x00	; 0
     c0c:	b0 70       	andi	r27, 0x00	; 0
     c0e:	80 34       	cpi	r24, 0x40	; 64
     c10:	91 05       	cpc	r25, r1
     c12:	a1 05       	cpc	r26, r1
     c14:	b1 05       	cpc	r27, r1
     c16:	39 f4       	brne	.+14     	; 0xc26 <__pack_f+0x144>
     c18:	e7 fe       	sbrs	r14, 7
     c1a:	0d c0       	rjmp	.+26     	; 0xc36 <__pack_f+0x154>
     c1c:	80 e4       	ldi	r24, 0x40	; 64
     c1e:	90 e0       	ldi	r25, 0x00	; 0
     c20:	a0 e0       	ldi	r26, 0x00	; 0
     c22:	b0 e0       	ldi	r27, 0x00	; 0
     c24:	04 c0       	rjmp	.+8      	; 0xc2e <__pack_f+0x14c>
     c26:	8f e3       	ldi	r24, 0x3F	; 63
     c28:	90 e0       	ldi	r25, 0x00	; 0
     c2a:	a0 e0       	ldi	r26, 0x00	; 0
     c2c:	b0 e0       	ldi	r27, 0x00	; 0
     c2e:	e8 0e       	add	r14, r24
     c30:	f9 1e       	adc	r15, r25
     c32:	0a 1f       	adc	r16, r26
     c34:	1b 1f       	adc	r17, r27
     c36:	17 ff       	sbrs	r17, 7
     c38:	05 c0       	rjmp	.+10     	; 0xc44 <__pack_f+0x162>
     c3a:	16 95       	lsr	r17
     c3c:	07 95       	ror	r16
     c3e:	f7 94       	ror	r15
     c40:	e7 94       	ror	r14
     c42:	31 96       	adiw	r30, 0x01	; 1
     c44:	87 e0       	ldi	r24, 0x07	; 7
     c46:	16 95       	lsr	r17
     c48:	07 95       	ror	r16
     c4a:	f7 94       	ror	r15
     c4c:	e7 94       	ror	r14
     c4e:	8a 95       	dec	r24
     c50:	d1 f7       	brne	.-12     	; 0xc46 <__pack_f+0x164>
     c52:	05 c0       	rjmp	.+10     	; 0xc5e <__pack_f+0x17c>
     c54:	ee 24       	eor	r14, r14
     c56:	ff 24       	eor	r15, r15
     c58:	87 01       	movw	r16, r14
     c5a:	ef ef       	ldi	r30, 0xFF	; 255
     c5c:	f0 e0       	ldi	r31, 0x00	; 0
     c5e:	6e 2f       	mov	r22, r30
     c60:	67 95       	ror	r22
     c62:	66 27       	eor	r22, r22
     c64:	67 95       	ror	r22
     c66:	90 2f       	mov	r25, r16
     c68:	9f 77       	andi	r25, 0x7F	; 127
     c6a:	d7 94       	ror	r13
     c6c:	dd 24       	eor	r13, r13
     c6e:	d7 94       	ror	r13
     c70:	8e 2f       	mov	r24, r30
     c72:	86 95       	lsr	r24
     c74:	49 2f       	mov	r20, r25
     c76:	46 2b       	or	r20, r22
     c78:	58 2f       	mov	r21, r24
     c7a:	5d 29       	or	r21, r13
     c7c:	b7 01       	movw	r22, r14
     c7e:	ca 01       	movw	r24, r20
     c80:	1f 91       	pop	r17
     c82:	0f 91       	pop	r16
     c84:	ff 90       	pop	r15
     c86:	ef 90       	pop	r14
     c88:	df 90       	pop	r13
     c8a:	08 95       	ret

00000c8c <__unpack_f>:
     c8c:	fc 01       	movw	r30, r24
     c8e:	db 01       	movw	r26, r22
     c90:	40 81       	ld	r20, Z
     c92:	51 81       	ldd	r21, Z+1	; 0x01
     c94:	22 81       	ldd	r18, Z+2	; 0x02
     c96:	62 2f       	mov	r22, r18
     c98:	6f 77       	andi	r22, 0x7F	; 127
     c9a:	70 e0       	ldi	r23, 0x00	; 0
     c9c:	22 1f       	adc	r18, r18
     c9e:	22 27       	eor	r18, r18
     ca0:	22 1f       	adc	r18, r18
     ca2:	93 81       	ldd	r25, Z+3	; 0x03
     ca4:	89 2f       	mov	r24, r25
     ca6:	88 0f       	add	r24, r24
     ca8:	82 2b       	or	r24, r18
     caa:	28 2f       	mov	r18, r24
     cac:	30 e0       	ldi	r19, 0x00	; 0
     cae:	99 1f       	adc	r25, r25
     cb0:	99 27       	eor	r25, r25
     cb2:	99 1f       	adc	r25, r25
     cb4:	11 96       	adiw	r26, 0x01	; 1
     cb6:	9c 93       	st	X, r25
     cb8:	11 97       	sbiw	r26, 0x01	; 1
     cba:	21 15       	cp	r18, r1
     cbc:	31 05       	cpc	r19, r1
     cbe:	a9 f5       	brne	.+106    	; 0xd2a <__unpack_f+0x9e>
     cc0:	41 15       	cp	r20, r1
     cc2:	51 05       	cpc	r21, r1
     cc4:	61 05       	cpc	r22, r1
     cc6:	71 05       	cpc	r23, r1
     cc8:	11 f4       	brne	.+4      	; 0xcce <__unpack_f+0x42>
     cca:	82 e0       	ldi	r24, 0x02	; 2
     ccc:	37 c0       	rjmp	.+110    	; 0xd3c <__unpack_f+0xb0>
     cce:	82 e8       	ldi	r24, 0x82	; 130
     cd0:	9f ef       	ldi	r25, 0xFF	; 255
     cd2:	13 96       	adiw	r26, 0x03	; 3
     cd4:	9c 93       	st	X, r25
     cd6:	8e 93       	st	-X, r24
     cd8:	12 97       	sbiw	r26, 0x02	; 2
     cda:	9a 01       	movw	r18, r20
     cdc:	ab 01       	movw	r20, r22
     cde:	67 e0       	ldi	r22, 0x07	; 7
     ce0:	22 0f       	add	r18, r18
     ce2:	33 1f       	adc	r19, r19
     ce4:	44 1f       	adc	r20, r20
     ce6:	55 1f       	adc	r21, r21
     ce8:	6a 95       	dec	r22
     cea:	d1 f7       	brne	.-12     	; 0xce0 <__unpack_f+0x54>
     cec:	83 e0       	ldi	r24, 0x03	; 3
     cee:	8c 93       	st	X, r24
     cf0:	0d c0       	rjmp	.+26     	; 0xd0c <__unpack_f+0x80>
     cf2:	22 0f       	add	r18, r18
     cf4:	33 1f       	adc	r19, r19
     cf6:	44 1f       	adc	r20, r20
     cf8:	55 1f       	adc	r21, r21
     cfa:	12 96       	adiw	r26, 0x02	; 2
     cfc:	8d 91       	ld	r24, X+
     cfe:	9c 91       	ld	r25, X
     d00:	13 97       	sbiw	r26, 0x03	; 3
     d02:	01 97       	sbiw	r24, 0x01	; 1
     d04:	13 96       	adiw	r26, 0x03	; 3
     d06:	9c 93       	st	X, r25
     d08:	8e 93       	st	-X, r24
     d0a:	12 97       	sbiw	r26, 0x02	; 2
     d0c:	20 30       	cpi	r18, 0x00	; 0
     d0e:	80 e0       	ldi	r24, 0x00	; 0
     d10:	38 07       	cpc	r19, r24
     d12:	80 e0       	ldi	r24, 0x00	; 0
     d14:	48 07       	cpc	r20, r24
     d16:	80 e4       	ldi	r24, 0x40	; 64
     d18:	58 07       	cpc	r21, r24
     d1a:	58 f3       	brcs	.-42     	; 0xcf2 <__unpack_f+0x66>
     d1c:	14 96       	adiw	r26, 0x04	; 4
     d1e:	2d 93       	st	X+, r18
     d20:	3d 93       	st	X+, r19
     d22:	4d 93       	st	X+, r20
     d24:	5c 93       	st	X, r21
     d26:	17 97       	sbiw	r26, 0x07	; 7
     d28:	08 95       	ret
     d2a:	2f 3f       	cpi	r18, 0xFF	; 255
     d2c:	31 05       	cpc	r19, r1
     d2e:	79 f4       	brne	.+30     	; 0xd4e <__unpack_f+0xc2>
     d30:	41 15       	cp	r20, r1
     d32:	51 05       	cpc	r21, r1
     d34:	61 05       	cpc	r22, r1
     d36:	71 05       	cpc	r23, r1
     d38:	19 f4       	brne	.+6      	; 0xd40 <__unpack_f+0xb4>
     d3a:	84 e0       	ldi	r24, 0x04	; 4
     d3c:	8c 93       	st	X, r24
     d3e:	08 95       	ret
     d40:	64 ff       	sbrs	r22, 4
     d42:	03 c0       	rjmp	.+6      	; 0xd4a <__unpack_f+0xbe>
     d44:	81 e0       	ldi	r24, 0x01	; 1
     d46:	8c 93       	st	X, r24
     d48:	12 c0       	rjmp	.+36     	; 0xd6e <__unpack_f+0xe2>
     d4a:	1c 92       	st	X, r1
     d4c:	10 c0       	rjmp	.+32     	; 0xd6e <__unpack_f+0xe2>
     d4e:	2f 57       	subi	r18, 0x7F	; 127
     d50:	30 40       	sbci	r19, 0x00	; 0
     d52:	13 96       	adiw	r26, 0x03	; 3
     d54:	3c 93       	st	X, r19
     d56:	2e 93       	st	-X, r18
     d58:	12 97       	sbiw	r26, 0x02	; 2
     d5a:	83 e0       	ldi	r24, 0x03	; 3
     d5c:	8c 93       	st	X, r24
     d5e:	87 e0       	ldi	r24, 0x07	; 7
     d60:	44 0f       	add	r20, r20
     d62:	55 1f       	adc	r21, r21
     d64:	66 1f       	adc	r22, r22
     d66:	77 1f       	adc	r23, r23
     d68:	8a 95       	dec	r24
     d6a:	d1 f7       	brne	.-12     	; 0xd60 <__unpack_f+0xd4>
     d6c:	70 64       	ori	r23, 0x40	; 64
     d6e:	14 96       	adiw	r26, 0x04	; 4
     d70:	4d 93       	st	X+, r20
     d72:	5d 93       	st	X+, r21
     d74:	6d 93       	st	X+, r22
     d76:	7c 93       	st	X, r23
     d78:	17 97       	sbiw	r26, 0x07	; 7
     d7a:	08 95       	ret

00000d7c <__fpcmp_parts_f>:
     d7c:	1f 93       	push	r17
     d7e:	dc 01       	movw	r26, r24
     d80:	fb 01       	movw	r30, r22
     d82:	9c 91       	ld	r25, X
     d84:	92 30       	cpi	r25, 0x02	; 2
     d86:	08 f4       	brcc	.+2      	; 0xd8a <__fpcmp_parts_f+0xe>
     d88:	47 c0       	rjmp	.+142    	; 0xe18 <__fpcmp_parts_f+0x9c>
     d8a:	80 81       	ld	r24, Z
     d8c:	82 30       	cpi	r24, 0x02	; 2
     d8e:	08 f4       	brcc	.+2      	; 0xd92 <__fpcmp_parts_f+0x16>
     d90:	43 c0       	rjmp	.+134    	; 0xe18 <__fpcmp_parts_f+0x9c>
     d92:	94 30       	cpi	r25, 0x04	; 4
     d94:	51 f4       	brne	.+20     	; 0xdaa <__fpcmp_parts_f+0x2e>
     d96:	11 96       	adiw	r26, 0x01	; 1
     d98:	1c 91       	ld	r17, X
     d9a:	84 30       	cpi	r24, 0x04	; 4
     d9c:	99 f5       	brne	.+102    	; 0xe04 <__fpcmp_parts_f+0x88>
     d9e:	81 81       	ldd	r24, Z+1	; 0x01
     da0:	68 2f       	mov	r22, r24
     da2:	70 e0       	ldi	r23, 0x00	; 0
     da4:	61 1b       	sub	r22, r17
     da6:	71 09       	sbc	r23, r1
     da8:	3f c0       	rjmp	.+126    	; 0xe28 <__fpcmp_parts_f+0xac>
     daa:	84 30       	cpi	r24, 0x04	; 4
     dac:	21 f0       	breq	.+8      	; 0xdb6 <__fpcmp_parts_f+0x3a>
     dae:	92 30       	cpi	r25, 0x02	; 2
     db0:	31 f4       	brne	.+12     	; 0xdbe <__fpcmp_parts_f+0x42>
     db2:	82 30       	cpi	r24, 0x02	; 2
     db4:	b9 f1       	breq	.+110    	; 0xe24 <__fpcmp_parts_f+0xa8>
     db6:	81 81       	ldd	r24, Z+1	; 0x01
     db8:	88 23       	and	r24, r24
     dba:	89 f1       	breq	.+98     	; 0xe1e <__fpcmp_parts_f+0xa2>
     dbc:	2d c0       	rjmp	.+90     	; 0xe18 <__fpcmp_parts_f+0x9c>
     dbe:	11 96       	adiw	r26, 0x01	; 1
     dc0:	1c 91       	ld	r17, X
     dc2:	11 97       	sbiw	r26, 0x01	; 1
     dc4:	82 30       	cpi	r24, 0x02	; 2
     dc6:	f1 f0       	breq	.+60     	; 0xe04 <__fpcmp_parts_f+0x88>
     dc8:	81 81       	ldd	r24, Z+1	; 0x01
     dca:	18 17       	cp	r17, r24
     dcc:	d9 f4       	brne	.+54     	; 0xe04 <__fpcmp_parts_f+0x88>
     dce:	12 96       	adiw	r26, 0x02	; 2
     dd0:	2d 91       	ld	r18, X+
     dd2:	3c 91       	ld	r19, X
     dd4:	13 97       	sbiw	r26, 0x03	; 3
     dd6:	82 81       	ldd	r24, Z+2	; 0x02
     dd8:	93 81       	ldd	r25, Z+3	; 0x03
     dda:	82 17       	cp	r24, r18
     ddc:	93 07       	cpc	r25, r19
     dde:	94 f0       	brlt	.+36     	; 0xe04 <__fpcmp_parts_f+0x88>
     de0:	28 17       	cp	r18, r24
     de2:	39 07       	cpc	r19, r25
     de4:	bc f0       	brlt	.+46     	; 0xe14 <__fpcmp_parts_f+0x98>
     de6:	14 96       	adiw	r26, 0x04	; 4
     de8:	8d 91       	ld	r24, X+
     dea:	9d 91       	ld	r25, X+
     dec:	0d 90       	ld	r0, X+
     dee:	bc 91       	ld	r27, X
     df0:	a0 2d       	mov	r26, r0
     df2:	24 81       	ldd	r18, Z+4	; 0x04
     df4:	35 81       	ldd	r19, Z+5	; 0x05
     df6:	46 81       	ldd	r20, Z+6	; 0x06
     df8:	57 81       	ldd	r21, Z+7	; 0x07
     dfa:	28 17       	cp	r18, r24
     dfc:	39 07       	cpc	r19, r25
     dfe:	4a 07       	cpc	r20, r26
     e00:	5b 07       	cpc	r21, r27
     e02:	18 f4       	brcc	.+6      	; 0xe0a <__fpcmp_parts_f+0x8e>
     e04:	11 23       	and	r17, r17
     e06:	41 f0       	breq	.+16     	; 0xe18 <__fpcmp_parts_f+0x9c>
     e08:	0a c0       	rjmp	.+20     	; 0xe1e <__fpcmp_parts_f+0xa2>
     e0a:	82 17       	cp	r24, r18
     e0c:	93 07       	cpc	r25, r19
     e0e:	a4 07       	cpc	r26, r20
     e10:	b5 07       	cpc	r27, r21
     e12:	40 f4       	brcc	.+16     	; 0xe24 <__fpcmp_parts_f+0xa8>
     e14:	11 23       	and	r17, r17
     e16:	19 f0       	breq	.+6      	; 0xe1e <__fpcmp_parts_f+0xa2>
     e18:	61 e0       	ldi	r22, 0x01	; 1
     e1a:	70 e0       	ldi	r23, 0x00	; 0
     e1c:	05 c0       	rjmp	.+10     	; 0xe28 <__fpcmp_parts_f+0xac>
     e1e:	6f ef       	ldi	r22, 0xFF	; 255
     e20:	7f ef       	ldi	r23, 0xFF	; 255
     e22:	02 c0       	rjmp	.+4      	; 0xe28 <__fpcmp_parts_f+0xac>
     e24:	60 e0       	ldi	r22, 0x00	; 0
     e26:	70 e0       	ldi	r23, 0x00	; 0
     e28:	cb 01       	movw	r24, r22
     e2a:	1f 91       	pop	r17
     e2c:	08 95       	ret

00000e2e <GPIO_setupPinDirection>:
 * Description :
 * Setup the direction of the required pin input/output.
 * If the input port number or pin number are not correct, The function will not handle the request.
 */
void GPIO_setupPinDirection(uint8 port_num, uint8 pin_num, GPIO_PinDirectionType direction)
{
     e2e:	df 93       	push	r29
     e30:	cf 93       	push	r28
     e32:	00 d0       	rcall	.+0      	; 0xe34 <GPIO_setupPinDirection+0x6>
     e34:	00 d0       	rcall	.+0      	; 0xe36 <GPIO_setupPinDirection+0x8>
     e36:	0f 92       	push	r0
     e38:	cd b7       	in	r28, 0x3d	; 61
     e3a:	de b7       	in	r29, 0x3e	; 62
     e3c:	89 83       	std	Y+1, r24	; 0x01
     e3e:	6a 83       	std	Y+2, r22	; 0x02
     e40:	4b 83       	std	Y+3, r20	; 0x03
	/*
	 * Check if the input port number is greater than NUM_OF_PINS_PER_PORT value.
	 * Or if the input pin number is greater than NUM_OF_PINS_PER_PORT value.
	 * In this case the input is not valid port/pin number
	 */
	if((pin_num >= NUM_OF_PINS_PER_PORT) || (port_num >= NUM_OF_PORTS))
     e42:	8a 81       	ldd	r24, Y+2	; 0x02
     e44:	88 30       	cpi	r24, 0x08	; 8
     e46:	08 f0       	brcs	.+2      	; 0xe4a <GPIO_setupPinDirection+0x1c>
     e48:	d5 c0       	rjmp	.+426    	; 0xff4 <GPIO_setupPinDirection+0x1c6>
     e4a:	89 81       	ldd	r24, Y+1	; 0x01
     e4c:	84 30       	cpi	r24, 0x04	; 4
     e4e:	08 f0       	brcs	.+2      	; 0xe52 <GPIO_setupPinDirection+0x24>
     e50:	d1 c0       	rjmp	.+418    	; 0xff4 <GPIO_setupPinDirection+0x1c6>
		/* Do Nothing */
	}
	else
	{
		/* Setup the pin direction as required */
		switch(port_num)
     e52:	89 81       	ldd	r24, Y+1	; 0x01
     e54:	28 2f       	mov	r18, r24
     e56:	30 e0       	ldi	r19, 0x00	; 0
     e58:	3d 83       	std	Y+5, r19	; 0x05
     e5a:	2c 83       	std	Y+4, r18	; 0x04
     e5c:	8c 81       	ldd	r24, Y+4	; 0x04
     e5e:	9d 81       	ldd	r25, Y+5	; 0x05
     e60:	81 30       	cpi	r24, 0x01	; 1
     e62:	91 05       	cpc	r25, r1
     e64:	09 f4       	brne	.+2      	; 0xe68 <GPIO_setupPinDirection+0x3a>
     e66:	43 c0       	rjmp	.+134    	; 0xeee <GPIO_setupPinDirection+0xc0>
     e68:	2c 81       	ldd	r18, Y+4	; 0x04
     e6a:	3d 81       	ldd	r19, Y+5	; 0x05
     e6c:	22 30       	cpi	r18, 0x02	; 2
     e6e:	31 05       	cpc	r19, r1
     e70:	2c f4       	brge	.+10     	; 0xe7c <GPIO_setupPinDirection+0x4e>
     e72:	8c 81       	ldd	r24, Y+4	; 0x04
     e74:	9d 81       	ldd	r25, Y+5	; 0x05
     e76:	00 97       	sbiw	r24, 0x00	; 0
     e78:	71 f0       	breq	.+28     	; 0xe96 <GPIO_setupPinDirection+0x68>
     e7a:	bc c0       	rjmp	.+376    	; 0xff4 <GPIO_setupPinDirection+0x1c6>
     e7c:	2c 81       	ldd	r18, Y+4	; 0x04
     e7e:	3d 81       	ldd	r19, Y+5	; 0x05
     e80:	22 30       	cpi	r18, 0x02	; 2
     e82:	31 05       	cpc	r19, r1
     e84:	09 f4       	brne	.+2      	; 0xe88 <GPIO_setupPinDirection+0x5a>
     e86:	5f c0       	rjmp	.+190    	; 0xf46 <GPIO_setupPinDirection+0x118>
     e88:	8c 81       	ldd	r24, Y+4	; 0x04
     e8a:	9d 81       	ldd	r25, Y+5	; 0x05
     e8c:	83 30       	cpi	r24, 0x03	; 3
     e8e:	91 05       	cpc	r25, r1
     e90:	09 f4       	brne	.+2      	; 0xe94 <GPIO_setupPinDirection+0x66>
     e92:	85 c0       	rjmp	.+266    	; 0xf9e <GPIO_setupPinDirection+0x170>
     e94:	af c0       	rjmp	.+350    	; 0xff4 <GPIO_setupPinDirection+0x1c6>
		{
		case PORTA_ID:
			if(direction == PIN_OUTPUT)
     e96:	8b 81       	ldd	r24, Y+3	; 0x03
     e98:	81 30       	cpi	r24, 0x01	; 1
     e9a:	a1 f4       	brne	.+40     	; 0xec4 <GPIO_setupPinDirection+0x96>
			{
				SET_BIT(DDRA,pin_num);
     e9c:	aa e3       	ldi	r26, 0x3A	; 58
     e9e:	b0 e0       	ldi	r27, 0x00	; 0
     ea0:	ea e3       	ldi	r30, 0x3A	; 58
     ea2:	f0 e0       	ldi	r31, 0x00	; 0
     ea4:	80 81       	ld	r24, Z
     ea6:	48 2f       	mov	r20, r24
     ea8:	8a 81       	ldd	r24, Y+2	; 0x02
     eaa:	28 2f       	mov	r18, r24
     eac:	30 e0       	ldi	r19, 0x00	; 0
     eae:	81 e0       	ldi	r24, 0x01	; 1
     eb0:	90 e0       	ldi	r25, 0x00	; 0
     eb2:	02 2e       	mov	r0, r18
     eb4:	02 c0       	rjmp	.+4      	; 0xeba <GPIO_setupPinDirection+0x8c>
     eb6:	88 0f       	add	r24, r24
     eb8:	99 1f       	adc	r25, r25
     eba:	0a 94       	dec	r0
     ebc:	e2 f7       	brpl	.-8      	; 0xeb6 <GPIO_setupPinDirection+0x88>
     ebe:	84 2b       	or	r24, r20
     ec0:	8c 93       	st	X, r24
     ec2:	98 c0       	rjmp	.+304    	; 0xff4 <GPIO_setupPinDirection+0x1c6>
			}
			else
			{
				CLEAR_BIT(DDRA,pin_num);
     ec4:	aa e3       	ldi	r26, 0x3A	; 58
     ec6:	b0 e0       	ldi	r27, 0x00	; 0
     ec8:	ea e3       	ldi	r30, 0x3A	; 58
     eca:	f0 e0       	ldi	r31, 0x00	; 0
     ecc:	80 81       	ld	r24, Z
     ece:	48 2f       	mov	r20, r24
     ed0:	8a 81       	ldd	r24, Y+2	; 0x02
     ed2:	28 2f       	mov	r18, r24
     ed4:	30 e0       	ldi	r19, 0x00	; 0
     ed6:	81 e0       	ldi	r24, 0x01	; 1
     ed8:	90 e0       	ldi	r25, 0x00	; 0
     eda:	02 2e       	mov	r0, r18
     edc:	02 c0       	rjmp	.+4      	; 0xee2 <GPIO_setupPinDirection+0xb4>
     ede:	88 0f       	add	r24, r24
     ee0:	99 1f       	adc	r25, r25
     ee2:	0a 94       	dec	r0
     ee4:	e2 f7       	brpl	.-8      	; 0xede <GPIO_setupPinDirection+0xb0>
     ee6:	80 95       	com	r24
     ee8:	84 23       	and	r24, r20
     eea:	8c 93       	st	X, r24
     eec:	83 c0       	rjmp	.+262    	; 0xff4 <GPIO_setupPinDirection+0x1c6>
			}
			break;
		case PORTB_ID:
			if(direction == PIN_OUTPUT)
     eee:	8b 81       	ldd	r24, Y+3	; 0x03
     ef0:	81 30       	cpi	r24, 0x01	; 1
     ef2:	a1 f4       	brne	.+40     	; 0xf1c <GPIO_setupPinDirection+0xee>
			{
				SET_BIT(DDRB,pin_num);
     ef4:	a7 e3       	ldi	r26, 0x37	; 55
     ef6:	b0 e0       	ldi	r27, 0x00	; 0
     ef8:	e7 e3       	ldi	r30, 0x37	; 55
     efa:	f0 e0       	ldi	r31, 0x00	; 0
     efc:	80 81       	ld	r24, Z
     efe:	48 2f       	mov	r20, r24
     f00:	8a 81       	ldd	r24, Y+2	; 0x02
     f02:	28 2f       	mov	r18, r24
     f04:	30 e0       	ldi	r19, 0x00	; 0
     f06:	81 e0       	ldi	r24, 0x01	; 1
     f08:	90 e0       	ldi	r25, 0x00	; 0
     f0a:	02 2e       	mov	r0, r18
     f0c:	02 c0       	rjmp	.+4      	; 0xf12 <GPIO_setupPinDirection+0xe4>
     f0e:	88 0f       	add	r24, r24
     f10:	99 1f       	adc	r25, r25
     f12:	0a 94       	dec	r0
     f14:	e2 f7       	brpl	.-8      	; 0xf0e <GPIO_setupPinDirection+0xe0>
     f16:	84 2b       	or	r24, r20
     f18:	8c 93       	st	X, r24
     f1a:	6c c0       	rjmp	.+216    	; 0xff4 <GPIO_setupPinDirection+0x1c6>
			}
			else
			{
				CLEAR_BIT(DDRB,pin_num);
     f1c:	a7 e3       	ldi	r26, 0x37	; 55
     f1e:	b0 e0       	ldi	r27, 0x00	; 0
     f20:	e7 e3       	ldi	r30, 0x37	; 55
     f22:	f0 e0       	ldi	r31, 0x00	; 0
     f24:	80 81       	ld	r24, Z
     f26:	48 2f       	mov	r20, r24
     f28:	8a 81       	ldd	r24, Y+2	; 0x02
     f2a:	28 2f       	mov	r18, r24
     f2c:	30 e0       	ldi	r19, 0x00	; 0
     f2e:	81 e0       	ldi	r24, 0x01	; 1
     f30:	90 e0       	ldi	r25, 0x00	; 0
     f32:	02 2e       	mov	r0, r18
     f34:	02 c0       	rjmp	.+4      	; 0xf3a <GPIO_setupPinDirection+0x10c>
     f36:	88 0f       	add	r24, r24
     f38:	99 1f       	adc	r25, r25
     f3a:	0a 94       	dec	r0
     f3c:	e2 f7       	brpl	.-8      	; 0xf36 <GPIO_setupPinDirection+0x108>
     f3e:	80 95       	com	r24
     f40:	84 23       	and	r24, r20
     f42:	8c 93       	st	X, r24
     f44:	57 c0       	rjmp	.+174    	; 0xff4 <GPIO_setupPinDirection+0x1c6>
			}
			break;
		case PORTC_ID:
			if(direction == PIN_OUTPUT)
     f46:	8b 81       	ldd	r24, Y+3	; 0x03
     f48:	81 30       	cpi	r24, 0x01	; 1
     f4a:	a1 f4       	brne	.+40     	; 0xf74 <GPIO_setupPinDirection+0x146>
			{
				SET_BIT(DDRC,pin_num);
     f4c:	a4 e3       	ldi	r26, 0x34	; 52
     f4e:	b0 e0       	ldi	r27, 0x00	; 0
     f50:	e4 e3       	ldi	r30, 0x34	; 52
     f52:	f0 e0       	ldi	r31, 0x00	; 0
     f54:	80 81       	ld	r24, Z
     f56:	48 2f       	mov	r20, r24
     f58:	8a 81       	ldd	r24, Y+2	; 0x02
     f5a:	28 2f       	mov	r18, r24
     f5c:	30 e0       	ldi	r19, 0x00	; 0
     f5e:	81 e0       	ldi	r24, 0x01	; 1
     f60:	90 e0       	ldi	r25, 0x00	; 0
     f62:	02 2e       	mov	r0, r18
     f64:	02 c0       	rjmp	.+4      	; 0xf6a <GPIO_setupPinDirection+0x13c>
     f66:	88 0f       	add	r24, r24
     f68:	99 1f       	adc	r25, r25
     f6a:	0a 94       	dec	r0
     f6c:	e2 f7       	brpl	.-8      	; 0xf66 <GPIO_setupPinDirection+0x138>
     f6e:	84 2b       	or	r24, r20
     f70:	8c 93       	st	X, r24
     f72:	40 c0       	rjmp	.+128    	; 0xff4 <GPIO_setupPinDirection+0x1c6>
			}
			else
			{
				CLEAR_BIT(DDRC,pin_num);
     f74:	a4 e3       	ldi	r26, 0x34	; 52
     f76:	b0 e0       	ldi	r27, 0x00	; 0
     f78:	e4 e3       	ldi	r30, 0x34	; 52
     f7a:	f0 e0       	ldi	r31, 0x00	; 0
     f7c:	80 81       	ld	r24, Z
     f7e:	48 2f       	mov	r20, r24
     f80:	8a 81       	ldd	r24, Y+2	; 0x02
     f82:	28 2f       	mov	r18, r24
     f84:	30 e0       	ldi	r19, 0x00	; 0
     f86:	81 e0       	ldi	r24, 0x01	; 1
     f88:	90 e0       	ldi	r25, 0x00	; 0
     f8a:	02 2e       	mov	r0, r18
     f8c:	02 c0       	rjmp	.+4      	; 0xf92 <GPIO_setupPinDirection+0x164>
     f8e:	88 0f       	add	r24, r24
     f90:	99 1f       	adc	r25, r25
     f92:	0a 94       	dec	r0
     f94:	e2 f7       	brpl	.-8      	; 0xf8e <GPIO_setupPinDirection+0x160>
     f96:	80 95       	com	r24
     f98:	84 23       	and	r24, r20
     f9a:	8c 93       	st	X, r24
     f9c:	2b c0       	rjmp	.+86     	; 0xff4 <GPIO_setupPinDirection+0x1c6>
			}
			break;
		case PORTD_ID:
			if(direction == PIN_OUTPUT)
     f9e:	8b 81       	ldd	r24, Y+3	; 0x03
     fa0:	81 30       	cpi	r24, 0x01	; 1
     fa2:	a1 f4       	brne	.+40     	; 0xfcc <GPIO_setupPinDirection+0x19e>
			{
				SET_BIT(DDRD,pin_num);
     fa4:	a1 e3       	ldi	r26, 0x31	; 49
     fa6:	b0 e0       	ldi	r27, 0x00	; 0
     fa8:	e1 e3       	ldi	r30, 0x31	; 49
     faa:	f0 e0       	ldi	r31, 0x00	; 0
     fac:	80 81       	ld	r24, Z
     fae:	48 2f       	mov	r20, r24
     fb0:	8a 81       	ldd	r24, Y+2	; 0x02
     fb2:	28 2f       	mov	r18, r24
     fb4:	30 e0       	ldi	r19, 0x00	; 0
     fb6:	81 e0       	ldi	r24, 0x01	; 1
     fb8:	90 e0       	ldi	r25, 0x00	; 0
     fba:	02 2e       	mov	r0, r18
     fbc:	02 c0       	rjmp	.+4      	; 0xfc2 <GPIO_setupPinDirection+0x194>
     fbe:	88 0f       	add	r24, r24
     fc0:	99 1f       	adc	r25, r25
     fc2:	0a 94       	dec	r0
     fc4:	e2 f7       	brpl	.-8      	; 0xfbe <GPIO_setupPinDirection+0x190>
     fc6:	84 2b       	or	r24, r20
     fc8:	8c 93       	st	X, r24
     fca:	14 c0       	rjmp	.+40     	; 0xff4 <GPIO_setupPinDirection+0x1c6>
			}
			else
			{
				CLEAR_BIT(DDRD,pin_num);
     fcc:	a1 e3       	ldi	r26, 0x31	; 49
     fce:	b0 e0       	ldi	r27, 0x00	; 0
     fd0:	e1 e3       	ldi	r30, 0x31	; 49
     fd2:	f0 e0       	ldi	r31, 0x00	; 0
     fd4:	80 81       	ld	r24, Z
     fd6:	48 2f       	mov	r20, r24
     fd8:	8a 81       	ldd	r24, Y+2	; 0x02
     fda:	28 2f       	mov	r18, r24
     fdc:	30 e0       	ldi	r19, 0x00	; 0
     fde:	81 e0       	ldi	r24, 0x01	; 1
     fe0:	90 e0       	ldi	r25, 0x00	; 0
     fe2:	02 2e       	mov	r0, r18
     fe4:	02 c0       	rjmp	.+4      	; 0xfea <GPIO_setupPinDirection+0x1bc>
     fe6:	88 0f       	add	r24, r24
     fe8:	99 1f       	adc	r25, r25
     fea:	0a 94       	dec	r0
     fec:	e2 f7       	brpl	.-8      	; 0xfe6 <GPIO_setupPinDirection+0x1b8>
     fee:	80 95       	com	r24
     ff0:	84 23       	and	r24, r20
     ff2:	8c 93       	st	X, r24
			}
			break;
		}
	}
}
     ff4:	0f 90       	pop	r0
     ff6:	0f 90       	pop	r0
     ff8:	0f 90       	pop	r0
     ffa:	0f 90       	pop	r0
     ffc:	0f 90       	pop	r0
     ffe:	cf 91       	pop	r28
    1000:	df 91       	pop	r29
    1002:	08 95       	ret

00001004 <GPIO_writePin>:
 * Write the value Logic High or Logic Low on the required pin.
 * If the input port number or pin number are not correct, The function will not handle the request.
 * If the pin is input, this function will enable/disable the internal pull-up resistor.
 */
void GPIO_writePin(uint8 port_num, uint8 pin_num, uint8 value)
{
    1004:	df 93       	push	r29
    1006:	cf 93       	push	r28
    1008:	00 d0       	rcall	.+0      	; 0x100a <GPIO_writePin+0x6>
    100a:	00 d0       	rcall	.+0      	; 0x100c <GPIO_writePin+0x8>
    100c:	0f 92       	push	r0
    100e:	cd b7       	in	r28, 0x3d	; 61
    1010:	de b7       	in	r29, 0x3e	; 62
    1012:	89 83       	std	Y+1, r24	; 0x01
    1014:	6a 83       	std	Y+2, r22	; 0x02
    1016:	4b 83       	std	Y+3, r20	; 0x03
	if(port_num >= NUM_OF_PORTS || pin_num >= NUM_OF_PINS_PER_PORT)
    1018:	89 81       	ldd	r24, Y+1	; 0x01
    101a:	84 30       	cpi	r24, 0x04	; 4
    101c:	08 f0       	brcs	.+2      	; 0x1020 <GPIO_writePin+0x1c>
    101e:	d5 c0       	rjmp	.+426    	; 0x11ca <GPIO_writePin+0x1c6>
    1020:	8a 81       	ldd	r24, Y+2	; 0x02
    1022:	88 30       	cpi	r24, 0x08	; 8
    1024:	08 f0       	brcs	.+2      	; 0x1028 <GPIO_writePin+0x24>
    1026:	d1 c0       	rjmp	.+418    	; 0x11ca <GPIO_writePin+0x1c6>
		return;


	switch (port_num)
    1028:	89 81       	ldd	r24, Y+1	; 0x01
    102a:	28 2f       	mov	r18, r24
    102c:	30 e0       	ldi	r19, 0x00	; 0
    102e:	3d 83       	std	Y+5, r19	; 0x05
    1030:	2c 83       	std	Y+4, r18	; 0x04
    1032:	8c 81       	ldd	r24, Y+4	; 0x04
    1034:	9d 81       	ldd	r25, Y+5	; 0x05
    1036:	81 30       	cpi	r24, 0x01	; 1
    1038:	91 05       	cpc	r25, r1
    103a:	09 f4       	brne	.+2      	; 0x103e <GPIO_writePin+0x3a>
    103c:	43 c0       	rjmp	.+134    	; 0x10c4 <GPIO_writePin+0xc0>
    103e:	2c 81       	ldd	r18, Y+4	; 0x04
    1040:	3d 81       	ldd	r19, Y+5	; 0x05
    1042:	22 30       	cpi	r18, 0x02	; 2
    1044:	31 05       	cpc	r19, r1
    1046:	2c f4       	brge	.+10     	; 0x1052 <GPIO_writePin+0x4e>
    1048:	8c 81       	ldd	r24, Y+4	; 0x04
    104a:	9d 81       	ldd	r25, Y+5	; 0x05
    104c:	00 97       	sbiw	r24, 0x00	; 0
    104e:	71 f0       	breq	.+28     	; 0x106c <GPIO_writePin+0x68>
    1050:	bc c0       	rjmp	.+376    	; 0x11ca <GPIO_writePin+0x1c6>
    1052:	2c 81       	ldd	r18, Y+4	; 0x04
    1054:	3d 81       	ldd	r19, Y+5	; 0x05
    1056:	22 30       	cpi	r18, 0x02	; 2
    1058:	31 05       	cpc	r19, r1
    105a:	09 f4       	brne	.+2      	; 0x105e <GPIO_writePin+0x5a>
    105c:	5f c0       	rjmp	.+190    	; 0x111c <GPIO_writePin+0x118>
    105e:	8c 81       	ldd	r24, Y+4	; 0x04
    1060:	9d 81       	ldd	r25, Y+5	; 0x05
    1062:	83 30       	cpi	r24, 0x03	; 3
    1064:	91 05       	cpc	r25, r1
    1066:	09 f4       	brne	.+2      	; 0x106a <GPIO_writePin+0x66>
    1068:	85 c0       	rjmp	.+266    	; 0x1174 <GPIO_writePin+0x170>
    106a:	af c0       	rjmp	.+350    	; 0x11ca <GPIO_writePin+0x1c6>
	{
		case PORTA_ID:
			if(value == LOGIC_LOW)
    106c:	8b 81       	ldd	r24, Y+3	; 0x03
    106e:	88 23       	and	r24, r24
    1070:	a9 f4       	brne	.+42     	; 0x109c <GPIO_writePin+0x98>
				CLEAR_BIT(PORTA, pin_num);
    1072:	ab e3       	ldi	r26, 0x3B	; 59
    1074:	b0 e0       	ldi	r27, 0x00	; 0
    1076:	eb e3       	ldi	r30, 0x3B	; 59
    1078:	f0 e0       	ldi	r31, 0x00	; 0
    107a:	80 81       	ld	r24, Z
    107c:	48 2f       	mov	r20, r24
    107e:	8a 81       	ldd	r24, Y+2	; 0x02
    1080:	28 2f       	mov	r18, r24
    1082:	30 e0       	ldi	r19, 0x00	; 0
    1084:	81 e0       	ldi	r24, 0x01	; 1
    1086:	90 e0       	ldi	r25, 0x00	; 0
    1088:	02 2e       	mov	r0, r18
    108a:	02 c0       	rjmp	.+4      	; 0x1090 <GPIO_writePin+0x8c>
    108c:	88 0f       	add	r24, r24
    108e:	99 1f       	adc	r25, r25
    1090:	0a 94       	dec	r0
    1092:	e2 f7       	brpl	.-8      	; 0x108c <GPIO_writePin+0x88>
    1094:	80 95       	com	r24
    1096:	84 23       	and	r24, r20
    1098:	8c 93       	st	X, r24
    109a:	97 c0       	rjmp	.+302    	; 0x11ca <GPIO_writePin+0x1c6>
			else
				SET_BIT(PORTA, pin_num);
    109c:	ab e3       	ldi	r26, 0x3B	; 59
    109e:	b0 e0       	ldi	r27, 0x00	; 0
    10a0:	eb e3       	ldi	r30, 0x3B	; 59
    10a2:	f0 e0       	ldi	r31, 0x00	; 0
    10a4:	80 81       	ld	r24, Z
    10a6:	48 2f       	mov	r20, r24
    10a8:	8a 81       	ldd	r24, Y+2	; 0x02
    10aa:	28 2f       	mov	r18, r24
    10ac:	30 e0       	ldi	r19, 0x00	; 0
    10ae:	81 e0       	ldi	r24, 0x01	; 1
    10b0:	90 e0       	ldi	r25, 0x00	; 0
    10b2:	02 2e       	mov	r0, r18
    10b4:	02 c0       	rjmp	.+4      	; 0x10ba <GPIO_writePin+0xb6>
    10b6:	88 0f       	add	r24, r24
    10b8:	99 1f       	adc	r25, r25
    10ba:	0a 94       	dec	r0
    10bc:	e2 f7       	brpl	.-8      	; 0x10b6 <GPIO_writePin+0xb2>
    10be:	84 2b       	or	r24, r20
    10c0:	8c 93       	st	X, r24
    10c2:	83 c0       	rjmp	.+262    	; 0x11ca <GPIO_writePin+0x1c6>
			break;
		case PORTB_ID:
			if(value == LOGIC_LOW)
    10c4:	8b 81       	ldd	r24, Y+3	; 0x03
    10c6:	88 23       	and	r24, r24
    10c8:	a9 f4       	brne	.+42     	; 0x10f4 <GPIO_writePin+0xf0>
				CLEAR_BIT(PORTB, pin_num);
    10ca:	a8 e3       	ldi	r26, 0x38	; 56
    10cc:	b0 e0       	ldi	r27, 0x00	; 0
    10ce:	e8 e3       	ldi	r30, 0x38	; 56
    10d0:	f0 e0       	ldi	r31, 0x00	; 0
    10d2:	80 81       	ld	r24, Z
    10d4:	48 2f       	mov	r20, r24
    10d6:	8a 81       	ldd	r24, Y+2	; 0x02
    10d8:	28 2f       	mov	r18, r24
    10da:	30 e0       	ldi	r19, 0x00	; 0
    10dc:	81 e0       	ldi	r24, 0x01	; 1
    10de:	90 e0       	ldi	r25, 0x00	; 0
    10e0:	02 2e       	mov	r0, r18
    10e2:	02 c0       	rjmp	.+4      	; 0x10e8 <GPIO_writePin+0xe4>
    10e4:	88 0f       	add	r24, r24
    10e6:	99 1f       	adc	r25, r25
    10e8:	0a 94       	dec	r0
    10ea:	e2 f7       	brpl	.-8      	; 0x10e4 <GPIO_writePin+0xe0>
    10ec:	80 95       	com	r24
    10ee:	84 23       	and	r24, r20
    10f0:	8c 93       	st	X, r24
    10f2:	6b c0       	rjmp	.+214    	; 0x11ca <GPIO_writePin+0x1c6>
			else
				SET_BIT(PORTB, pin_num);
    10f4:	a8 e3       	ldi	r26, 0x38	; 56
    10f6:	b0 e0       	ldi	r27, 0x00	; 0
    10f8:	e8 e3       	ldi	r30, 0x38	; 56
    10fa:	f0 e0       	ldi	r31, 0x00	; 0
    10fc:	80 81       	ld	r24, Z
    10fe:	48 2f       	mov	r20, r24
    1100:	8a 81       	ldd	r24, Y+2	; 0x02
    1102:	28 2f       	mov	r18, r24
    1104:	30 e0       	ldi	r19, 0x00	; 0
    1106:	81 e0       	ldi	r24, 0x01	; 1
    1108:	90 e0       	ldi	r25, 0x00	; 0
    110a:	02 2e       	mov	r0, r18
    110c:	02 c0       	rjmp	.+4      	; 0x1112 <GPIO_writePin+0x10e>
    110e:	88 0f       	add	r24, r24
    1110:	99 1f       	adc	r25, r25
    1112:	0a 94       	dec	r0
    1114:	e2 f7       	brpl	.-8      	; 0x110e <GPIO_writePin+0x10a>
    1116:	84 2b       	or	r24, r20
    1118:	8c 93       	st	X, r24
    111a:	57 c0       	rjmp	.+174    	; 0x11ca <GPIO_writePin+0x1c6>
			break;
		case PORTC_ID:
			if(value == LOGIC_LOW)
    111c:	8b 81       	ldd	r24, Y+3	; 0x03
    111e:	88 23       	and	r24, r24
    1120:	a9 f4       	brne	.+42     	; 0x114c <GPIO_writePin+0x148>
				CLEAR_BIT(PORTC, pin_num);
    1122:	a5 e3       	ldi	r26, 0x35	; 53
    1124:	b0 e0       	ldi	r27, 0x00	; 0
    1126:	e5 e3       	ldi	r30, 0x35	; 53
    1128:	f0 e0       	ldi	r31, 0x00	; 0
    112a:	80 81       	ld	r24, Z
    112c:	48 2f       	mov	r20, r24
    112e:	8a 81       	ldd	r24, Y+2	; 0x02
    1130:	28 2f       	mov	r18, r24
    1132:	30 e0       	ldi	r19, 0x00	; 0
    1134:	81 e0       	ldi	r24, 0x01	; 1
    1136:	90 e0       	ldi	r25, 0x00	; 0
    1138:	02 2e       	mov	r0, r18
    113a:	02 c0       	rjmp	.+4      	; 0x1140 <GPIO_writePin+0x13c>
    113c:	88 0f       	add	r24, r24
    113e:	99 1f       	adc	r25, r25
    1140:	0a 94       	dec	r0
    1142:	e2 f7       	brpl	.-8      	; 0x113c <GPIO_writePin+0x138>
    1144:	80 95       	com	r24
    1146:	84 23       	and	r24, r20
    1148:	8c 93       	st	X, r24
    114a:	3f c0       	rjmp	.+126    	; 0x11ca <GPIO_writePin+0x1c6>
			else
				SET_BIT(PORTC, pin_num);
    114c:	a5 e3       	ldi	r26, 0x35	; 53
    114e:	b0 e0       	ldi	r27, 0x00	; 0
    1150:	e5 e3       	ldi	r30, 0x35	; 53
    1152:	f0 e0       	ldi	r31, 0x00	; 0
    1154:	80 81       	ld	r24, Z
    1156:	48 2f       	mov	r20, r24
    1158:	8a 81       	ldd	r24, Y+2	; 0x02
    115a:	28 2f       	mov	r18, r24
    115c:	30 e0       	ldi	r19, 0x00	; 0
    115e:	81 e0       	ldi	r24, 0x01	; 1
    1160:	90 e0       	ldi	r25, 0x00	; 0
    1162:	02 2e       	mov	r0, r18
    1164:	02 c0       	rjmp	.+4      	; 0x116a <GPIO_writePin+0x166>
    1166:	88 0f       	add	r24, r24
    1168:	99 1f       	adc	r25, r25
    116a:	0a 94       	dec	r0
    116c:	e2 f7       	brpl	.-8      	; 0x1166 <GPIO_writePin+0x162>
    116e:	84 2b       	or	r24, r20
    1170:	8c 93       	st	X, r24
    1172:	2b c0       	rjmp	.+86     	; 0x11ca <GPIO_writePin+0x1c6>
			break;
		case PORTD_ID:
			if(value == LOGIC_LOW)
    1174:	8b 81       	ldd	r24, Y+3	; 0x03
    1176:	88 23       	and	r24, r24
    1178:	a9 f4       	brne	.+42     	; 0x11a4 <GPIO_writePin+0x1a0>
				CLEAR_BIT(PORTD, pin_num);
    117a:	a2 e3       	ldi	r26, 0x32	; 50
    117c:	b0 e0       	ldi	r27, 0x00	; 0
    117e:	e2 e3       	ldi	r30, 0x32	; 50
    1180:	f0 e0       	ldi	r31, 0x00	; 0
    1182:	80 81       	ld	r24, Z
    1184:	48 2f       	mov	r20, r24
    1186:	8a 81       	ldd	r24, Y+2	; 0x02
    1188:	28 2f       	mov	r18, r24
    118a:	30 e0       	ldi	r19, 0x00	; 0
    118c:	81 e0       	ldi	r24, 0x01	; 1
    118e:	90 e0       	ldi	r25, 0x00	; 0
    1190:	02 2e       	mov	r0, r18
    1192:	02 c0       	rjmp	.+4      	; 0x1198 <GPIO_writePin+0x194>
    1194:	88 0f       	add	r24, r24
    1196:	99 1f       	adc	r25, r25
    1198:	0a 94       	dec	r0
    119a:	e2 f7       	brpl	.-8      	; 0x1194 <GPIO_writePin+0x190>
    119c:	80 95       	com	r24
    119e:	84 23       	and	r24, r20
    11a0:	8c 93       	st	X, r24
    11a2:	13 c0       	rjmp	.+38     	; 0x11ca <GPIO_writePin+0x1c6>
			else
				SET_BIT(PORTD, pin_num);
    11a4:	a2 e3       	ldi	r26, 0x32	; 50
    11a6:	b0 e0       	ldi	r27, 0x00	; 0
    11a8:	e2 e3       	ldi	r30, 0x32	; 50
    11aa:	f0 e0       	ldi	r31, 0x00	; 0
    11ac:	80 81       	ld	r24, Z
    11ae:	48 2f       	mov	r20, r24
    11b0:	8a 81       	ldd	r24, Y+2	; 0x02
    11b2:	28 2f       	mov	r18, r24
    11b4:	30 e0       	ldi	r19, 0x00	; 0
    11b6:	81 e0       	ldi	r24, 0x01	; 1
    11b8:	90 e0       	ldi	r25, 0x00	; 0
    11ba:	02 2e       	mov	r0, r18
    11bc:	02 c0       	rjmp	.+4      	; 0x11c2 <GPIO_writePin+0x1be>
    11be:	88 0f       	add	r24, r24
    11c0:	99 1f       	adc	r25, r25
    11c2:	0a 94       	dec	r0
    11c4:	e2 f7       	brpl	.-8      	; 0x11be <GPIO_writePin+0x1ba>
    11c6:	84 2b       	or	r24, r20
    11c8:	8c 93       	st	X, r24
			break;
	}

}
    11ca:	0f 90       	pop	r0
    11cc:	0f 90       	pop	r0
    11ce:	0f 90       	pop	r0
    11d0:	0f 90       	pop	r0
    11d2:	0f 90       	pop	r0
    11d4:	cf 91       	pop	r28
    11d6:	df 91       	pop	r29
    11d8:	08 95       	ret

000011da <GPIO_readPin>:
 * Description :
 * Read and return the value for the required pin, it should be Logic High or Logic Low.
 * If the input port number or pin number are not correct, The function will return Logic Low.
 */
uint8 GPIO_readPin(uint8 port_num, uint8 pin_num)
{
    11da:	df 93       	push	r29
    11dc:	cf 93       	push	r28
    11de:	00 d0       	rcall	.+0      	; 0x11e0 <GPIO_readPin+0x6>
    11e0:	00 d0       	rcall	.+0      	; 0x11e2 <GPIO_readPin+0x8>
    11e2:	00 d0       	rcall	.+0      	; 0x11e4 <GPIO_readPin+0xa>
    11e4:	cd b7       	in	r28, 0x3d	; 61
    11e6:	de b7       	in	r29, 0x3e	; 62
    11e8:	8a 83       	std	Y+2, r24	; 0x02
    11ea:	6b 83       	std	Y+3, r22	; 0x03
	uint8 ans;

	if(!(port_num >= NUM_OF_PORTS || pin_num >= NUM_OF_PINS_PER_PORT))
    11ec:	8a 81       	ldd	r24, Y+2	; 0x02
    11ee:	84 30       	cpi	r24, 0x04	; 4
    11f0:	08 f0       	brcs	.+2      	; 0x11f4 <GPIO_readPin+0x1a>
    11f2:	6a c0       	rjmp	.+212    	; 0x12c8 <GPIO_readPin+0xee>
    11f4:	8b 81       	ldd	r24, Y+3	; 0x03
    11f6:	88 30       	cpi	r24, 0x08	; 8
    11f8:	08 f0       	brcs	.+2      	; 0x11fc <GPIO_readPin+0x22>
    11fa:	66 c0       	rjmp	.+204    	; 0x12c8 <GPIO_readPin+0xee>
		switch (port_num)
    11fc:	8a 81       	ldd	r24, Y+2	; 0x02
    11fe:	28 2f       	mov	r18, r24
    1200:	30 e0       	ldi	r19, 0x00	; 0
    1202:	3e 83       	std	Y+6, r19	; 0x06
    1204:	2d 83       	std	Y+5, r18	; 0x05
    1206:	8d 81       	ldd	r24, Y+5	; 0x05
    1208:	9e 81       	ldd	r25, Y+6	; 0x06
    120a:	81 30       	cpi	r24, 0x01	; 1
    120c:	91 05       	cpc	r25, r1
    120e:	39 f1       	breq	.+78     	; 0x125e <GPIO_readPin+0x84>
    1210:	2d 81       	ldd	r18, Y+5	; 0x05
    1212:	3e 81       	ldd	r19, Y+6	; 0x06
    1214:	22 30       	cpi	r18, 0x02	; 2
    1216:	31 05       	cpc	r19, r1
    1218:	2c f4       	brge	.+10     	; 0x1224 <GPIO_readPin+0x4a>
    121a:	8d 81       	ldd	r24, Y+5	; 0x05
    121c:	9e 81       	ldd	r25, Y+6	; 0x06
    121e:	00 97       	sbiw	r24, 0x00	; 0
    1220:	61 f0       	breq	.+24     	; 0x123a <GPIO_readPin+0x60>
    1222:	52 c0       	rjmp	.+164    	; 0x12c8 <GPIO_readPin+0xee>
    1224:	2d 81       	ldd	r18, Y+5	; 0x05
    1226:	3e 81       	ldd	r19, Y+6	; 0x06
    1228:	22 30       	cpi	r18, 0x02	; 2
    122a:	31 05       	cpc	r19, r1
    122c:	51 f1       	breq	.+84     	; 0x1282 <GPIO_readPin+0xa8>
    122e:	8d 81       	ldd	r24, Y+5	; 0x05
    1230:	9e 81       	ldd	r25, Y+6	; 0x06
    1232:	83 30       	cpi	r24, 0x03	; 3
    1234:	91 05       	cpc	r25, r1
    1236:	b9 f1       	breq	.+110    	; 0x12a6 <GPIO_readPin+0xcc>
    1238:	47 c0       	rjmp	.+142    	; 0x12c8 <GPIO_readPin+0xee>
		{
			case PORTA_ID:
				ans = BIT_IS_SET(PINA, pin_num);
    123a:	e9 e3       	ldi	r30, 0x39	; 57
    123c:	f0 e0       	ldi	r31, 0x00	; 0
    123e:	80 81       	ld	r24, Z
    1240:	48 2f       	mov	r20, r24
    1242:	8b 81       	ldd	r24, Y+3	; 0x03
    1244:	28 2f       	mov	r18, r24
    1246:	30 e0       	ldi	r19, 0x00	; 0
    1248:	81 e0       	ldi	r24, 0x01	; 1
    124a:	90 e0       	ldi	r25, 0x00	; 0
    124c:	02 2e       	mov	r0, r18
    124e:	02 c0       	rjmp	.+4      	; 0x1254 <GPIO_readPin+0x7a>
    1250:	88 0f       	add	r24, r24
    1252:	99 1f       	adc	r25, r25
    1254:	0a 94       	dec	r0
    1256:	e2 f7       	brpl	.-8      	; 0x1250 <GPIO_readPin+0x76>
    1258:	84 23       	and	r24, r20
    125a:	89 83       	std	Y+1, r24	; 0x01
    125c:	35 c0       	rjmp	.+106    	; 0x12c8 <GPIO_readPin+0xee>
				break;
			case PORTB_ID:
				ans = BIT_IS_SET(PINB, pin_num);
    125e:	e6 e3       	ldi	r30, 0x36	; 54
    1260:	f0 e0       	ldi	r31, 0x00	; 0
    1262:	80 81       	ld	r24, Z
    1264:	48 2f       	mov	r20, r24
    1266:	8b 81       	ldd	r24, Y+3	; 0x03
    1268:	28 2f       	mov	r18, r24
    126a:	30 e0       	ldi	r19, 0x00	; 0
    126c:	81 e0       	ldi	r24, 0x01	; 1
    126e:	90 e0       	ldi	r25, 0x00	; 0
    1270:	02 2e       	mov	r0, r18
    1272:	02 c0       	rjmp	.+4      	; 0x1278 <GPIO_readPin+0x9e>
    1274:	88 0f       	add	r24, r24
    1276:	99 1f       	adc	r25, r25
    1278:	0a 94       	dec	r0
    127a:	e2 f7       	brpl	.-8      	; 0x1274 <GPIO_readPin+0x9a>
    127c:	84 23       	and	r24, r20
    127e:	89 83       	std	Y+1, r24	; 0x01
    1280:	23 c0       	rjmp	.+70     	; 0x12c8 <GPIO_readPin+0xee>
				break;
			case PORTC_ID:
				ans = BIT_IS_SET(PINC, pin_num);
    1282:	e3 e3       	ldi	r30, 0x33	; 51
    1284:	f0 e0       	ldi	r31, 0x00	; 0
    1286:	80 81       	ld	r24, Z
    1288:	48 2f       	mov	r20, r24
    128a:	8b 81       	ldd	r24, Y+3	; 0x03
    128c:	28 2f       	mov	r18, r24
    128e:	30 e0       	ldi	r19, 0x00	; 0
    1290:	81 e0       	ldi	r24, 0x01	; 1
    1292:	90 e0       	ldi	r25, 0x00	; 0
    1294:	02 2e       	mov	r0, r18
    1296:	02 c0       	rjmp	.+4      	; 0x129c <GPIO_readPin+0xc2>
    1298:	88 0f       	add	r24, r24
    129a:	99 1f       	adc	r25, r25
    129c:	0a 94       	dec	r0
    129e:	e2 f7       	brpl	.-8      	; 0x1298 <GPIO_readPin+0xbe>
    12a0:	84 23       	and	r24, r20
    12a2:	89 83       	std	Y+1, r24	; 0x01
    12a4:	11 c0       	rjmp	.+34     	; 0x12c8 <GPIO_readPin+0xee>
				break;
			case PORTD_ID:
				ans = BIT_IS_SET(PIND, pin_num);
    12a6:	e0 e3       	ldi	r30, 0x30	; 48
    12a8:	f0 e0       	ldi	r31, 0x00	; 0
    12aa:	80 81       	ld	r24, Z
    12ac:	48 2f       	mov	r20, r24
    12ae:	8b 81       	ldd	r24, Y+3	; 0x03
    12b0:	28 2f       	mov	r18, r24
    12b2:	30 e0       	ldi	r19, 0x00	; 0
    12b4:	81 e0       	ldi	r24, 0x01	; 1
    12b6:	90 e0       	ldi	r25, 0x00	; 0
    12b8:	02 2e       	mov	r0, r18
    12ba:	02 c0       	rjmp	.+4      	; 0x12c0 <GPIO_readPin+0xe6>
    12bc:	88 0f       	add	r24, r24
    12be:	99 1f       	adc	r25, r25
    12c0:	0a 94       	dec	r0
    12c2:	e2 f7       	brpl	.-8      	; 0x12bc <GPIO_readPin+0xe2>
    12c4:	84 23       	and	r24, r20
    12c6:	89 83       	std	Y+1, r24	; 0x01
				break;
		}

	return ans ? LOGIC_HIGH : LOGIC_LOW;
    12c8:	89 81       	ldd	r24, Y+1	; 0x01
    12ca:	88 23       	and	r24, r24
    12cc:	19 f0       	breq	.+6      	; 0x12d4 <GPIO_readPin+0xfa>
    12ce:	91 e0       	ldi	r25, 0x01	; 1
    12d0:	9c 83       	std	Y+4, r25	; 0x04
    12d2:	01 c0       	rjmp	.+2      	; 0x12d6 <GPIO_readPin+0xfc>
    12d4:	1c 82       	std	Y+4, r1	; 0x04
    12d6:	8c 81       	ldd	r24, Y+4	; 0x04
}
    12d8:	26 96       	adiw	r28, 0x06	; 6
    12da:	0f b6       	in	r0, 0x3f	; 63
    12dc:	f8 94       	cli
    12de:	de bf       	out	0x3e, r29	; 62
    12e0:	0f be       	out	0x3f, r0	; 63
    12e2:	cd bf       	out	0x3d, r28	; 61
    12e4:	cf 91       	pop	r28
    12e6:	df 91       	pop	r29
    12e8:	08 95       	ret

000012ea <GPIO_setupPortDirection>:
 * If the direction value is PORT_INPUT all pins in this port should be input pins.
 * If the direction value is PORT_OUTPUT all pins in this port should be output pins.
 * If the input port number is not correct, The function will not handle the request.
 */
void GPIO_setupPortDirection(uint8 port_num, GPIO_PortDirectionType direction)
{
    12ea:	df 93       	push	r29
    12ec:	cf 93       	push	r28
    12ee:	00 d0       	rcall	.+0      	; 0x12f0 <GPIO_setupPortDirection+0x6>
    12f0:	00 d0       	rcall	.+0      	; 0x12f2 <GPIO_setupPortDirection+0x8>
    12f2:	cd b7       	in	r28, 0x3d	; 61
    12f4:	de b7       	in	r29, 0x3e	; 62
    12f6:	89 83       	std	Y+1, r24	; 0x01
    12f8:	6a 83       	std	Y+2, r22	; 0x02
	/*
	 * Check if the input number is greater than NUM_OF_PORTS value.
	 * In this case the input is not valid port number
	 */
	if(port_num >= NUM_OF_PORTS)
    12fa:	89 81       	ldd	r24, Y+1	; 0x01
    12fc:	84 30       	cpi	r24, 0x04	; 4
    12fe:	90 f5       	brcc	.+100    	; 0x1364 <GPIO_setupPortDirection+0x7a>
		/* Do Nothing */
	}
	else
	{
		/* Setup the port direction as required */
		switch(port_num)
    1300:	89 81       	ldd	r24, Y+1	; 0x01
    1302:	28 2f       	mov	r18, r24
    1304:	30 e0       	ldi	r19, 0x00	; 0
    1306:	3c 83       	std	Y+4, r19	; 0x04
    1308:	2b 83       	std	Y+3, r18	; 0x03
    130a:	8b 81       	ldd	r24, Y+3	; 0x03
    130c:	9c 81       	ldd	r25, Y+4	; 0x04
    130e:	81 30       	cpi	r24, 0x01	; 1
    1310:	91 05       	cpc	r25, r1
    1312:	d1 f0       	breq	.+52     	; 0x1348 <GPIO_setupPortDirection+0x5e>
    1314:	2b 81       	ldd	r18, Y+3	; 0x03
    1316:	3c 81       	ldd	r19, Y+4	; 0x04
    1318:	22 30       	cpi	r18, 0x02	; 2
    131a:	31 05       	cpc	r19, r1
    131c:	2c f4       	brge	.+10     	; 0x1328 <GPIO_setupPortDirection+0x3e>
    131e:	8b 81       	ldd	r24, Y+3	; 0x03
    1320:	9c 81       	ldd	r25, Y+4	; 0x04
    1322:	00 97       	sbiw	r24, 0x00	; 0
    1324:	61 f0       	breq	.+24     	; 0x133e <GPIO_setupPortDirection+0x54>
    1326:	1e c0       	rjmp	.+60     	; 0x1364 <GPIO_setupPortDirection+0x7a>
    1328:	2b 81       	ldd	r18, Y+3	; 0x03
    132a:	3c 81       	ldd	r19, Y+4	; 0x04
    132c:	22 30       	cpi	r18, 0x02	; 2
    132e:	31 05       	cpc	r19, r1
    1330:	81 f0       	breq	.+32     	; 0x1352 <GPIO_setupPortDirection+0x68>
    1332:	8b 81       	ldd	r24, Y+3	; 0x03
    1334:	9c 81       	ldd	r25, Y+4	; 0x04
    1336:	83 30       	cpi	r24, 0x03	; 3
    1338:	91 05       	cpc	r25, r1
    133a:	81 f0       	breq	.+32     	; 0x135c <GPIO_setupPortDirection+0x72>
    133c:	13 c0       	rjmp	.+38     	; 0x1364 <GPIO_setupPortDirection+0x7a>
		{
		case PORTA_ID:
			DDRA = direction;
    133e:	ea e3       	ldi	r30, 0x3A	; 58
    1340:	f0 e0       	ldi	r31, 0x00	; 0
    1342:	8a 81       	ldd	r24, Y+2	; 0x02
    1344:	80 83       	st	Z, r24
    1346:	0e c0       	rjmp	.+28     	; 0x1364 <GPIO_setupPortDirection+0x7a>
			break;
		case PORTB_ID:
			DDRB = direction;
    1348:	e7 e3       	ldi	r30, 0x37	; 55
    134a:	f0 e0       	ldi	r31, 0x00	; 0
    134c:	8a 81       	ldd	r24, Y+2	; 0x02
    134e:	80 83       	st	Z, r24
    1350:	09 c0       	rjmp	.+18     	; 0x1364 <GPIO_setupPortDirection+0x7a>
			break;
		case PORTC_ID:
			DDRC = direction;
    1352:	e4 e3       	ldi	r30, 0x34	; 52
    1354:	f0 e0       	ldi	r31, 0x00	; 0
    1356:	8a 81       	ldd	r24, Y+2	; 0x02
    1358:	80 83       	st	Z, r24
    135a:	04 c0       	rjmp	.+8      	; 0x1364 <GPIO_setupPortDirection+0x7a>
			break;
		case PORTD_ID:
			DDRD = direction;
    135c:	e1 e3       	ldi	r30, 0x31	; 49
    135e:	f0 e0       	ldi	r31, 0x00	; 0
    1360:	8a 81       	ldd	r24, Y+2	; 0x02
    1362:	80 83       	st	Z, r24
			break;
		}
	}
}
    1364:	0f 90       	pop	r0
    1366:	0f 90       	pop	r0
    1368:	0f 90       	pop	r0
    136a:	0f 90       	pop	r0
    136c:	cf 91       	pop	r28
    136e:	df 91       	pop	r29
    1370:	08 95       	ret

00001372 <GPIO_writePort>:
 * If any pin in the port is output pin the value will be written.
 * If any pin in the port is input pin this will activate/deactivate the internal pull-up resistor.
 * If the input port number is not correct, The function will not handle the request.
 */
void GPIO_writePort(uint8 port_num, uint8 value)
{
    1372:	df 93       	push	r29
    1374:	cf 93       	push	r28
    1376:	00 d0       	rcall	.+0      	; 0x1378 <GPIO_writePort+0x6>
    1378:	00 d0       	rcall	.+0      	; 0x137a <GPIO_writePort+0x8>
    137a:	cd b7       	in	r28, 0x3d	; 61
    137c:	de b7       	in	r29, 0x3e	; 62
    137e:	89 83       	std	Y+1, r24	; 0x01
    1380:	6a 83       	std	Y+2, r22	; 0x02
	if(port_num >= NUM_OF_PORTS)
    1382:	89 81       	ldd	r24, Y+1	; 0x01
    1384:	84 30       	cpi	r24, 0x04	; 4
    1386:	90 f5       	brcc	.+100    	; 0x13ec <GPIO_writePort+0x7a>
		return;

	switch(port_num)
    1388:	89 81       	ldd	r24, Y+1	; 0x01
    138a:	28 2f       	mov	r18, r24
    138c:	30 e0       	ldi	r19, 0x00	; 0
    138e:	3c 83       	std	Y+4, r19	; 0x04
    1390:	2b 83       	std	Y+3, r18	; 0x03
    1392:	8b 81       	ldd	r24, Y+3	; 0x03
    1394:	9c 81       	ldd	r25, Y+4	; 0x04
    1396:	81 30       	cpi	r24, 0x01	; 1
    1398:	91 05       	cpc	r25, r1
    139a:	d1 f0       	breq	.+52     	; 0x13d0 <GPIO_writePort+0x5e>
    139c:	2b 81       	ldd	r18, Y+3	; 0x03
    139e:	3c 81       	ldd	r19, Y+4	; 0x04
    13a0:	22 30       	cpi	r18, 0x02	; 2
    13a2:	31 05       	cpc	r19, r1
    13a4:	2c f4       	brge	.+10     	; 0x13b0 <GPIO_writePort+0x3e>
    13a6:	8b 81       	ldd	r24, Y+3	; 0x03
    13a8:	9c 81       	ldd	r25, Y+4	; 0x04
    13aa:	00 97       	sbiw	r24, 0x00	; 0
    13ac:	61 f0       	breq	.+24     	; 0x13c6 <GPIO_writePort+0x54>
    13ae:	1e c0       	rjmp	.+60     	; 0x13ec <GPIO_writePort+0x7a>
    13b0:	2b 81       	ldd	r18, Y+3	; 0x03
    13b2:	3c 81       	ldd	r19, Y+4	; 0x04
    13b4:	22 30       	cpi	r18, 0x02	; 2
    13b6:	31 05       	cpc	r19, r1
    13b8:	81 f0       	breq	.+32     	; 0x13da <GPIO_writePort+0x68>
    13ba:	8b 81       	ldd	r24, Y+3	; 0x03
    13bc:	9c 81       	ldd	r25, Y+4	; 0x04
    13be:	83 30       	cpi	r24, 0x03	; 3
    13c0:	91 05       	cpc	r25, r1
    13c2:	81 f0       	breq	.+32     	; 0x13e4 <GPIO_writePort+0x72>
    13c4:	13 c0       	rjmp	.+38     	; 0x13ec <GPIO_writePort+0x7a>
	{
	case PORTA_ID:
		PORTA = value;
    13c6:	eb e3       	ldi	r30, 0x3B	; 59
    13c8:	f0 e0       	ldi	r31, 0x00	; 0
    13ca:	8a 81       	ldd	r24, Y+2	; 0x02
    13cc:	80 83       	st	Z, r24
    13ce:	0e c0       	rjmp	.+28     	; 0x13ec <GPIO_writePort+0x7a>
		break;
	case PORTB_ID:
		PORTB = value;
    13d0:	e8 e3       	ldi	r30, 0x38	; 56
    13d2:	f0 e0       	ldi	r31, 0x00	; 0
    13d4:	8a 81       	ldd	r24, Y+2	; 0x02
    13d6:	80 83       	st	Z, r24
    13d8:	09 c0       	rjmp	.+18     	; 0x13ec <GPIO_writePort+0x7a>
		break;
	case PORTC_ID:
		PORTC = value;
    13da:	e5 e3       	ldi	r30, 0x35	; 53
    13dc:	f0 e0       	ldi	r31, 0x00	; 0
    13de:	8a 81       	ldd	r24, Y+2	; 0x02
    13e0:	80 83       	st	Z, r24
    13e2:	04 c0       	rjmp	.+8      	; 0x13ec <GPIO_writePort+0x7a>
		break;
	case PORTD_ID:
		PORTD = value;
    13e4:	e2 e3       	ldi	r30, 0x32	; 50
    13e6:	f0 e0       	ldi	r31, 0x00	; 0
    13e8:	8a 81       	ldd	r24, Y+2	; 0x02
    13ea:	80 83       	st	Z, r24
		break;
	}

}
    13ec:	0f 90       	pop	r0
    13ee:	0f 90       	pop	r0
    13f0:	0f 90       	pop	r0
    13f2:	0f 90       	pop	r0
    13f4:	cf 91       	pop	r28
    13f6:	df 91       	pop	r29
    13f8:	08 95       	ret

000013fa <GPIO_readPort>:
 * Description :
 * Read and return the value of the required port.
 * If the input port number is not correct, The function will return ZERO value.
 */
uint8 GPIO_readPort(uint8 port_num)
{
    13fa:	df 93       	push	r29
    13fc:	cf 93       	push	r28
    13fe:	00 d0       	rcall	.+0      	; 0x1400 <GPIO_readPort+0x6>
    1400:	00 d0       	rcall	.+0      	; 0x1402 <GPIO_readPort+0x8>
    1402:	cd b7       	in	r28, 0x3d	; 61
    1404:	de b7       	in	r29, 0x3e	; 62
    1406:	8a 83       	std	Y+2, r24	; 0x02
	uint8 ans = 0;
    1408:	19 82       	std	Y+1, r1	; 0x01

	if(port_num < NUM_OF_PORTS)
    140a:	8a 81       	ldd	r24, Y+2	; 0x02
    140c:	84 30       	cpi	r24, 0x04	; 4
    140e:	90 f5       	brcc	.+100    	; 0x1474 <GPIO_readPort+0x7a>
		switch(port_num)
    1410:	8a 81       	ldd	r24, Y+2	; 0x02
    1412:	28 2f       	mov	r18, r24
    1414:	30 e0       	ldi	r19, 0x00	; 0
    1416:	3c 83       	std	Y+4, r19	; 0x04
    1418:	2b 83       	std	Y+3, r18	; 0x03
    141a:	8b 81       	ldd	r24, Y+3	; 0x03
    141c:	9c 81       	ldd	r25, Y+4	; 0x04
    141e:	81 30       	cpi	r24, 0x01	; 1
    1420:	91 05       	cpc	r25, r1
    1422:	d1 f0       	breq	.+52     	; 0x1458 <GPIO_readPort+0x5e>
    1424:	2b 81       	ldd	r18, Y+3	; 0x03
    1426:	3c 81       	ldd	r19, Y+4	; 0x04
    1428:	22 30       	cpi	r18, 0x02	; 2
    142a:	31 05       	cpc	r19, r1
    142c:	2c f4       	brge	.+10     	; 0x1438 <GPIO_readPort+0x3e>
    142e:	8b 81       	ldd	r24, Y+3	; 0x03
    1430:	9c 81       	ldd	r25, Y+4	; 0x04
    1432:	00 97       	sbiw	r24, 0x00	; 0
    1434:	61 f0       	breq	.+24     	; 0x144e <GPIO_readPort+0x54>
    1436:	1e c0       	rjmp	.+60     	; 0x1474 <GPIO_readPort+0x7a>
    1438:	2b 81       	ldd	r18, Y+3	; 0x03
    143a:	3c 81       	ldd	r19, Y+4	; 0x04
    143c:	22 30       	cpi	r18, 0x02	; 2
    143e:	31 05       	cpc	r19, r1
    1440:	81 f0       	breq	.+32     	; 0x1462 <GPIO_readPort+0x68>
    1442:	8b 81       	ldd	r24, Y+3	; 0x03
    1444:	9c 81       	ldd	r25, Y+4	; 0x04
    1446:	83 30       	cpi	r24, 0x03	; 3
    1448:	91 05       	cpc	r25, r1
    144a:	81 f0       	breq	.+32     	; 0x146c <GPIO_readPort+0x72>
    144c:	13 c0       	rjmp	.+38     	; 0x1474 <GPIO_readPort+0x7a>
		{
		case PORTA_ID:
			ans = PINA;
    144e:	e9 e3       	ldi	r30, 0x39	; 57
    1450:	f0 e0       	ldi	r31, 0x00	; 0
    1452:	80 81       	ld	r24, Z
    1454:	89 83       	std	Y+1, r24	; 0x01
    1456:	0e c0       	rjmp	.+28     	; 0x1474 <GPIO_readPort+0x7a>
			break;
		case PORTB_ID:
			ans = PINB;
    1458:	e6 e3       	ldi	r30, 0x36	; 54
    145a:	f0 e0       	ldi	r31, 0x00	; 0
    145c:	80 81       	ld	r24, Z
    145e:	89 83       	std	Y+1, r24	; 0x01
    1460:	09 c0       	rjmp	.+18     	; 0x1474 <GPIO_readPort+0x7a>
			break;
		case PORTC_ID:
			ans = PINC;
    1462:	e3 e3       	ldi	r30, 0x33	; 51
    1464:	f0 e0       	ldi	r31, 0x00	; 0
    1466:	80 81       	ld	r24, Z
    1468:	89 83       	std	Y+1, r24	; 0x01
    146a:	04 c0       	rjmp	.+8      	; 0x1474 <GPIO_readPort+0x7a>
			break;
		case PORTD_ID:
			ans = PIND;
    146c:	e0 e3       	ldi	r30, 0x30	; 48
    146e:	f0 e0       	ldi	r31, 0x00	; 0
    1470:	80 81       	ld	r24, Z
    1472:	89 83       	std	Y+1, r24	; 0x01
			break;
		}

	return ans;
    1474:	89 81       	ldd	r24, Y+1	; 0x01
}
    1476:	0f 90       	pop	r0
    1478:	0f 90       	pop	r0
    147a:	0f 90       	pop	r0
    147c:	0f 90       	pop	r0
    147e:	cf 91       	pop	r28
    1480:	df 91       	pop	r29
    1482:	08 95       	ret

00001484 <__vector_6>:
/*******************************************************************************
 *                       Interrupt Service Routines                            *
 *******************************************************************************/

ISR(TIMER1_CAPT_vect)
{
    1484:	1f 92       	push	r1
    1486:	0f 92       	push	r0
    1488:	0f b6       	in	r0, 0x3f	; 63
    148a:	0f 92       	push	r0
    148c:	11 24       	eor	r1, r1
    148e:	2f 93       	push	r18
    1490:	3f 93       	push	r19
    1492:	4f 93       	push	r20
    1494:	5f 93       	push	r21
    1496:	6f 93       	push	r22
    1498:	7f 93       	push	r23
    149a:	8f 93       	push	r24
    149c:	9f 93       	push	r25
    149e:	af 93       	push	r26
    14a0:	bf 93       	push	r27
    14a2:	ef 93       	push	r30
    14a4:	ff 93       	push	r31
    14a6:	df 93       	push	r29
    14a8:	cf 93       	push	r28
    14aa:	cd b7       	in	r28, 0x3d	; 61
    14ac:	de b7       	in	r29, 0x3e	; 62
	if(g_callBackPtr != NULL_PTR)
    14ae:	80 91 80 01 	lds	r24, 0x0180
    14b2:	90 91 81 01 	lds	r25, 0x0181
    14b6:	00 97       	sbiw	r24, 0x00	; 0
    14b8:	29 f0       	breq	.+10     	; 0x14c4 <__vector_6+0x40>
	{
		/* Call the Call Back function in the application after the edge is detected */
		(*g_callBackPtr)(); /* another method to call the function using pointer to function g_callBackPtr(); */
    14ba:	e0 91 80 01 	lds	r30, 0x0180
    14be:	f0 91 81 01 	lds	r31, 0x0181
    14c2:	09 95       	icall
	}
}
    14c4:	cf 91       	pop	r28
    14c6:	df 91       	pop	r29
    14c8:	ff 91       	pop	r31
    14ca:	ef 91       	pop	r30
    14cc:	bf 91       	pop	r27
    14ce:	af 91       	pop	r26
    14d0:	9f 91       	pop	r25
    14d2:	8f 91       	pop	r24
    14d4:	7f 91       	pop	r23
    14d6:	6f 91       	pop	r22
    14d8:	5f 91       	pop	r21
    14da:	4f 91       	pop	r20
    14dc:	3f 91       	pop	r19
    14de:	2f 91       	pop	r18
    14e0:	0f 90       	pop	r0
    14e2:	0f be       	out	0x3f, r0	; 63
    14e4:	0f 90       	pop	r0
    14e6:	1f 90       	pop	r1
    14e8:	18 95       	reti

000014ea <ICU_init>:
 * 	2. Set the required edge detection.
 * 	3. Enable the Input Capture Interrupt.
 * 	4. Initialize Timer1 Registers
 */
void ICU_init(const ICU_ConfigType * Config_Ptr)
{
    14ea:	df 93       	push	r29
    14ec:	cf 93       	push	r28
    14ee:	00 d0       	rcall	.+0      	; 0x14f0 <ICU_init+0x6>
    14f0:	cd b7       	in	r28, 0x3d	; 61
    14f2:	de b7       	in	r29, 0x3e	; 62
    14f4:	9a 83       	std	Y+2, r25	; 0x02
    14f6:	89 83       	std	Y+1, r24	; 0x01
	/* Configure ICP1/PD6 as i/p pin */
//	DDRD &= ~(1<<PD6);

	GPIO_setupPinDirection(PORTD_ID, PIN6_ID, PIN_INPUT);
    14f8:	83 e0       	ldi	r24, 0x03	; 3
    14fa:	66 e0       	ldi	r22, 0x06	; 6
    14fc:	40 e0       	ldi	r20, 0x00	; 0
    14fe:	0e 94 17 07 	call	0xe2e	; 0xe2e <GPIO_setupPinDirection>

	/* Timer1 always operates in Normal Mode */
	TCCR1A = (1<<FOC1A) | (1<<FOC1B);
    1502:	ef e4       	ldi	r30, 0x4F	; 79
    1504:	f0 e0       	ldi	r31, 0x00	; 0
    1506:	8c e0       	ldi	r24, 0x0C	; 12
    1508:	80 83       	st	Z, r24

	/*
	 * insert the required clock value in the first three bits (CS10, CS11 and CS12)
	 * of TCCR1B Register
	 */
	TCCR1B = (TCCR1B & 0xF8) | (Config_Ptr->clock);
    150a:	ae e4       	ldi	r26, 0x4E	; 78
    150c:	b0 e0       	ldi	r27, 0x00	; 0
    150e:	ee e4       	ldi	r30, 0x4E	; 78
    1510:	f0 e0       	ldi	r31, 0x00	; 0
    1512:	80 81       	ld	r24, Z
    1514:	98 2f       	mov	r25, r24
    1516:	98 7f       	andi	r25, 0xF8	; 248
    1518:	e9 81       	ldd	r30, Y+1	; 0x01
    151a:	fa 81       	ldd	r31, Y+2	; 0x02
    151c:	80 81       	ld	r24, Z
    151e:	89 2b       	or	r24, r25
    1520:	8c 93       	st	X, r24
	/*
     * insert the required edge type in ICES1 bit in TCCR1B Register
	 */
	TCCR1B = (TCCR1B & 0xBF) | ((Config_Ptr->edge)<<6);
    1522:	ae e4       	ldi	r26, 0x4E	; 78
    1524:	b0 e0       	ldi	r27, 0x00	; 0
    1526:	ee e4       	ldi	r30, 0x4E	; 78
    1528:	f0 e0       	ldi	r31, 0x00	; 0
    152a:	80 81       	ld	r24, Z
    152c:	28 2f       	mov	r18, r24
    152e:	2f 7b       	andi	r18, 0xBF	; 191
    1530:	e9 81       	ldd	r30, Y+1	; 0x01
    1532:	fa 81       	ldd	r31, Y+2	; 0x02
    1534:	81 81       	ldd	r24, Z+1	; 0x01
    1536:	88 2f       	mov	r24, r24
    1538:	90 e0       	ldi	r25, 0x00	; 0
    153a:	00 24       	eor	r0, r0
    153c:	96 95       	lsr	r25
    153e:	87 95       	ror	r24
    1540:	07 94       	ror	r0
    1542:	96 95       	lsr	r25
    1544:	87 95       	ror	r24
    1546:	07 94       	ror	r0
    1548:	98 2f       	mov	r25, r24
    154a:	80 2d       	mov	r24, r0
    154c:	82 2b       	or	r24, r18
    154e:	8c 93       	st	X, r24

	/* Initial Value for Timer1 */
	TCNT1 = 0;
    1550:	ec e4       	ldi	r30, 0x4C	; 76
    1552:	f0 e0       	ldi	r31, 0x00	; 0
    1554:	11 82       	std	Z+1, r1	; 0x01
    1556:	10 82       	st	Z, r1

	/* Initial Value for the input capture register */
	ICR1 = 0;
    1558:	e6 e4       	ldi	r30, 0x46	; 70
    155a:	f0 e0       	ldi	r31, 0x00	; 0
    155c:	11 82       	std	Z+1, r1	; 0x01
    155e:	10 82       	st	Z, r1

	/* Enable the Input Capture interrupt to generate an interrupt when edge is detected on ICP1/PD6 pin */
	TIMSK |= (1<<TICIE1);
    1560:	a9 e5       	ldi	r26, 0x59	; 89
    1562:	b0 e0       	ldi	r27, 0x00	; 0
    1564:	e9 e5       	ldi	r30, 0x59	; 89
    1566:	f0 e0       	ldi	r31, 0x00	; 0
    1568:	80 81       	ld	r24, Z
    156a:	80 62       	ori	r24, 0x20	; 32
    156c:	8c 93       	st	X, r24
	
	TIFR |= (1 << ICF1); 
    156e:	a8 e5       	ldi	r26, 0x58	; 88
    1570:	b0 e0       	ldi	r27, 0x00	; 0
    1572:	e8 e5       	ldi	r30, 0x58	; 88
    1574:	f0 e0       	ldi	r31, 0x00	; 0
    1576:	80 81       	ld	r24, Z
    1578:	80 62       	ori	r24, 0x20	; 32
    157a:	8c 93       	st	X, r24
}
    157c:	0f 90       	pop	r0
    157e:	0f 90       	pop	r0
    1580:	cf 91       	pop	r28
    1582:	df 91       	pop	r29
    1584:	08 95       	ret

00001586 <ICU_setCallBack>:

/*
 * Description: Function to set the Call Back function address.
 */
void ICU_setCallBack(void(*a_ptr)(void))
{
    1586:	df 93       	push	r29
    1588:	cf 93       	push	r28
    158a:	00 d0       	rcall	.+0      	; 0x158c <ICU_setCallBack+0x6>
    158c:	cd b7       	in	r28, 0x3d	; 61
    158e:	de b7       	in	r29, 0x3e	; 62
    1590:	9a 83       	std	Y+2, r25	; 0x02
    1592:	89 83       	std	Y+1, r24	; 0x01
	/* Save the address of the Call back function in a global variable */
	g_callBackPtr = (volatile void(*)(void)) a_ptr;
    1594:	89 81       	ldd	r24, Y+1	; 0x01
    1596:	9a 81       	ldd	r25, Y+2	; 0x02
    1598:	90 93 81 01 	sts	0x0181, r25
    159c:	80 93 80 01 	sts	0x0180, r24
}
    15a0:	0f 90       	pop	r0
    15a2:	0f 90       	pop	r0
    15a4:	cf 91       	pop	r28
    15a6:	df 91       	pop	r29
    15a8:	08 95       	ret

000015aa <ICU_setEdgeDetectionType>:

/*
 * Description: Function to set the required edge detection.
 */
void ICU_setEdgeDetectionType(const ICU_EdgeType a_edgeType)
{
    15aa:	df 93       	push	r29
    15ac:	cf 93       	push	r28
    15ae:	0f 92       	push	r0
    15b0:	cd b7       	in	r28, 0x3d	; 61
    15b2:	de b7       	in	r29, 0x3e	; 62
    15b4:	89 83       	std	Y+1, r24	; 0x01
	/*
	 * insert the required edge type in ICES1 bit in TCCR1B Register
	 */
	TCCR1B = (TCCR1B & 0xBF) | (a_edgeType<<6);
    15b6:	ae e4       	ldi	r26, 0x4E	; 78
    15b8:	b0 e0       	ldi	r27, 0x00	; 0
    15ba:	ee e4       	ldi	r30, 0x4E	; 78
    15bc:	f0 e0       	ldi	r31, 0x00	; 0
    15be:	80 81       	ld	r24, Z
    15c0:	28 2f       	mov	r18, r24
    15c2:	2f 7b       	andi	r18, 0xBF	; 191
    15c4:	89 81       	ldd	r24, Y+1	; 0x01
    15c6:	88 2f       	mov	r24, r24
    15c8:	90 e0       	ldi	r25, 0x00	; 0
    15ca:	00 24       	eor	r0, r0
    15cc:	96 95       	lsr	r25
    15ce:	87 95       	ror	r24
    15d0:	07 94       	ror	r0
    15d2:	96 95       	lsr	r25
    15d4:	87 95       	ror	r24
    15d6:	07 94       	ror	r0
    15d8:	98 2f       	mov	r25, r24
    15da:	80 2d       	mov	r24, r0
    15dc:	82 2b       	or	r24, r18
    15de:	8c 93       	st	X, r24
}
    15e0:	0f 90       	pop	r0
    15e2:	cf 91       	pop	r28
    15e4:	df 91       	pop	r29
    15e6:	08 95       	ret

000015e8 <ICU_getInputCaptureValue>:
/*
 * Description: Function to get the Timer1 Value when the input is captured
 *              The value stored at Input Capture Register ICR1
 */
uint16 ICU_getInputCaptureValue(void)
{
    15e8:	df 93       	push	r29
    15ea:	cf 93       	push	r28
    15ec:	cd b7       	in	r28, 0x3d	; 61
    15ee:	de b7       	in	r29, 0x3e	; 62
	return ICR1;
    15f0:	e6 e4       	ldi	r30, 0x46	; 70
    15f2:	f0 e0       	ldi	r31, 0x00	; 0
    15f4:	80 81       	ld	r24, Z
    15f6:	91 81       	ldd	r25, Z+1	; 0x01
}
    15f8:	cf 91       	pop	r28
    15fa:	df 91       	pop	r29
    15fc:	08 95       	ret

000015fe <ICU_clearTimerValue>:

/*
 * Description: Function to clear the Timer1 Value to start count from ZERO
 */
void ICU_clearTimerValue(void)
{
    15fe:	df 93       	push	r29
    1600:	cf 93       	push	r28
    1602:	cd b7       	in	r28, 0x3d	; 61
    1604:	de b7       	in	r29, 0x3e	; 62
	TCNT1 = 0;
    1606:	ec e4       	ldi	r30, 0x4C	; 76
    1608:	f0 e0       	ldi	r31, 0x00	; 0
    160a:	11 82       	std	Z+1, r1	; 0x01
    160c:	10 82       	st	Z, r1
}
    160e:	cf 91       	pop	r28
    1610:	df 91       	pop	r29
    1612:	08 95       	ret

00001614 <ICU_deInit>:

/*
 * Description: Function to disable the Timer1 to stop the ICU Driver
 */
void ICU_deInit(void)
{
    1614:	df 93       	push	r29
    1616:	cf 93       	push	r28
    1618:	cd b7       	in	r28, 0x3d	; 61
    161a:	de b7       	in	r29, 0x3e	; 62
	/* Clear All Timer1/ICU Registers */
	TCCR1A = 0;
    161c:	ef e4       	ldi	r30, 0x4F	; 79
    161e:	f0 e0       	ldi	r31, 0x00	; 0
    1620:	10 82       	st	Z, r1
	TCCR1B = 0;
    1622:	ee e4       	ldi	r30, 0x4E	; 78
    1624:	f0 e0       	ldi	r31, 0x00	; 0
    1626:	10 82       	st	Z, r1
	TCNT1 = 0;
    1628:	ec e4       	ldi	r30, 0x4C	; 76
    162a:	f0 e0       	ldi	r31, 0x00	; 0
    162c:	11 82       	std	Z+1, r1	; 0x01
    162e:	10 82       	st	Z, r1
	ICR1 = 0;
    1630:	e6 e4       	ldi	r30, 0x46	; 70
    1632:	f0 e0       	ldi	r31, 0x00	; 0
    1634:	11 82       	std	Z+1, r1	; 0x01
    1636:	10 82       	st	Z, r1

	/* Disable the Input Capture interrupt */
	TIMSK &= ~(1<<TICIE1);
    1638:	a9 e5       	ldi	r26, 0x59	; 89
    163a:	b0 e0       	ldi	r27, 0x00	; 0
    163c:	e9 e5       	ldi	r30, 0x59	; 89
    163e:	f0 e0       	ldi	r31, 0x00	; 0
    1640:	80 81       	ld	r24, Z
    1642:	8f 7d       	andi	r24, 0xDF	; 223
    1644:	8c 93       	st	X, r24

	/* Reset the global pointer value */
	g_callBackPtr = NULL_PTR;
    1646:	10 92 81 01 	sts	0x0181, r1
    164a:	10 92 80 01 	sts	0x0180, r1
}
    164e:	cf 91       	pop	r28
    1650:	df 91       	pop	r29
    1652:	08 95       	ret

00001654 <Buzzer_init>:
#include "buzzer.h"
#include "../std_types.h"

void Buzzer_init(void)
{
    1654:	df 93       	push	r29
    1656:	cf 93       	push	r28
    1658:	cd b7       	in	r28, 0x3d	; 61
    165a:	de b7       	in	r29, 0x3e	; 62
	GPIO_setupPinDirection(BUZZER_PORT_ID, BUZZER_PIN_ID, PIN_OUTPUT);
    165c:	82 e0       	ldi	r24, 0x02	; 2
    165e:	65 e0       	ldi	r22, 0x05	; 5
    1660:	41 e0       	ldi	r20, 0x01	; 1
    1662:	0e 94 17 07 	call	0xe2e	; 0xe2e <GPIO_setupPinDirection>

	Buzzer_off();
    1666:	0e 94 44 0b 	call	0x1688	; 0x1688 <Buzzer_off>
}
    166a:	cf 91       	pop	r28
    166c:	df 91       	pop	r29
    166e:	08 95       	ret

00001670 <Buzzer_on>:

void Buzzer_on(void)
{
    1670:	df 93       	push	r29
    1672:	cf 93       	push	r28
    1674:	cd b7       	in	r28, 0x3d	; 61
    1676:	de b7       	in	r29, 0x3e	; 62
	GPIO_writePin(BUZZER_PORT_ID, BUZZER_PIN_ID, LOGIC_HIGH);
    1678:	82 e0       	ldi	r24, 0x02	; 2
    167a:	65 e0       	ldi	r22, 0x05	; 5
    167c:	41 e0       	ldi	r20, 0x01	; 1
    167e:	0e 94 02 08 	call	0x1004	; 0x1004 <GPIO_writePin>
}
    1682:	cf 91       	pop	r28
    1684:	df 91       	pop	r29
    1686:	08 95       	ret

00001688 <Buzzer_off>:

void Buzzer_off(void)
{
    1688:	df 93       	push	r29
    168a:	cf 93       	push	r28
    168c:	cd b7       	in	r28, 0x3d	; 61
    168e:	de b7       	in	r29, 0x3e	; 62
	GPIO_writePin(BUZZER_PORT_ID, BUZZER_PIN_ID, LOGIC_LOW);
    1690:	82 e0       	ldi	r24, 0x02	; 2
    1692:	65 e0       	ldi	r22, 0x05	; 5
    1694:	40 e0       	ldi	r20, 0x00	; 0
    1696:	0e 94 02 08 	call	0x1004	; 0x1004 <GPIO_writePin>
}
    169a:	cf 91       	pop	r28
    169c:	df 91       	pop	r29
    169e:	08 95       	ret

000016a0 <LCD_init>:
 * Initialize the LCD:
 * 1. Setup the LCD pins directions by use the GPIO driver.
 * 2. Setup the LCD Data Mode 4-bits or 8-bits.
 */
void LCD_init(void)
{
    16a0:	df 93       	push	r29
    16a2:	cf 93       	push	r28
    16a4:	cd b7       	in	r28, 0x3d	; 61
    16a6:	de b7       	in	r29, 0x3e	; 62
    16a8:	2e 97       	sbiw	r28, 0x0e	; 14
    16aa:	0f b6       	in	r0, 0x3f	; 63
    16ac:	f8 94       	cli
    16ae:	de bf       	out	0x3e, r29	; 62
    16b0:	0f be       	out	0x3f, r0	; 63
    16b2:	cd bf       	out	0x3d, r28	; 61
	/* Configure the direction for RS and E pins as output pins */
	GPIO_setupPinDirection(LCD_RS_PORT_ID,LCD_RS_PIN_ID,PIN_OUTPUT);
    16b4:	80 e0       	ldi	r24, 0x00	; 0
    16b6:	61 e0       	ldi	r22, 0x01	; 1
    16b8:	41 e0       	ldi	r20, 0x01	; 1
    16ba:	0e 94 17 07 	call	0xe2e	; 0xe2e <GPIO_setupPinDirection>
	GPIO_setupPinDirection(LCD_E_PORT_ID,LCD_E_PIN_ID,PIN_OUTPUT);
    16be:	80 e0       	ldi	r24, 0x00	; 0
    16c0:	62 e0       	ldi	r22, 0x02	; 2
    16c2:	41 e0       	ldi	r20, 0x01	; 1
    16c4:	0e 94 17 07 	call	0xe2e	; 0xe2e <GPIO_setupPinDirection>
    16c8:	80 e0       	ldi	r24, 0x00	; 0
    16ca:	90 e0       	ldi	r25, 0x00	; 0
    16cc:	a0 ea       	ldi	r26, 0xA0	; 160
    16ce:	b1 e4       	ldi	r27, 0x41	; 65
    16d0:	8b 87       	std	Y+11, r24	; 0x0b
    16d2:	9c 87       	std	Y+12, r25	; 0x0c
    16d4:	ad 87       	std	Y+13, r26	; 0x0d
    16d6:	be 87       	std	Y+14, r27	; 0x0e
 */
void
_delay_ms(double __ms)
{
	uint16_t __ticks;
	double __tmp = ((F_CPU) / 4e3) * __ms;
    16d8:	6b 85       	ldd	r22, Y+11	; 0x0b
    16da:	7c 85       	ldd	r23, Y+12	; 0x0c
    16dc:	8d 85       	ldd	r24, Y+13	; 0x0d
    16de:	9e 85       	ldd	r25, Y+14	; 0x0e
    16e0:	20 e0       	ldi	r18, 0x00	; 0
    16e2:	30 e0       	ldi	r19, 0x00	; 0
    16e4:	4a e7       	ldi	r20, 0x7A	; 122
    16e6:	55 e4       	ldi	r21, 0x45	; 69
    16e8:	0e 94 1f 02 	call	0x43e	; 0x43e <__mulsf3>
    16ec:	dc 01       	movw	r26, r24
    16ee:	cb 01       	movw	r24, r22
    16f0:	8f 83       	std	Y+7, r24	; 0x07
    16f2:	98 87       	std	Y+8, r25	; 0x08
    16f4:	a9 87       	std	Y+9, r26	; 0x09
    16f6:	ba 87       	std	Y+10, r27	; 0x0a
	if (__tmp < 1.0)
    16f8:	6f 81       	ldd	r22, Y+7	; 0x07
    16fa:	78 85       	ldd	r23, Y+8	; 0x08
    16fc:	89 85       	ldd	r24, Y+9	; 0x09
    16fe:	9a 85       	ldd	r25, Y+10	; 0x0a
    1700:	20 e0       	ldi	r18, 0x00	; 0
    1702:	30 e0       	ldi	r19, 0x00	; 0
    1704:	40 e8       	ldi	r20, 0x80	; 128
    1706:	5f e3       	ldi	r21, 0x3F	; 63
    1708:	0e 94 25 04 	call	0x84a	; 0x84a <__ltsf2>
    170c:	88 23       	and	r24, r24
    170e:	2c f4       	brge	.+10     	; 0x171a <LCD_init+0x7a>
		__ticks = 1;
    1710:	81 e0       	ldi	r24, 0x01	; 1
    1712:	90 e0       	ldi	r25, 0x00	; 0
    1714:	9e 83       	std	Y+6, r25	; 0x06
    1716:	8d 83       	std	Y+5, r24	; 0x05
    1718:	3f c0       	rjmp	.+126    	; 0x1798 <LCD_init+0xf8>
	else if (__tmp > 65535)
    171a:	6f 81       	ldd	r22, Y+7	; 0x07
    171c:	78 85       	ldd	r23, Y+8	; 0x08
    171e:	89 85       	ldd	r24, Y+9	; 0x09
    1720:	9a 85       	ldd	r25, Y+10	; 0x0a
    1722:	20 e0       	ldi	r18, 0x00	; 0
    1724:	3f ef       	ldi	r19, 0xFF	; 255
    1726:	4f e7       	ldi	r20, 0x7F	; 127
    1728:	57 e4       	ldi	r21, 0x47	; 71
    172a:	0e 94 c5 03 	call	0x78a	; 0x78a <__gtsf2>
    172e:	18 16       	cp	r1, r24
    1730:	4c f5       	brge	.+82     	; 0x1784 <LCD_init+0xe4>
	{
		//	__ticks = requested delay in 1/10 ms
		__ticks = (uint16_t) (__ms * 10.0);
    1732:	6b 85       	ldd	r22, Y+11	; 0x0b
    1734:	7c 85       	ldd	r23, Y+12	; 0x0c
    1736:	8d 85       	ldd	r24, Y+13	; 0x0d
    1738:	9e 85       	ldd	r25, Y+14	; 0x0e
    173a:	20 e0       	ldi	r18, 0x00	; 0
    173c:	30 e0       	ldi	r19, 0x00	; 0
    173e:	40 e2       	ldi	r20, 0x20	; 32
    1740:	51 e4       	ldi	r21, 0x41	; 65
    1742:	0e 94 1f 02 	call	0x43e	; 0x43e <__mulsf3>
    1746:	dc 01       	movw	r26, r24
    1748:	cb 01       	movw	r24, r22
    174a:	bc 01       	movw	r22, r24
    174c:	cd 01       	movw	r24, r26
    174e:	0e 94 49 00 	call	0x92	; 0x92 <__fixunssfsi>
    1752:	dc 01       	movw	r26, r24
    1754:	cb 01       	movw	r24, r22
    1756:	9e 83       	std	Y+6, r25	; 0x06
    1758:	8d 83       	std	Y+5, r24	; 0x05
    175a:	0f c0       	rjmp	.+30     	; 0x177a <LCD_init+0xda>
    175c:	80 e9       	ldi	r24, 0x90	; 144
    175e:	91 e0       	ldi	r25, 0x01	; 1
    1760:	9c 83       	std	Y+4, r25	; 0x04
    1762:	8b 83       	std	Y+3, r24	; 0x03
    milliseconds can be achieved.
 */
void
_delay_loop_2(uint16_t __count)
{
	__asm__ volatile (
    1764:	8b 81       	ldd	r24, Y+3	; 0x03
    1766:	9c 81       	ldd	r25, Y+4	; 0x04
    1768:	01 97       	sbiw	r24, 0x01	; 1
    176a:	f1 f7       	brne	.-4      	; 0x1768 <LCD_init+0xc8>
    176c:	9c 83       	std	Y+4, r25	; 0x04
    176e:	8b 83       	std	Y+3, r24	; 0x03
		while(__ticks)
		{
			// wait 1/10 ms
			_delay_loop_2(((F_CPU) / 4e3) / 10);
			__ticks --;
    1770:	8d 81       	ldd	r24, Y+5	; 0x05
    1772:	9e 81       	ldd	r25, Y+6	; 0x06
    1774:	01 97       	sbiw	r24, 0x01	; 1
    1776:	9e 83       	std	Y+6, r25	; 0x06
    1778:	8d 83       	std	Y+5, r24	; 0x05
		__ticks = 1;
	else if (__tmp > 65535)
	{
		//	__ticks = requested delay in 1/10 ms
		__ticks = (uint16_t) (__ms * 10.0);
		while(__ticks)
    177a:	8d 81       	ldd	r24, Y+5	; 0x05
    177c:	9e 81       	ldd	r25, Y+6	; 0x06
    177e:	00 97       	sbiw	r24, 0x00	; 0
    1780:	69 f7       	brne	.-38     	; 0x175c <LCD_init+0xbc>
    1782:	14 c0       	rjmp	.+40     	; 0x17ac <LCD_init+0x10c>
			__ticks --;
		}
		return;
	}
	else
		__ticks = (uint16_t)__tmp;
    1784:	6f 81       	ldd	r22, Y+7	; 0x07
    1786:	78 85       	ldd	r23, Y+8	; 0x08
    1788:	89 85       	ldd	r24, Y+9	; 0x09
    178a:	9a 85       	ldd	r25, Y+10	; 0x0a
    178c:	0e 94 49 00 	call	0x92	; 0x92 <__fixunssfsi>
    1790:	dc 01       	movw	r26, r24
    1792:	cb 01       	movw	r24, r22
    1794:	9e 83       	std	Y+6, r25	; 0x06
    1796:	8d 83       	std	Y+5, r24	; 0x05
    1798:	8d 81       	ldd	r24, Y+5	; 0x05
    179a:	9e 81       	ldd	r25, Y+6	; 0x06
    179c:	9a 83       	std	Y+2, r25	; 0x02
    179e:	89 83       	std	Y+1, r24	; 0x01
    17a0:	89 81       	ldd	r24, Y+1	; 0x01
    17a2:	9a 81       	ldd	r25, Y+2	; 0x02
    17a4:	01 97       	sbiw	r24, 0x01	; 1
    17a6:	f1 f7       	brne	.-4      	; 0x17a4 <LCD_init+0x104>
    17a8:	9a 83       	std	Y+2, r25	; 0x02
    17aa:	89 83       	std	Y+1, r24	; 0x01

	_delay_ms(20);		/* LCD Power ON delay always > 15ms */

#if(LCD_DATA_BITS_MODE == 4)
	/* Configure 4 pins in the data port as output pins */
	GPIO_setupPinDirection(LCD_DATA_PORT_ID,LCD_DB4_PIN_ID,PIN_OUTPUT);
    17ac:	80 e0       	ldi	r24, 0x00	; 0
    17ae:	63 e0       	ldi	r22, 0x03	; 3
    17b0:	41 e0       	ldi	r20, 0x01	; 1
    17b2:	0e 94 17 07 	call	0xe2e	; 0xe2e <GPIO_setupPinDirection>
	GPIO_setupPinDirection(LCD_DATA_PORT_ID,LCD_DB5_PIN_ID,PIN_OUTPUT);
    17b6:	80 e0       	ldi	r24, 0x00	; 0
    17b8:	64 e0       	ldi	r22, 0x04	; 4
    17ba:	41 e0       	ldi	r20, 0x01	; 1
    17bc:	0e 94 17 07 	call	0xe2e	; 0xe2e <GPIO_setupPinDirection>
	GPIO_setupPinDirection(LCD_DATA_PORT_ID,LCD_DB6_PIN_ID,PIN_OUTPUT);
    17c0:	80 e0       	ldi	r24, 0x00	; 0
    17c2:	65 e0       	ldi	r22, 0x05	; 5
    17c4:	41 e0       	ldi	r20, 0x01	; 1
    17c6:	0e 94 17 07 	call	0xe2e	; 0xe2e <GPIO_setupPinDirection>
	GPIO_setupPinDirection(LCD_DATA_PORT_ID,LCD_DB7_PIN_ID,PIN_OUTPUT);
    17ca:	80 e0       	ldi	r24, 0x00	; 0
    17cc:	66 e0       	ldi	r22, 0x06	; 6
    17ce:	41 e0       	ldi	r20, 0x01	; 1
    17d0:	0e 94 17 07 	call	0xe2e	; 0xe2e <GPIO_setupPinDirection>

	/* Send for 4 bit initialization of LCD  */
	LCD_sendCommand(LCD_TWO_LINES_FOUR_BITS_MODE_INIT1);
    17d4:	83 e3       	ldi	r24, 0x33	; 51
    17d6:	0e 94 02 0c 	call	0x1804	; 0x1804 <LCD_sendCommand>
	LCD_sendCommand(LCD_TWO_LINES_FOUR_BITS_MODE_INIT2);
    17da:	82 e3       	ldi	r24, 0x32	; 50
    17dc:	0e 94 02 0c 	call	0x1804	; 0x1804 <LCD_sendCommand>

	/* use 2-lines LCD + 4-bits Data Mode + 5*7 dot display Mode */
	LCD_sendCommand(LCD_TWO_LINES_FOUR_BITS_MODE);
    17e0:	88 e2       	ldi	r24, 0x28	; 40
    17e2:	0e 94 02 0c 	call	0x1804	; 0x1804 <LCD_sendCommand>
	/* use 2-lines LCD + 8-bits Data Mode + 5*7 dot display Mode */
	LCD_sendCommand(LCD_TWO_LINES_EIGHT_BITS_MODE);

#endif

	LCD_sendCommand(LCD_CURSOR_OFF); /* cursor off */
    17e6:	8c e0       	ldi	r24, 0x0C	; 12
    17e8:	0e 94 02 0c 	call	0x1804	; 0x1804 <LCD_sendCommand>
	LCD_sendCommand(LCD_CLEAR_COMMAND); /* clear LCD at the beginning */
    17ec:	81 e0       	ldi	r24, 0x01	; 1
    17ee:	0e 94 02 0c 	call	0x1804	; 0x1804 <LCD_sendCommand>
}
    17f2:	2e 96       	adiw	r28, 0x0e	; 14
    17f4:	0f b6       	in	r0, 0x3f	; 63
    17f6:	f8 94       	cli
    17f8:	de bf       	out	0x3e, r29	; 62
    17fa:	0f be       	out	0x3f, r0	; 63
    17fc:	cd bf       	out	0x3d, r28	; 61
    17fe:	cf 91       	pop	r28
    1800:	df 91       	pop	r29
    1802:	08 95       	ret

00001804 <LCD_sendCommand>:
/*
 * Description :
 * Send the required command to the screen
 */
void LCD_sendCommand(uint8 command)
{
    1804:	0f 93       	push	r16
    1806:	1f 93       	push	r17
    1808:	df 93       	push	r29
    180a:	cf 93       	push	r28
    180c:	cd b7       	in	r28, 0x3d	; 61
    180e:	de b7       	in	r29, 0x3e	; 62
    1810:	c3 56       	subi	r28, 0x63	; 99
    1812:	d0 40       	sbci	r29, 0x00	; 0
    1814:	0f b6       	in	r0, 0x3f	; 63
    1816:	f8 94       	cli
    1818:	de bf       	out	0x3e, r29	; 62
    181a:	0f be       	out	0x3f, r0	; 63
    181c:	cd bf       	out	0x3d, r28	; 61
    181e:	fe 01       	movw	r30, r28
    1820:	ed 59       	subi	r30, 0x9D	; 157
    1822:	ff 4f       	sbci	r31, 0xFF	; 255
    1824:	80 83       	st	Z, r24
	GPIO_writePin(LCD_RS_PORT_ID,LCD_RS_PIN_ID,LOGIC_LOW); /* Instruction Mode RS=0 */
    1826:	80 e0       	ldi	r24, 0x00	; 0
    1828:	61 e0       	ldi	r22, 0x01	; 1
    182a:	40 e0       	ldi	r20, 0x00	; 0
    182c:	0e 94 02 08 	call	0x1004	; 0x1004 <GPIO_writePin>
    1830:	fe 01       	movw	r30, r28
    1832:	e1 5a       	subi	r30, 0xA1	; 161
    1834:	ff 4f       	sbci	r31, 0xFF	; 255
    1836:	80 e0       	ldi	r24, 0x00	; 0
    1838:	90 e0       	ldi	r25, 0x00	; 0
    183a:	a0 e8       	ldi	r26, 0x80	; 128
    183c:	bf e3       	ldi	r27, 0x3F	; 63
    183e:	80 83       	st	Z, r24
    1840:	91 83       	std	Z+1, r25	; 0x01
    1842:	a2 83       	std	Z+2, r26	; 0x02
    1844:	b3 83       	std	Z+3, r27	; 0x03
 */
void
_delay_ms(double __ms)
{
	uint16_t __ticks;
	double __tmp = ((F_CPU) / 4e3) * __ms;
    1846:	8e 01       	movw	r16, r28
    1848:	05 5a       	subi	r16, 0xA5	; 165
    184a:	1f 4f       	sbci	r17, 0xFF	; 255
    184c:	fe 01       	movw	r30, r28
    184e:	e1 5a       	subi	r30, 0xA1	; 161
    1850:	ff 4f       	sbci	r31, 0xFF	; 255
    1852:	60 81       	ld	r22, Z
    1854:	71 81       	ldd	r23, Z+1	; 0x01
    1856:	82 81       	ldd	r24, Z+2	; 0x02
    1858:	93 81       	ldd	r25, Z+3	; 0x03
    185a:	20 e0       	ldi	r18, 0x00	; 0
    185c:	30 e0       	ldi	r19, 0x00	; 0
    185e:	4a e7       	ldi	r20, 0x7A	; 122
    1860:	55 e4       	ldi	r21, 0x45	; 69
    1862:	0e 94 1f 02 	call	0x43e	; 0x43e <__mulsf3>
    1866:	dc 01       	movw	r26, r24
    1868:	cb 01       	movw	r24, r22
    186a:	f8 01       	movw	r30, r16
    186c:	80 83       	st	Z, r24
    186e:	91 83       	std	Z+1, r25	; 0x01
    1870:	a2 83       	std	Z+2, r26	; 0x02
    1872:	b3 83       	std	Z+3, r27	; 0x03
	if (__tmp < 1.0)
    1874:	fe 01       	movw	r30, r28
    1876:	e5 5a       	subi	r30, 0xA5	; 165
    1878:	ff 4f       	sbci	r31, 0xFF	; 255
    187a:	60 81       	ld	r22, Z
    187c:	71 81       	ldd	r23, Z+1	; 0x01
    187e:	82 81       	ldd	r24, Z+2	; 0x02
    1880:	93 81       	ldd	r25, Z+3	; 0x03
    1882:	20 e0       	ldi	r18, 0x00	; 0
    1884:	30 e0       	ldi	r19, 0x00	; 0
    1886:	40 e8       	ldi	r20, 0x80	; 128
    1888:	5f e3       	ldi	r21, 0x3F	; 63
    188a:	0e 94 25 04 	call	0x84a	; 0x84a <__ltsf2>
    188e:	88 23       	and	r24, r24
    1890:	44 f4       	brge	.+16     	; 0x18a2 <LCD_sendCommand+0x9e>
		__ticks = 1;
    1892:	fe 01       	movw	r30, r28
    1894:	e7 5a       	subi	r30, 0xA7	; 167
    1896:	ff 4f       	sbci	r31, 0xFF	; 255
    1898:	81 e0       	ldi	r24, 0x01	; 1
    189a:	90 e0       	ldi	r25, 0x00	; 0
    189c:	91 83       	std	Z+1, r25	; 0x01
    189e:	80 83       	st	Z, r24
    18a0:	64 c0       	rjmp	.+200    	; 0x196a <LCD_sendCommand+0x166>
	else if (__tmp > 65535)
    18a2:	fe 01       	movw	r30, r28
    18a4:	e5 5a       	subi	r30, 0xA5	; 165
    18a6:	ff 4f       	sbci	r31, 0xFF	; 255
    18a8:	60 81       	ld	r22, Z
    18aa:	71 81       	ldd	r23, Z+1	; 0x01
    18ac:	82 81       	ldd	r24, Z+2	; 0x02
    18ae:	93 81       	ldd	r25, Z+3	; 0x03
    18b0:	20 e0       	ldi	r18, 0x00	; 0
    18b2:	3f ef       	ldi	r19, 0xFF	; 255
    18b4:	4f e7       	ldi	r20, 0x7F	; 127
    18b6:	57 e4       	ldi	r21, 0x47	; 71
    18b8:	0e 94 c5 03 	call	0x78a	; 0x78a <__gtsf2>
    18bc:	18 16       	cp	r1, r24
    18be:	0c f0       	brlt	.+2      	; 0x18c2 <LCD_sendCommand+0xbe>
    18c0:	43 c0       	rjmp	.+134    	; 0x1948 <LCD_sendCommand+0x144>
	{
		//	__ticks = requested delay in 1/10 ms
		__ticks = (uint16_t) (__ms * 10.0);
    18c2:	fe 01       	movw	r30, r28
    18c4:	e1 5a       	subi	r30, 0xA1	; 161
    18c6:	ff 4f       	sbci	r31, 0xFF	; 255
    18c8:	60 81       	ld	r22, Z
    18ca:	71 81       	ldd	r23, Z+1	; 0x01
    18cc:	82 81       	ldd	r24, Z+2	; 0x02
    18ce:	93 81       	ldd	r25, Z+3	; 0x03
    18d0:	20 e0       	ldi	r18, 0x00	; 0
    18d2:	30 e0       	ldi	r19, 0x00	; 0
    18d4:	40 e2       	ldi	r20, 0x20	; 32
    18d6:	51 e4       	ldi	r21, 0x41	; 65
    18d8:	0e 94 1f 02 	call	0x43e	; 0x43e <__mulsf3>
    18dc:	dc 01       	movw	r26, r24
    18de:	cb 01       	movw	r24, r22
    18e0:	8e 01       	movw	r16, r28
    18e2:	07 5a       	subi	r16, 0xA7	; 167
    18e4:	1f 4f       	sbci	r17, 0xFF	; 255
    18e6:	bc 01       	movw	r22, r24
    18e8:	cd 01       	movw	r24, r26
    18ea:	0e 94 49 00 	call	0x92	; 0x92 <__fixunssfsi>
    18ee:	dc 01       	movw	r26, r24
    18f0:	cb 01       	movw	r24, r22
    18f2:	f8 01       	movw	r30, r16
    18f4:	91 83       	std	Z+1, r25	; 0x01
    18f6:	80 83       	st	Z, r24
    18f8:	1f c0       	rjmp	.+62     	; 0x1938 <LCD_sendCommand+0x134>
    18fa:	fe 01       	movw	r30, r28
    18fc:	e9 5a       	subi	r30, 0xA9	; 169
    18fe:	ff 4f       	sbci	r31, 0xFF	; 255
    1900:	80 e9       	ldi	r24, 0x90	; 144
    1902:	91 e0       	ldi	r25, 0x01	; 1
    1904:	91 83       	std	Z+1, r25	; 0x01
    1906:	80 83       	st	Z, r24
    1908:	fe 01       	movw	r30, r28
    190a:	e9 5a       	subi	r30, 0xA9	; 169
    190c:	ff 4f       	sbci	r31, 0xFF	; 255
    190e:	80 81       	ld	r24, Z
    1910:	91 81       	ldd	r25, Z+1	; 0x01
    1912:	01 97       	sbiw	r24, 0x01	; 1
    1914:	f1 f7       	brne	.-4      	; 0x1912 <LCD_sendCommand+0x10e>
    1916:	fe 01       	movw	r30, r28
    1918:	e9 5a       	subi	r30, 0xA9	; 169
    191a:	ff 4f       	sbci	r31, 0xFF	; 255
    191c:	91 83       	std	Z+1, r25	; 0x01
    191e:	80 83       	st	Z, r24
		while(__ticks)
		{
			// wait 1/10 ms
			_delay_loop_2(((F_CPU) / 4e3) / 10);
			__ticks --;
    1920:	de 01       	movw	r26, r28
    1922:	a7 5a       	subi	r26, 0xA7	; 167
    1924:	bf 4f       	sbci	r27, 0xFF	; 255
    1926:	fe 01       	movw	r30, r28
    1928:	e7 5a       	subi	r30, 0xA7	; 167
    192a:	ff 4f       	sbci	r31, 0xFF	; 255
    192c:	80 81       	ld	r24, Z
    192e:	91 81       	ldd	r25, Z+1	; 0x01
    1930:	01 97       	sbiw	r24, 0x01	; 1
    1932:	11 96       	adiw	r26, 0x01	; 1
    1934:	9c 93       	st	X, r25
    1936:	8e 93       	st	-X, r24
		__ticks = 1;
	else if (__tmp > 65535)
	{
		//	__ticks = requested delay in 1/10 ms
		__ticks = (uint16_t) (__ms * 10.0);
		while(__ticks)
    1938:	fe 01       	movw	r30, r28
    193a:	e7 5a       	subi	r30, 0xA7	; 167
    193c:	ff 4f       	sbci	r31, 0xFF	; 255
    193e:	80 81       	ld	r24, Z
    1940:	91 81       	ldd	r25, Z+1	; 0x01
    1942:	00 97       	sbiw	r24, 0x00	; 0
    1944:	d1 f6       	brne	.-76     	; 0x18fa <LCD_sendCommand+0xf6>
    1946:	27 c0       	rjmp	.+78     	; 0x1996 <LCD_sendCommand+0x192>
			__ticks --;
		}
		return;
	}
	else
		__ticks = (uint16_t)__tmp;
    1948:	8e 01       	movw	r16, r28
    194a:	07 5a       	subi	r16, 0xA7	; 167
    194c:	1f 4f       	sbci	r17, 0xFF	; 255
    194e:	fe 01       	movw	r30, r28
    1950:	e5 5a       	subi	r30, 0xA5	; 165
    1952:	ff 4f       	sbci	r31, 0xFF	; 255
    1954:	60 81       	ld	r22, Z
    1956:	71 81       	ldd	r23, Z+1	; 0x01
    1958:	82 81       	ldd	r24, Z+2	; 0x02
    195a:	93 81       	ldd	r25, Z+3	; 0x03
    195c:	0e 94 49 00 	call	0x92	; 0x92 <__fixunssfsi>
    1960:	dc 01       	movw	r26, r24
    1962:	cb 01       	movw	r24, r22
    1964:	f8 01       	movw	r30, r16
    1966:	91 83       	std	Z+1, r25	; 0x01
    1968:	80 83       	st	Z, r24
    196a:	de 01       	movw	r26, r28
    196c:	ab 5a       	subi	r26, 0xAB	; 171
    196e:	bf 4f       	sbci	r27, 0xFF	; 255
    1970:	fe 01       	movw	r30, r28
    1972:	e7 5a       	subi	r30, 0xA7	; 167
    1974:	ff 4f       	sbci	r31, 0xFF	; 255
    1976:	80 81       	ld	r24, Z
    1978:	91 81       	ldd	r25, Z+1	; 0x01
    197a:	8d 93       	st	X+, r24
    197c:	9c 93       	st	X, r25
    197e:	fe 01       	movw	r30, r28
    1980:	eb 5a       	subi	r30, 0xAB	; 171
    1982:	ff 4f       	sbci	r31, 0xFF	; 255
    1984:	80 81       	ld	r24, Z
    1986:	91 81       	ldd	r25, Z+1	; 0x01
    1988:	01 97       	sbiw	r24, 0x01	; 1
    198a:	f1 f7       	brne	.-4      	; 0x1988 <LCD_sendCommand+0x184>
    198c:	fe 01       	movw	r30, r28
    198e:	eb 5a       	subi	r30, 0xAB	; 171
    1990:	ff 4f       	sbci	r31, 0xFF	; 255
    1992:	91 83       	std	Z+1, r25	; 0x01
    1994:	80 83       	st	Z, r24
	_delay_ms(1); /* delay for processing Tas = 50ns */
	GPIO_writePin(LCD_E_PORT_ID,LCD_E_PIN_ID,LOGIC_HIGH); /* Enable LCD E=1 */
    1996:	80 e0       	ldi	r24, 0x00	; 0
    1998:	62 e0       	ldi	r22, 0x02	; 2
    199a:	41 e0       	ldi	r20, 0x01	; 1
    199c:	0e 94 02 08 	call	0x1004	; 0x1004 <GPIO_writePin>
    19a0:	fe 01       	movw	r30, r28
    19a2:	ef 5a       	subi	r30, 0xAF	; 175
    19a4:	ff 4f       	sbci	r31, 0xFF	; 255
    19a6:	80 e0       	ldi	r24, 0x00	; 0
    19a8:	90 e0       	ldi	r25, 0x00	; 0
    19aa:	a0 e8       	ldi	r26, 0x80	; 128
    19ac:	bf e3       	ldi	r27, 0x3F	; 63
    19ae:	80 83       	st	Z, r24
    19b0:	91 83       	std	Z+1, r25	; 0x01
    19b2:	a2 83       	std	Z+2, r26	; 0x02
    19b4:	b3 83       	std	Z+3, r27	; 0x03
 */
void
_delay_ms(double __ms)
{
	uint16_t __ticks;
	double __tmp = ((F_CPU) / 4e3) * __ms;
    19b6:	8e 01       	movw	r16, r28
    19b8:	03 5b       	subi	r16, 0xB3	; 179
    19ba:	1f 4f       	sbci	r17, 0xFF	; 255
    19bc:	fe 01       	movw	r30, r28
    19be:	ef 5a       	subi	r30, 0xAF	; 175
    19c0:	ff 4f       	sbci	r31, 0xFF	; 255
    19c2:	60 81       	ld	r22, Z
    19c4:	71 81       	ldd	r23, Z+1	; 0x01
    19c6:	82 81       	ldd	r24, Z+2	; 0x02
    19c8:	93 81       	ldd	r25, Z+3	; 0x03
    19ca:	20 e0       	ldi	r18, 0x00	; 0
    19cc:	30 e0       	ldi	r19, 0x00	; 0
    19ce:	4a e7       	ldi	r20, 0x7A	; 122
    19d0:	55 e4       	ldi	r21, 0x45	; 69
    19d2:	0e 94 1f 02 	call	0x43e	; 0x43e <__mulsf3>
    19d6:	dc 01       	movw	r26, r24
    19d8:	cb 01       	movw	r24, r22
    19da:	f8 01       	movw	r30, r16
    19dc:	80 83       	st	Z, r24
    19de:	91 83       	std	Z+1, r25	; 0x01
    19e0:	a2 83       	std	Z+2, r26	; 0x02
    19e2:	b3 83       	std	Z+3, r27	; 0x03
	if (__tmp < 1.0)
    19e4:	fe 01       	movw	r30, r28
    19e6:	e3 5b       	subi	r30, 0xB3	; 179
    19e8:	ff 4f       	sbci	r31, 0xFF	; 255
    19ea:	60 81       	ld	r22, Z
    19ec:	71 81       	ldd	r23, Z+1	; 0x01
    19ee:	82 81       	ldd	r24, Z+2	; 0x02
    19f0:	93 81       	ldd	r25, Z+3	; 0x03
    19f2:	20 e0       	ldi	r18, 0x00	; 0
    19f4:	30 e0       	ldi	r19, 0x00	; 0
    19f6:	40 e8       	ldi	r20, 0x80	; 128
    19f8:	5f e3       	ldi	r21, 0x3F	; 63
    19fa:	0e 94 25 04 	call	0x84a	; 0x84a <__ltsf2>
    19fe:	88 23       	and	r24, r24
    1a00:	44 f4       	brge	.+16     	; 0x1a12 <LCD_sendCommand+0x20e>
		__ticks = 1;
    1a02:	fe 01       	movw	r30, r28
    1a04:	e5 5b       	subi	r30, 0xB5	; 181
    1a06:	ff 4f       	sbci	r31, 0xFF	; 255
    1a08:	81 e0       	ldi	r24, 0x01	; 1
    1a0a:	90 e0       	ldi	r25, 0x00	; 0
    1a0c:	91 83       	std	Z+1, r25	; 0x01
    1a0e:	80 83       	st	Z, r24
    1a10:	64 c0       	rjmp	.+200    	; 0x1ada <LCD_sendCommand+0x2d6>
	else if (__tmp > 65535)
    1a12:	fe 01       	movw	r30, r28
    1a14:	e3 5b       	subi	r30, 0xB3	; 179
    1a16:	ff 4f       	sbci	r31, 0xFF	; 255
    1a18:	60 81       	ld	r22, Z
    1a1a:	71 81       	ldd	r23, Z+1	; 0x01
    1a1c:	82 81       	ldd	r24, Z+2	; 0x02
    1a1e:	93 81       	ldd	r25, Z+3	; 0x03
    1a20:	20 e0       	ldi	r18, 0x00	; 0
    1a22:	3f ef       	ldi	r19, 0xFF	; 255
    1a24:	4f e7       	ldi	r20, 0x7F	; 127
    1a26:	57 e4       	ldi	r21, 0x47	; 71
    1a28:	0e 94 c5 03 	call	0x78a	; 0x78a <__gtsf2>
    1a2c:	18 16       	cp	r1, r24
    1a2e:	0c f0       	brlt	.+2      	; 0x1a32 <LCD_sendCommand+0x22e>
    1a30:	43 c0       	rjmp	.+134    	; 0x1ab8 <LCD_sendCommand+0x2b4>
	{
		//	__ticks = requested delay in 1/10 ms
		__ticks = (uint16_t) (__ms * 10.0);
    1a32:	fe 01       	movw	r30, r28
    1a34:	ef 5a       	subi	r30, 0xAF	; 175
    1a36:	ff 4f       	sbci	r31, 0xFF	; 255
    1a38:	60 81       	ld	r22, Z
    1a3a:	71 81       	ldd	r23, Z+1	; 0x01
    1a3c:	82 81       	ldd	r24, Z+2	; 0x02
    1a3e:	93 81       	ldd	r25, Z+3	; 0x03
    1a40:	20 e0       	ldi	r18, 0x00	; 0
    1a42:	30 e0       	ldi	r19, 0x00	; 0
    1a44:	40 e2       	ldi	r20, 0x20	; 32
    1a46:	51 e4       	ldi	r21, 0x41	; 65
    1a48:	0e 94 1f 02 	call	0x43e	; 0x43e <__mulsf3>
    1a4c:	dc 01       	movw	r26, r24
    1a4e:	cb 01       	movw	r24, r22
    1a50:	8e 01       	movw	r16, r28
    1a52:	05 5b       	subi	r16, 0xB5	; 181
    1a54:	1f 4f       	sbci	r17, 0xFF	; 255
    1a56:	bc 01       	movw	r22, r24
    1a58:	cd 01       	movw	r24, r26
    1a5a:	0e 94 49 00 	call	0x92	; 0x92 <__fixunssfsi>
    1a5e:	dc 01       	movw	r26, r24
    1a60:	cb 01       	movw	r24, r22
    1a62:	f8 01       	movw	r30, r16
    1a64:	91 83       	std	Z+1, r25	; 0x01
    1a66:	80 83       	st	Z, r24
    1a68:	1f c0       	rjmp	.+62     	; 0x1aa8 <LCD_sendCommand+0x2a4>
    1a6a:	fe 01       	movw	r30, r28
    1a6c:	e7 5b       	subi	r30, 0xB7	; 183
    1a6e:	ff 4f       	sbci	r31, 0xFF	; 255
    1a70:	80 e9       	ldi	r24, 0x90	; 144
    1a72:	91 e0       	ldi	r25, 0x01	; 1
    1a74:	91 83       	std	Z+1, r25	; 0x01
    1a76:	80 83       	st	Z, r24
    1a78:	fe 01       	movw	r30, r28
    1a7a:	e7 5b       	subi	r30, 0xB7	; 183
    1a7c:	ff 4f       	sbci	r31, 0xFF	; 255
    1a7e:	80 81       	ld	r24, Z
    1a80:	91 81       	ldd	r25, Z+1	; 0x01
    1a82:	01 97       	sbiw	r24, 0x01	; 1
    1a84:	f1 f7       	brne	.-4      	; 0x1a82 <LCD_sendCommand+0x27e>
    1a86:	fe 01       	movw	r30, r28
    1a88:	e7 5b       	subi	r30, 0xB7	; 183
    1a8a:	ff 4f       	sbci	r31, 0xFF	; 255
    1a8c:	91 83       	std	Z+1, r25	; 0x01
    1a8e:	80 83       	st	Z, r24
		while(__ticks)
		{
			// wait 1/10 ms
			_delay_loop_2(((F_CPU) / 4e3) / 10);
			__ticks --;
    1a90:	de 01       	movw	r26, r28
    1a92:	a5 5b       	subi	r26, 0xB5	; 181
    1a94:	bf 4f       	sbci	r27, 0xFF	; 255
    1a96:	fe 01       	movw	r30, r28
    1a98:	e5 5b       	subi	r30, 0xB5	; 181
    1a9a:	ff 4f       	sbci	r31, 0xFF	; 255
    1a9c:	80 81       	ld	r24, Z
    1a9e:	91 81       	ldd	r25, Z+1	; 0x01
    1aa0:	01 97       	sbiw	r24, 0x01	; 1
    1aa2:	11 96       	adiw	r26, 0x01	; 1
    1aa4:	9c 93       	st	X, r25
    1aa6:	8e 93       	st	-X, r24
		__ticks = 1;
	else if (__tmp > 65535)
	{
		//	__ticks = requested delay in 1/10 ms
		__ticks = (uint16_t) (__ms * 10.0);
		while(__ticks)
    1aa8:	fe 01       	movw	r30, r28
    1aaa:	e5 5b       	subi	r30, 0xB5	; 181
    1aac:	ff 4f       	sbci	r31, 0xFF	; 255
    1aae:	80 81       	ld	r24, Z
    1ab0:	91 81       	ldd	r25, Z+1	; 0x01
    1ab2:	00 97       	sbiw	r24, 0x00	; 0
    1ab4:	d1 f6       	brne	.-76     	; 0x1a6a <LCD_sendCommand+0x266>
    1ab6:	27 c0       	rjmp	.+78     	; 0x1b06 <LCD_sendCommand+0x302>
			__ticks --;
		}
		return;
	}
	else
		__ticks = (uint16_t)__tmp;
    1ab8:	8e 01       	movw	r16, r28
    1aba:	05 5b       	subi	r16, 0xB5	; 181
    1abc:	1f 4f       	sbci	r17, 0xFF	; 255
    1abe:	fe 01       	movw	r30, r28
    1ac0:	e3 5b       	subi	r30, 0xB3	; 179
    1ac2:	ff 4f       	sbci	r31, 0xFF	; 255
    1ac4:	60 81       	ld	r22, Z
    1ac6:	71 81       	ldd	r23, Z+1	; 0x01
    1ac8:	82 81       	ldd	r24, Z+2	; 0x02
    1aca:	93 81       	ldd	r25, Z+3	; 0x03
    1acc:	0e 94 49 00 	call	0x92	; 0x92 <__fixunssfsi>
    1ad0:	dc 01       	movw	r26, r24
    1ad2:	cb 01       	movw	r24, r22
    1ad4:	f8 01       	movw	r30, r16
    1ad6:	91 83       	std	Z+1, r25	; 0x01
    1ad8:	80 83       	st	Z, r24
    1ada:	de 01       	movw	r26, r28
    1adc:	a9 5b       	subi	r26, 0xB9	; 185
    1ade:	bf 4f       	sbci	r27, 0xFF	; 255
    1ae0:	fe 01       	movw	r30, r28
    1ae2:	e5 5b       	subi	r30, 0xB5	; 181
    1ae4:	ff 4f       	sbci	r31, 0xFF	; 255
    1ae6:	80 81       	ld	r24, Z
    1ae8:	91 81       	ldd	r25, Z+1	; 0x01
    1aea:	8d 93       	st	X+, r24
    1aec:	9c 93       	st	X, r25
    1aee:	fe 01       	movw	r30, r28
    1af0:	e9 5b       	subi	r30, 0xB9	; 185
    1af2:	ff 4f       	sbci	r31, 0xFF	; 255
    1af4:	80 81       	ld	r24, Z
    1af6:	91 81       	ldd	r25, Z+1	; 0x01
    1af8:	01 97       	sbiw	r24, 0x01	; 1
    1afa:	f1 f7       	brne	.-4      	; 0x1af8 <LCD_sendCommand+0x2f4>
    1afc:	fe 01       	movw	r30, r28
    1afe:	e9 5b       	subi	r30, 0xB9	; 185
    1b00:	ff 4f       	sbci	r31, 0xFF	; 255
    1b02:	91 83       	std	Z+1, r25	; 0x01
    1b04:	80 83       	st	Z, r24
	_delay_ms(1); /* delay for processing Tpw - Tdws = 190ns */

#if(LCD_DATA_BITS_MODE == 4)
	GPIO_writePin(LCD_DATA_PORT_ID,LCD_DB4_PIN_ID,GET_BIT(command,4));
    1b06:	fe 01       	movw	r30, r28
    1b08:	ed 59       	subi	r30, 0x9D	; 157
    1b0a:	ff 4f       	sbci	r31, 0xFF	; 255
    1b0c:	80 81       	ld	r24, Z
    1b0e:	98 2f       	mov	r25, r24
    1b10:	90 71       	andi	r25, 0x10	; 16
    1b12:	80 e0       	ldi	r24, 0x00	; 0
    1b14:	63 e0       	ldi	r22, 0x03	; 3
    1b16:	49 2f       	mov	r20, r25
    1b18:	0e 94 02 08 	call	0x1004	; 0x1004 <GPIO_writePin>
	GPIO_writePin(LCD_DATA_PORT_ID,LCD_DB5_PIN_ID,GET_BIT(command,5));
    1b1c:	fe 01       	movw	r30, r28
    1b1e:	ed 59       	subi	r30, 0x9D	; 157
    1b20:	ff 4f       	sbci	r31, 0xFF	; 255
    1b22:	80 81       	ld	r24, Z
    1b24:	98 2f       	mov	r25, r24
    1b26:	90 72       	andi	r25, 0x20	; 32
    1b28:	80 e0       	ldi	r24, 0x00	; 0
    1b2a:	64 e0       	ldi	r22, 0x04	; 4
    1b2c:	49 2f       	mov	r20, r25
    1b2e:	0e 94 02 08 	call	0x1004	; 0x1004 <GPIO_writePin>
	GPIO_writePin(LCD_DATA_PORT_ID,LCD_DB6_PIN_ID,GET_BIT(command,6));
    1b32:	fe 01       	movw	r30, r28
    1b34:	ed 59       	subi	r30, 0x9D	; 157
    1b36:	ff 4f       	sbci	r31, 0xFF	; 255
    1b38:	80 81       	ld	r24, Z
    1b3a:	98 2f       	mov	r25, r24
    1b3c:	90 74       	andi	r25, 0x40	; 64
    1b3e:	80 e0       	ldi	r24, 0x00	; 0
    1b40:	65 e0       	ldi	r22, 0x05	; 5
    1b42:	49 2f       	mov	r20, r25
    1b44:	0e 94 02 08 	call	0x1004	; 0x1004 <GPIO_writePin>
	GPIO_writePin(LCD_DATA_PORT_ID,LCD_DB7_PIN_ID,GET_BIT(command,7));
    1b48:	fe 01       	movw	r30, r28
    1b4a:	ed 59       	subi	r30, 0x9D	; 157
    1b4c:	ff 4f       	sbci	r31, 0xFF	; 255
    1b4e:	80 81       	ld	r24, Z
    1b50:	98 2f       	mov	r25, r24
    1b52:	90 78       	andi	r25, 0x80	; 128
    1b54:	80 e0       	ldi	r24, 0x00	; 0
    1b56:	66 e0       	ldi	r22, 0x06	; 6
    1b58:	49 2f       	mov	r20, r25
    1b5a:	0e 94 02 08 	call	0x1004	; 0x1004 <GPIO_writePin>
    1b5e:	fe 01       	movw	r30, r28
    1b60:	ed 5b       	subi	r30, 0xBD	; 189
    1b62:	ff 4f       	sbci	r31, 0xFF	; 255
    1b64:	80 e0       	ldi	r24, 0x00	; 0
    1b66:	90 e0       	ldi	r25, 0x00	; 0
    1b68:	a0 e8       	ldi	r26, 0x80	; 128
    1b6a:	bf e3       	ldi	r27, 0x3F	; 63
    1b6c:	80 83       	st	Z, r24
    1b6e:	91 83       	std	Z+1, r25	; 0x01
    1b70:	a2 83       	std	Z+2, r26	; 0x02
    1b72:	b3 83       	std	Z+3, r27	; 0x03
 */
void
_delay_ms(double __ms)
{
	uint16_t __ticks;
	double __tmp = ((F_CPU) / 4e3) * __ms;
    1b74:	8e 01       	movw	r16, r28
    1b76:	01 5c       	subi	r16, 0xC1	; 193
    1b78:	1f 4f       	sbci	r17, 0xFF	; 255
    1b7a:	fe 01       	movw	r30, r28
    1b7c:	ed 5b       	subi	r30, 0xBD	; 189
    1b7e:	ff 4f       	sbci	r31, 0xFF	; 255
    1b80:	60 81       	ld	r22, Z
    1b82:	71 81       	ldd	r23, Z+1	; 0x01
    1b84:	82 81       	ldd	r24, Z+2	; 0x02
    1b86:	93 81       	ldd	r25, Z+3	; 0x03
    1b88:	20 e0       	ldi	r18, 0x00	; 0
    1b8a:	30 e0       	ldi	r19, 0x00	; 0
    1b8c:	4a e7       	ldi	r20, 0x7A	; 122
    1b8e:	55 e4       	ldi	r21, 0x45	; 69
    1b90:	0e 94 1f 02 	call	0x43e	; 0x43e <__mulsf3>
    1b94:	dc 01       	movw	r26, r24
    1b96:	cb 01       	movw	r24, r22
    1b98:	f8 01       	movw	r30, r16
    1b9a:	80 83       	st	Z, r24
    1b9c:	91 83       	std	Z+1, r25	; 0x01
    1b9e:	a2 83       	std	Z+2, r26	; 0x02
    1ba0:	b3 83       	std	Z+3, r27	; 0x03
	if (__tmp < 1.0)
    1ba2:	fe 01       	movw	r30, r28
    1ba4:	ff 96       	adiw	r30, 0x3f	; 63
    1ba6:	60 81       	ld	r22, Z
    1ba8:	71 81       	ldd	r23, Z+1	; 0x01
    1baa:	82 81       	ldd	r24, Z+2	; 0x02
    1bac:	93 81       	ldd	r25, Z+3	; 0x03
    1bae:	20 e0       	ldi	r18, 0x00	; 0
    1bb0:	30 e0       	ldi	r19, 0x00	; 0
    1bb2:	40 e8       	ldi	r20, 0x80	; 128
    1bb4:	5f e3       	ldi	r21, 0x3F	; 63
    1bb6:	0e 94 25 04 	call	0x84a	; 0x84a <__ltsf2>
    1bba:	88 23       	and	r24, r24
    1bbc:	2c f4       	brge	.+10     	; 0x1bc8 <LCD_sendCommand+0x3c4>
		__ticks = 1;
    1bbe:	81 e0       	ldi	r24, 0x01	; 1
    1bc0:	90 e0       	ldi	r25, 0x00	; 0
    1bc2:	9e af       	std	Y+62, r25	; 0x3e
    1bc4:	8d af       	std	Y+61, r24	; 0x3d
    1bc6:	46 c0       	rjmp	.+140    	; 0x1c54 <LCD_sendCommand+0x450>
	else if (__tmp > 65535)
    1bc8:	fe 01       	movw	r30, r28
    1bca:	ff 96       	adiw	r30, 0x3f	; 63
    1bcc:	60 81       	ld	r22, Z
    1bce:	71 81       	ldd	r23, Z+1	; 0x01
    1bd0:	82 81       	ldd	r24, Z+2	; 0x02
    1bd2:	93 81       	ldd	r25, Z+3	; 0x03
    1bd4:	20 e0       	ldi	r18, 0x00	; 0
    1bd6:	3f ef       	ldi	r19, 0xFF	; 255
    1bd8:	4f e7       	ldi	r20, 0x7F	; 127
    1bda:	57 e4       	ldi	r21, 0x47	; 71
    1bdc:	0e 94 c5 03 	call	0x78a	; 0x78a <__gtsf2>
    1be0:	18 16       	cp	r1, r24
    1be2:	64 f5       	brge	.+88     	; 0x1c3c <LCD_sendCommand+0x438>
	{
		//	__ticks = requested delay in 1/10 ms
		__ticks = (uint16_t) (__ms * 10.0);
    1be4:	fe 01       	movw	r30, r28
    1be6:	ed 5b       	subi	r30, 0xBD	; 189
    1be8:	ff 4f       	sbci	r31, 0xFF	; 255
    1bea:	60 81       	ld	r22, Z
    1bec:	71 81       	ldd	r23, Z+1	; 0x01
    1bee:	82 81       	ldd	r24, Z+2	; 0x02
    1bf0:	93 81       	ldd	r25, Z+3	; 0x03
    1bf2:	20 e0       	ldi	r18, 0x00	; 0
    1bf4:	30 e0       	ldi	r19, 0x00	; 0
    1bf6:	40 e2       	ldi	r20, 0x20	; 32
    1bf8:	51 e4       	ldi	r21, 0x41	; 65
    1bfa:	0e 94 1f 02 	call	0x43e	; 0x43e <__mulsf3>
    1bfe:	dc 01       	movw	r26, r24
    1c00:	cb 01       	movw	r24, r22
    1c02:	bc 01       	movw	r22, r24
    1c04:	cd 01       	movw	r24, r26
    1c06:	0e 94 49 00 	call	0x92	; 0x92 <__fixunssfsi>
    1c0a:	dc 01       	movw	r26, r24
    1c0c:	cb 01       	movw	r24, r22
    1c0e:	9e af       	std	Y+62, r25	; 0x3e
    1c10:	8d af       	std	Y+61, r24	; 0x3d
    1c12:	0f c0       	rjmp	.+30     	; 0x1c32 <LCD_sendCommand+0x42e>
    1c14:	80 e9       	ldi	r24, 0x90	; 144
    1c16:	91 e0       	ldi	r25, 0x01	; 1
    1c18:	9c af       	std	Y+60, r25	; 0x3c
    1c1a:	8b af       	std	Y+59, r24	; 0x3b
    1c1c:	8b ad       	ldd	r24, Y+59	; 0x3b
    1c1e:	9c ad       	ldd	r25, Y+60	; 0x3c
    1c20:	01 97       	sbiw	r24, 0x01	; 1
    1c22:	f1 f7       	brne	.-4      	; 0x1c20 <LCD_sendCommand+0x41c>
    1c24:	9c af       	std	Y+60, r25	; 0x3c
    1c26:	8b af       	std	Y+59, r24	; 0x3b
		while(__ticks)
		{
			// wait 1/10 ms
			_delay_loop_2(((F_CPU) / 4e3) / 10);
			__ticks --;
    1c28:	8d ad       	ldd	r24, Y+61	; 0x3d
    1c2a:	9e ad       	ldd	r25, Y+62	; 0x3e
    1c2c:	01 97       	sbiw	r24, 0x01	; 1
    1c2e:	9e af       	std	Y+62, r25	; 0x3e
    1c30:	8d af       	std	Y+61, r24	; 0x3d
		__ticks = 1;
	else if (__tmp > 65535)
	{
		//	__ticks = requested delay in 1/10 ms
		__ticks = (uint16_t) (__ms * 10.0);
		while(__ticks)
    1c32:	8d ad       	ldd	r24, Y+61	; 0x3d
    1c34:	9e ad       	ldd	r25, Y+62	; 0x3e
    1c36:	00 97       	sbiw	r24, 0x00	; 0
    1c38:	69 f7       	brne	.-38     	; 0x1c14 <LCD_sendCommand+0x410>
    1c3a:	16 c0       	rjmp	.+44     	; 0x1c68 <LCD_sendCommand+0x464>
			__ticks --;
		}
		return;
	}
	else
		__ticks = (uint16_t)__tmp;
    1c3c:	fe 01       	movw	r30, r28
    1c3e:	ff 96       	adiw	r30, 0x3f	; 63
    1c40:	60 81       	ld	r22, Z
    1c42:	71 81       	ldd	r23, Z+1	; 0x01
    1c44:	82 81       	ldd	r24, Z+2	; 0x02
    1c46:	93 81       	ldd	r25, Z+3	; 0x03
    1c48:	0e 94 49 00 	call	0x92	; 0x92 <__fixunssfsi>
    1c4c:	dc 01       	movw	r26, r24
    1c4e:	cb 01       	movw	r24, r22
    1c50:	9e af       	std	Y+62, r25	; 0x3e
    1c52:	8d af       	std	Y+61, r24	; 0x3d
    1c54:	8d ad       	ldd	r24, Y+61	; 0x3d
    1c56:	9e ad       	ldd	r25, Y+62	; 0x3e
    1c58:	9a af       	std	Y+58, r25	; 0x3a
    1c5a:	89 af       	std	Y+57, r24	; 0x39
    1c5c:	89 ad       	ldd	r24, Y+57	; 0x39
    1c5e:	9a ad       	ldd	r25, Y+58	; 0x3a
    1c60:	01 97       	sbiw	r24, 0x01	; 1
    1c62:	f1 f7       	brne	.-4      	; 0x1c60 <LCD_sendCommand+0x45c>
    1c64:	9a af       	std	Y+58, r25	; 0x3a
    1c66:	89 af       	std	Y+57, r24	; 0x39

	_delay_ms(1); /* delay for processing Tdsw = 100ns */
	GPIO_writePin(LCD_E_PORT_ID,LCD_E_PIN_ID,LOGIC_LOW); /* Disable LCD E=0 */
    1c68:	80 e0       	ldi	r24, 0x00	; 0
    1c6a:	62 e0       	ldi	r22, 0x02	; 2
    1c6c:	40 e0       	ldi	r20, 0x00	; 0
    1c6e:	0e 94 02 08 	call	0x1004	; 0x1004 <GPIO_writePin>
    1c72:	80 e0       	ldi	r24, 0x00	; 0
    1c74:	90 e0       	ldi	r25, 0x00	; 0
    1c76:	a0 e8       	ldi	r26, 0x80	; 128
    1c78:	bf e3       	ldi	r27, 0x3F	; 63
    1c7a:	8d ab       	std	Y+53, r24	; 0x35
    1c7c:	9e ab       	std	Y+54, r25	; 0x36
    1c7e:	af ab       	std	Y+55, r26	; 0x37
    1c80:	b8 af       	std	Y+56, r27	; 0x38
 */
void
_delay_ms(double __ms)
{
	uint16_t __ticks;
	double __tmp = ((F_CPU) / 4e3) * __ms;
    1c82:	6d a9       	ldd	r22, Y+53	; 0x35
    1c84:	7e a9       	ldd	r23, Y+54	; 0x36
    1c86:	8f a9       	ldd	r24, Y+55	; 0x37
    1c88:	98 ad       	ldd	r25, Y+56	; 0x38
    1c8a:	20 e0       	ldi	r18, 0x00	; 0
    1c8c:	30 e0       	ldi	r19, 0x00	; 0
    1c8e:	4a e7       	ldi	r20, 0x7A	; 122
    1c90:	55 e4       	ldi	r21, 0x45	; 69
    1c92:	0e 94 1f 02 	call	0x43e	; 0x43e <__mulsf3>
    1c96:	dc 01       	movw	r26, r24
    1c98:	cb 01       	movw	r24, r22
    1c9a:	89 ab       	std	Y+49, r24	; 0x31
    1c9c:	9a ab       	std	Y+50, r25	; 0x32
    1c9e:	ab ab       	std	Y+51, r26	; 0x33
    1ca0:	bc ab       	std	Y+52, r27	; 0x34
	if (__tmp < 1.0)
    1ca2:	69 a9       	ldd	r22, Y+49	; 0x31
    1ca4:	7a a9       	ldd	r23, Y+50	; 0x32
    1ca6:	8b a9       	ldd	r24, Y+51	; 0x33
    1ca8:	9c a9       	ldd	r25, Y+52	; 0x34
    1caa:	20 e0       	ldi	r18, 0x00	; 0
    1cac:	30 e0       	ldi	r19, 0x00	; 0
    1cae:	40 e8       	ldi	r20, 0x80	; 128
    1cb0:	5f e3       	ldi	r21, 0x3F	; 63
    1cb2:	0e 94 25 04 	call	0x84a	; 0x84a <__ltsf2>
    1cb6:	88 23       	and	r24, r24
    1cb8:	2c f4       	brge	.+10     	; 0x1cc4 <LCD_sendCommand+0x4c0>
		__ticks = 1;
    1cba:	81 e0       	ldi	r24, 0x01	; 1
    1cbc:	90 e0       	ldi	r25, 0x00	; 0
    1cbe:	98 ab       	std	Y+48, r25	; 0x30
    1cc0:	8f a7       	std	Y+47, r24	; 0x2f
    1cc2:	3f c0       	rjmp	.+126    	; 0x1d42 <LCD_sendCommand+0x53e>
	else if (__tmp > 65535)
    1cc4:	69 a9       	ldd	r22, Y+49	; 0x31
    1cc6:	7a a9       	ldd	r23, Y+50	; 0x32
    1cc8:	8b a9       	ldd	r24, Y+51	; 0x33
    1cca:	9c a9       	ldd	r25, Y+52	; 0x34
    1ccc:	20 e0       	ldi	r18, 0x00	; 0
    1cce:	3f ef       	ldi	r19, 0xFF	; 255
    1cd0:	4f e7       	ldi	r20, 0x7F	; 127
    1cd2:	57 e4       	ldi	r21, 0x47	; 71
    1cd4:	0e 94 c5 03 	call	0x78a	; 0x78a <__gtsf2>
    1cd8:	18 16       	cp	r1, r24
    1cda:	4c f5       	brge	.+82     	; 0x1d2e <LCD_sendCommand+0x52a>
	{
		//	__ticks = requested delay in 1/10 ms
		__ticks = (uint16_t) (__ms * 10.0);
    1cdc:	6d a9       	ldd	r22, Y+53	; 0x35
    1cde:	7e a9       	ldd	r23, Y+54	; 0x36
    1ce0:	8f a9       	ldd	r24, Y+55	; 0x37
    1ce2:	98 ad       	ldd	r25, Y+56	; 0x38
    1ce4:	20 e0       	ldi	r18, 0x00	; 0
    1ce6:	30 e0       	ldi	r19, 0x00	; 0
    1ce8:	40 e2       	ldi	r20, 0x20	; 32
    1cea:	51 e4       	ldi	r21, 0x41	; 65
    1cec:	0e 94 1f 02 	call	0x43e	; 0x43e <__mulsf3>
    1cf0:	dc 01       	movw	r26, r24
    1cf2:	cb 01       	movw	r24, r22
    1cf4:	bc 01       	movw	r22, r24
    1cf6:	cd 01       	movw	r24, r26
    1cf8:	0e 94 49 00 	call	0x92	; 0x92 <__fixunssfsi>
    1cfc:	dc 01       	movw	r26, r24
    1cfe:	cb 01       	movw	r24, r22
    1d00:	98 ab       	std	Y+48, r25	; 0x30
    1d02:	8f a7       	std	Y+47, r24	; 0x2f
    1d04:	0f c0       	rjmp	.+30     	; 0x1d24 <LCD_sendCommand+0x520>
    1d06:	80 e9       	ldi	r24, 0x90	; 144
    1d08:	91 e0       	ldi	r25, 0x01	; 1
    1d0a:	9e a7       	std	Y+46, r25	; 0x2e
    1d0c:	8d a7       	std	Y+45, r24	; 0x2d
    1d0e:	8d a5       	ldd	r24, Y+45	; 0x2d
    1d10:	9e a5       	ldd	r25, Y+46	; 0x2e
    1d12:	01 97       	sbiw	r24, 0x01	; 1
    1d14:	f1 f7       	brne	.-4      	; 0x1d12 <LCD_sendCommand+0x50e>
    1d16:	9e a7       	std	Y+46, r25	; 0x2e
    1d18:	8d a7       	std	Y+45, r24	; 0x2d
		while(__ticks)
		{
			// wait 1/10 ms
			_delay_loop_2(((F_CPU) / 4e3) / 10);
			__ticks --;
    1d1a:	8f a5       	ldd	r24, Y+47	; 0x2f
    1d1c:	98 a9       	ldd	r25, Y+48	; 0x30
    1d1e:	01 97       	sbiw	r24, 0x01	; 1
    1d20:	98 ab       	std	Y+48, r25	; 0x30
    1d22:	8f a7       	std	Y+47, r24	; 0x2f
		__ticks = 1;
	else if (__tmp > 65535)
	{
		//	__ticks = requested delay in 1/10 ms
		__ticks = (uint16_t) (__ms * 10.0);
		while(__ticks)
    1d24:	8f a5       	ldd	r24, Y+47	; 0x2f
    1d26:	98 a9       	ldd	r25, Y+48	; 0x30
    1d28:	00 97       	sbiw	r24, 0x00	; 0
    1d2a:	69 f7       	brne	.-38     	; 0x1d06 <LCD_sendCommand+0x502>
    1d2c:	14 c0       	rjmp	.+40     	; 0x1d56 <LCD_sendCommand+0x552>
			__ticks --;
		}
		return;
	}
	else
		__ticks = (uint16_t)__tmp;
    1d2e:	69 a9       	ldd	r22, Y+49	; 0x31
    1d30:	7a a9       	ldd	r23, Y+50	; 0x32
    1d32:	8b a9       	ldd	r24, Y+51	; 0x33
    1d34:	9c a9       	ldd	r25, Y+52	; 0x34
    1d36:	0e 94 49 00 	call	0x92	; 0x92 <__fixunssfsi>
    1d3a:	dc 01       	movw	r26, r24
    1d3c:	cb 01       	movw	r24, r22
    1d3e:	98 ab       	std	Y+48, r25	; 0x30
    1d40:	8f a7       	std	Y+47, r24	; 0x2f
    1d42:	8f a5       	ldd	r24, Y+47	; 0x2f
    1d44:	98 a9       	ldd	r25, Y+48	; 0x30
    1d46:	9c a7       	std	Y+44, r25	; 0x2c
    1d48:	8b a7       	std	Y+43, r24	; 0x2b
    1d4a:	8b a5       	ldd	r24, Y+43	; 0x2b
    1d4c:	9c a5       	ldd	r25, Y+44	; 0x2c
    1d4e:	01 97       	sbiw	r24, 0x01	; 1
    1d50:	f1 f7       	brne	.-4      	; 0x1d4e <LCD_sendCommand+0x54a>
    1d52:	9c a7       	std	Y+44, r25	; 0x2c
    1d54:	8b a7       	std	Y+43, r24	; 0x2b
	_delay_ms(1); /* delay for processing Th = 13ns */
	GPIO_writePin(LCD_E_PORT_ID,LCD_E_PIN_ID,LOGIC_HIGH); /* Enable LCD E=1 */
    1d56:	80 e0       	ldi	r24, 0x00	; 0
    1d58:	62 e0       	ldi	r22, 0x02	; 2
    1d5a:	41 e0       	ldi	r20, 0x01	; 1
    1d5c:	0e 94 02 08 	call	0x1004	; 0x1004 <GPIO_writePin>
    1d60:	80 e0       	ldi	r24, 0x00	; 0
    1d62:	90 e0       	ldi	r25, 0x00	; 0
    1d64:	a0 e8       	ldi	r26, 0x80	; 128
    1d66:	bf e3       	ldi	r27, 0x3F	; 63
    1d68:	8f a3       	std	Y+39, r24	; 0x27
    1d6a:	98 a7       	std	Y+40, r25	; 0x28
    1d6c:	a9 a7       	std	Y+41, r26	; 0x29
    1d6e:	ba a7       	std	Y+42, r27	; 0x2a
 */
void
_delay_ms(double __ms)
{
	uint16_t __ticks;
	double __tmp = ((F_CPU) / 4e3) * __ms;
    1d70:	6f a1       	ldd	r22, Y+39	; 0x27
    1d72:	78 a5       	ldd	r23, Y+40	; 0x28
    1d74:	89 a5       	ldd	r24, Y+41	; 0x29
    1d76:	9a a5       	ldd	r25, Y+42	; 0x2a
    1d78:	20 e0       	ldi	r18, 0x00	; 0
    1d7a:	30 e0       	ldi	r19, 0x00	; 0
    1d7c:	4a e7       	ldi	r20, 0x7A	; 122
    1d7e:	55 e4       	ldi	r21, 0x45	; 69
    1d80:	0e 94 1f 02 	call	0x43e	; 0x43e <__mulsf3>
    1d84:	dc 01       	movw	r26, r24
    1d86:	cb 01       	movw	r24, r22
    1d88:	8b a3       	std	Y+35, r24	; 0x23
    1d8a:	9c a3       	std	Y+36, r25	; 0x24
    1d8c:	ad a3       	std	Y+37, r26	; 0x25
    1d8e:	be a3       	std	Y+38, r27	; 0x26
	if (__tmp < 1.0)
    1d90:	6b a1       	ldd	r22, Y+35	; 0x23
    1d92:	7c a1       	ldd	r23, Y+36	; 0x24
    1d94:	8d a1       	ldd	r24, Y+37	; 0x25
    1d96:	9e a1       	ldd	r25, Y+38	; 0x26
    1d98:	20 e0       	ldi	r18, 0x00	; 0
    1d9a:	30 e0       	ldi	r19, 0x00	; 0
    1d9c:	40 e8       	ldi	r20, 0x80	; 128
    1d9e:	5f e3       	ldi	r21, 0x3F	; 63
    1da0:	0e 94 25 04 	call	0x84a	; 0x84a <__ltsf2>
    1da4:	88 23       	and	r24, r24
    1da6:	2c f4       	brge	.+10     	; 0x1db2 <LCD_sendCommand+0x5ae>
		__ticks = 1;
    1da8:	81 e0       	ldi	r24, 0x01	; 1
    1daa:	90 e0       	ldi	r25, 0x00	; 0
    1dac:	9a a3       	std	Y+34, r25	; 0x22
    1dae:	89 a3       	std	Y+33, r24	; 0x21
    1db0:	3f c0       	rjmp	.+126    	; 0x1e30 <LCD_sendCommand+0x62c>
	else if (__tmp > 65535)
    1db2:	6b a1       	ldd	r22, Y+35	; 0x23
    1db4:	7c a1       	ldd	r23, Y+36	; 0x24
    1db6:	8d a1       	ldd	r24, Y+37	; 0x25
    1db8:	9e a1       	ldd	r25, Y+38	; 0x26
    1dba:	20 e0       	ldi	r18, 0x00	; 0
    1dbc:	3f ef       	ldi	r19, 0xFF	; 255
    1dbe:	4f e7       	ldi	r20, 0x7F	; 127
    1dc0:	57 e4       	ldi	r21, 0x47	; 71
    1dc2:	0e 94 c5 03 	call	0x78a	; 0x78a <__gtsf2>
    1dc6:	18 16       	cp	r1, r24
    1dc8:	4c f5       	brge	.+82     	; 0x1e1c <LCD_sendCommand+0x618>
	{
		//	__ticks = requested delay in 1/10 ms
		__ticks = (uint16_t) (__ms * 10.0);
    1dca:	6f a1       	ldd	r22, Y+39	; 0x27
    1dcc:	78 a5       	ldd	r23, Y+40	; 0x28
    1dce:	89 a5       	ldd	r24, Y+41	; 0x29
    1dd0:	9a a5       	ldd	r25, Y+42	; 0x2a
    1dd2:	20 e0       	ldi	r18, 0x00	; 0
    1dd4:	30 e0       	ldi	r19, 0x00	; 0
    1dd6:	40 e2       	ldi	r20, 0x20	; 32
    1dd8:	51 e4       	ldi	r21, 0x41	; 65
    1dda:	0e 94 1f 02 	call	0x43e	; 0x43e <__mulsf3>
    1dde:	dc 01       	movw	r26, r24
    1de0:	cb 01       	movw	r24, r22
    1de2:	bc 01       	movw	r22, r24
    1de4:	cd 01       	movw	r24, r26
    1de6:	0e 94 49 00 	call	0x92	; 0x92 <__fixunssfsi>
    1dea:	dc 01       	movw	r26, r24
    1dec:	cb 01       	movw	r24, r22
    1dee:	9a a3       	std	Y+34, r25	; 0x22
    1df0:	89 a3       	std	Y+33, r24	; 0x21
    1df2:	0f c0       	rjmp	.+30     	; 0x1e12 <LCD_sendCommand+0x60e>
    1df4:	80 e9       	ldi	r24, 0x90	; 144
    1df6:	91 e0       	ldi	r25, 0x01	; 1
    1df8:	98 a3       	std	Y+32, r25	; 0x20
    1dfa:	8f 8f       	std	Y+31, r24	; 0x1f
    1dfc:	8f 8d       	ldd	r24, Y+31	; 0x1f
    1dfe:	98 a1       	ldd	r25, Y+32	; 0x20
    1e00:	01 97       	sbiw	r24, 0x01	; 1
    1e02:	f1 f7       	brne	.-4      	; 0x1e00 <LCD_sendCommand+0x5fc>
    1e04:	98 a3       	std	Y+32, r25	; 0x20
    1e06:	8f 8f       	std	Y+31, r24	; 0x1f
		while(__ticks)
		{
			// wait 1/10 ms
			_delay_loop_2(((F_CPU) / 4e3) / 10);
			__ticks --;
    1e08:	89 a1       	ldd	r24, Y+33	; 0x21
    1e0a:	9a a1       	ldd	r25, Y+34	; 0x22
    1e0c:	01 97       	sbiw	r24, 0x01	; 1
    1e0e:	9a a3       	std	Y+34, r25	; 0x22
    1e10:	89 a3       	std	Y+33, r24	; 0x21
		__ticks = 1;
	else if (__tmp > 65535)
	{
		//	__ticks = requested delay in 1/10 ms
		__ticks = (uint16_t) (__ms * 10.0);
		while(__ticks)
    1e12:	89 a1       	ldd	r24, Y+33	; 0x21
    1e14:	9a a1       	ldd	r25, Y+34	; 0x22
    1e16:	00 97       	sbiw	r24, 0x00	; 0
    1e18:	69 f7       	brne	.-38     	; 0x1df4 <LCD_sendCommand+0x5f0>
    1e1a:	14 c0       	rjmp	.+40     	; 0x1e44 <LCD_sendCommand+0x640>
			__ticks --;
		}
		return;
	}
	else
		__ticks = (uint16_t)__tmp;
    1e1c:	6b a1       	ldd	r22, Y+35	; 0x23
    1e1e:	7c a1       	ldd	r23, Y+36	; 0x24
    1e20:	8d a1       	ldd	r24, Y+37	; 0x25
    1e22:	9e a1       	ldd	r25, Y+38	; 0x26
    1e24:	0e 94 49 00 	call	0x92	; 0x92 <__fixunssfsi>
    1e28:	dc 01       	movw	r26, r24
    1e2a:	cb 01       	movw	r24, r22
    1e2c:	9a a3       	std	Y+34, r25	; 0x22
    1e2e:	89 a3       	std	Y+33, r24	; 0x21
    1e30:	89 a1       	ldd	r24, Y+33	; 0x21
    1e32:	9a a1       	ldd	r25, Y+34	; 0x22
    1e34:	9e 8f       	std	Y+30, r25	; 0x1e
    1e36:	8d 8f       	std	Y+29, r24	; 0x1d
    1e38:	8d 8d       	ldd	r24, Y+29	; 0x1d
    1e3a:	9e 8d       	ldd	r25, Y+30	; 0x1e
    1e3c:	01 97       	sbiw	r24, 0x01	; 1
    1e3e:	f1 f7       	brne	.-4      	; 0x1e3c <LCD_sendCommand+0x638>
    1e40:	9e 8f       	std	Y+30, r25	; 0x1e
    1e42:	8d 8f       	std	Y+29, r24	; 0x1d
	_delay_ms(1); /* delay for processing Tpw - Tdws = 190ns */

	GPIO_writePin(LCD_DATA_PORT_ID,LCD_DB4_PIN_ID,GET_BIT(command,0));
    1e44:	fe 01       	movw	r30, r28
    1e46:	ed 59       	subi	r30, 0x9D	; 157
    1e48:	ff 4f       	sbci	r31, 0xFF	; 255
    1e4a:	80 81       	ld	r24, Z
    1e4c:	98 2f       	mov	r25, r24
    1e4e:	91 70       	andi	r25, 0x01	; 1
    1e50:	80 e0       	ldi	r24, 0x00	; 0
    1e52:	63 e0       	ldi	r22, 0x03	; 3
    1e54:	49 2f       	mov	r20, r25
    1e56:	0e 94 02 08 	call	0x1004	; 0x1004 <GPIO_writePin>
	GPIO_writePin(LCD_DATA_PORT_ID,LCD_DB5_PIN_ID,GET_BIT(command,1));
    1e5a:	fe 01       	movw	r30, r28
    1e5c:	ed 59       	subi	r30, 0x9D	; 157
    1e5e:	ff 4f       	sbci	r31, 0xFF	; 255
    1e60:	80 81       	ld	r24, Z
    1e62:	98 2f       	mov	r25, r24
    1e64:	92 70       	andi	r25, 0x02	; 2
    1e66:	80 e0       	ldi	r24, 0x00	; 0
    1e68:	64 e0       	ldi	r22, 0x04	; 4
    1e6a:	49 2f       	mov	r20, r25
    1e6c:	0e 94 02 08 	call	0x1004	; 0x1004 <GPIO_writePin>
	GPIO_writePin(LCD_DATA_PORT_ID,LCD_DB6_PIN_ID,GET_BIT(command,2));
    1e70:	fe 01       	movw	r30, r28
    1e72:	ed 59       	subi	r30, 0x9D	; 157
    1e74:	ff 4f       	sbci	r31, 0xFF	; 255
    1e76:	80 81       	ld	r24, Z
    1e78:	98 2f       	mov	r25, r24
    1e7a:	94 70       	andi	r25, 0x04	; 4
    1e7c:	80 e0       	ldi	r24, 0x00	; 0
    1e7e:	65 e0       	ldi	r22, 0x05	; 5
    1e80:	49 2f       	mov	r20, r25
    1e82:	0e 94 02 08 	call	0x1004	; 0x1004 <GPIO_writePin>
	GPIO_writePin(LCD_DATA_PORT_ID,LCD_DB7_PIN_ID,GET_BIT(command,3));
    1e86:	fe 01       	movw	r30, r28
    1e88:	ed 59       	subi	r30, 0x9D	; 157
    1e8a:	ff 4f       	sbci	r31, 0xFF	; 255
    1e8c:	80 81       	ld	r24, Z
    1e8e:	98 2f       	mov	r25, r24
    1e90:	98 70       	andi	r25, 0x08	; 8
    1e92:	80 e0       	ldi	r24, 0x00	; 0
    1e94:	66 e0       	ldi	r22, 0x06	; 6
    1e96:	49 2f       	mov	r20, r25
    1e98:	0e 94 02 08 	call	0x1004	; 0x1004 <GPIO_writePin>
    1e9c:	80 e0       	ldi	r24, 0x00	; 0
    1e9e:	90 e0       	ldi	r25, 0x00	; 0
    1ea0:	a0 e8       	ldi	r26, 0x80	; 128
    1ea2:	bf e3       	ldi	r27, 0x3F	; 63
    1ea4:	89 8f       	std	Y+25, r24	; 0x19
    1ea6:	9a 8f       	std	Y+26, r25	; 0x1a
    1ea8:	ab 8f       	std	Y+27, r26	; 0x1b
    1eaa:	bc 8f       	std	Y+28, r27	; 0x1c
 */
void
_delay_ms(double __ms)
{
	uint16_t __ticks;
	double __tmp = ((F_CPU) / 4e3) * __ms;
    1eac:	69 8d       	ldd	r22, Y+25	; 0x19
    1eae:	7a 8d       	ldd	r23, Y+26	; 0x1a
    1eb0:	8b 8d       	ldd	r24, Y+27	; 0x1b
    1eb2:	9c 8d       	ldd	r25, Y+28	; 0x1c
    1eb4:	20 e0       	ldi	r18, 0x00	; 0
    1eb6:	30 e0       	ldi	r19, 0x00	; 0
    1eb8:	4a e7       	ldi	r20, 0x7A	; 122
    1eba:	55 e4       	ldi	r21, 0x45	; 69
    1ebc:	0e 94 1f 02 	call	0x43e	; 0x43e <__mulsf3>
    1ec0:	dc 01       	movw	r26, r24
    1ec2:	cb 01       	movw	r24, r22
    1ec4:	8d 8b       	std	Y+21, r24	; 0x15
    1ec6:	9e 8b       	std	Y+22, r25	; 0x16
    1ec8:	af 8b       	std	Y+23, r26	; 0x17
    1eca:	b8 8f       	std	Y+24, r27	; 0x18
	if (__tmp < 1.0)
    1ecc:	6d 89       	ldd	r22, Y+21	; 0x15
    1ece:	7e 89       	ldd	r23, Y+22	; 0x16
    1ed0:	8f 89       	ldd	r24, Y+23	; 0x17
    1ed2:	98 8d       	ldd	r25, Y+24	; 0x18
    1ed4:	20 e0       	ldi	r18, 0x00	; 0
    1ed6:	30 e0       	ldi	r19, 0x00	; 0
    1ed8:	40 e8       	ldi	r20, 0x80	; 128
    1eda:	5f e3       	ldi	r21, 0x3F	; 63
    1edc:	0e 94 25 04 	call	0x84a	; 0x84a <__ltsf2>
    1ee0:	88 23       	and	r24, r24
    1ee2:	2c f4       	brge	.+10     	; 0x1eee <LCD_sendCommand+0x6ea>
		__ticks = 1;
    1ee4:	81 e0       	ldi	r24, 0x01	; 1
    1ee6:	90 e0       	ldi	r25, 0x00	; 0
    1ee8:	9c 8b       	std	Y+20, r25	; 0x14
    1eea:	8b 8b       	std	Y+19, r24	; 0x13
    1eec:	3f c0       	rjmp	.+126    	; 0x1f6c <LCD_sendCommand+0x768>
	else if (__tmp > 65535)
    1eee:	6d 89       	ldd	r22, Y+21	; 0x15
    1ef0:	7e 89       	ldd	r23, Y+22	; 0x16
    1ef2:	8f 89       	ldd	r24, Y+23	; 0x17
    1ef4:	98 8d       	ldd	r25, Y+24	; 0x18
    1ef6:	20 e0       	ldi	r18, 0x00	; 0
    1ef8:	3f ef       	ldi	r19, 0xFF	; 255
    1efa:	4f e7       	ldi	r20, 0x7F	; 127
    1efc:	57 e4       	ldi	r21, 0x47	; 71
    1efe:	0e 94 c5 03 	call	0x78a	; 0x78a <__gtsf2>
    1f02:	18 16       	cp	r1, r24
    1f04:	4c f5       	brge	.+82     	; 0x1f58 <LCD_sendCommand+0x754>
	{
		//	__ticks = requested delay in 1/10 ms
		__ticks = (uint16_t) (__ms * 10.0);
    1f06:	69 8d       	ldd	r22, Y+25	; 0x19
    1f08:	7a 8d       	ldd	r23, Y+26	; 0x1a
    1f0a:	8b 8d       	ldd	r24, Y+27	; 0x1b
    1f0c:	9c 8d       	ldd	r25, Y+28	; 0x1c
    1f0e:	20 e0       	ldi	r18, 0x00	; 0
    1f10:	30 e0       	ldi	r19, 0x00	; 0
    1f12:	40 e2       	ldi	r20, 0x20	; 32
    1f14:	51 e4       	ldi	r21, 0x41	; 65
    1f16:	0e 94 1f 02 	call	0x43e	; 0x43e <__mulsf3>
    1f1a:	dc 01       	movw	r26, r24
    1f1c:	cb 01       	movw	r24, r22
    1f1e:	bc 01       	movw	r22, r24
    1f20:	cd 01       	movw	r24, r26
    1f22:	0e 94 49 00 	call	0x92	; 0x92 <__fixunssfsi>
    1f26:	dc 01       	movw	r26, r24
    1f28:	cb 01       	movw	r24, r22
    1f2a:	9c 8b       	std	Y+20, r25	; 0x14
    1f2c:	8b 8b       	std	Y+19, r24	; 0x13
    1f2e:	0f c0       	rjmp	.+30     	; 0x1f4e <LCD_sendCommand+0x74a>
    1f30:	80 e9       	ldi	r24, 0x90	; 144
    1f32:	91 e0       	ldi	r25, 0x01	; 1
    1f34:	9a 8b       	std	Y+18, r25	; 0x12
    1f36:	89 8b       	std	Y+17, r24	; 0x11
    1f38:	89 89       	ldd	r24, Y+17	; 0x11
    1f3a:	9a 89       	ldd	r25, Y+18	; 0x12
    1f3c:	01 97       	sbiw	r24, 0x01	; 1
    1f3e:	f1 f7       	brne	.-4      	; 0x1f3c <LCD_sendCommand+0x738>
    1f40:	9a 8b       	std	Y+18, r25	; 0x12
    1f42:	89 8b       	std	Y+17, r24	; 0x11
		while(__ticks)
		{
			// wait 1/10 ms
			_delay_loop_2(((F_CPU) / 4e3) / 10);
			__ticks --;
    1f44:	8b 89       	ldd	r24, Y+19	; 0x13
    1f46:	9c 89       	ldd	r25, Y+20	; 0x14
    1f48:	01 97       	sbiw	r24, 0x01	; 1
    1f4a:	9c 8b       	std	Y+20, r25	; 0x14
    1f4c:	8b 8b       	std	Y+19, r24	; 0x13
		__ticks = 1;
	else if (__tmp > 65535)
	{
		//	__ticks = requested delay in 1/10 ms
		__ticks = (uint16_t) (__ms * 10.0);
		while(__ticks)
    1f4e:	8b 89       	ldd	r24, Y+19	; 0x13
    1f50:	9c 89       	ldd	r25, Y+20	; 0x14
    1f52:	00 97       	sbiw	r24, 0x00	; 0
    1f54:	69 f7       	brne	.-38     	; 0x1f30 <LCD_sendCommand+0x72c>
    1f56:	14 c0       	rjmp	.+40     	; 0x1f80 <LCD_sendCommand+0x77c>
			__ticks --;
		}
		return;
	}
	else
		__ticks = (uint16_t)__tmp;
    1f58:	6d 89       	ldd	r22, Y+21	; 0x15
    1f5a:	7e 89       	ldd	r23, Y+22	; 0x16
    1f5c:	8f 89       	ldd	r24, Y+23	; 0x17
    1f5e:	98 8d       	ldd	r25, Y+24	; 0x18
    1f60:	0e 94 49 00 	call	0x92	; 0x92 <__fixunssfsi>
    1f64:	dc 01       	movw	r26, r24
    1f66:	cb 01       	movw	r24, r22
    1f68:	9c 8b       	std	Y+20, r25	; 0x14
    1f6a:	8b 8b       	std	Y+19, r24	; 0x13
    1f6c:	8b 89       	ldd	r24, Y+19	; 0x13
    1f6e:	9c 89       	ldd	r25, Y+20	; 0x14
    1f70:	98 8b       	std	Y+16, r25	; 0x10
    1f72:	8f 87       	std	Y+15, r24	; 0x0f
    1f74:	8f 85       	ldd	r24, Y+15	; 0x0f
    1f76:	98 89       	ldd	r25, Y+16	; 0x10
    1f78:	01 97       	sbiw	r24, 0x01	; 1
    1f7a:	f1 f7       	brne	.-4      	; 0x1f78 <LCD_sendCommand+0x774>
    1f7c:	98 8b       	std	Y+16, r25	; 0x10
    1f7e:	8f 87       	std	Y+15, r24	; 0x0f

	_delay_ms(1); /* delay for processing Tdsw = 100ns */
	GPIO_writePin(LCD_E_PORT_ID,LCD_E_PIN_ID,LOGIC_LOW); /* Disable LCD E=0 */
    1f80:	80 e0       	ldi	r24, 0x00	; 0
    1f82:	62 e0       	ldi	r22, 0x02	; 2
    1f84:	40 e0       	ldi	r20, 0x00	; 0
    1f86:	0e 94 02 08 	call	0x1004	; 0x1004 <GPIO_writePin>
    1f8a:	80 e0       	ldi	r24, 0x00	; 0
    1f8c:	90 e0       	ldi	r25, 0x00	; 0
    1f8e:	a0 e8       	ldi	r26, 0x80	; 128
    1f90:	bf e3       	ldi	r27, 0x3F	; 63
    1f92:	8b 87       	std	Y+11, r24	; 0x0b
    1f94:	9c 87       	std	Y+12, r25	; 0x0c
    1f96:	ad 87       	std	Y+13, r26	; 0x0d
    1f98:	be 87       	std	Y+14, r27	; 0x0e
 */
void
_delay_ms(double __ms)
{
	uint16_t __ticks;
	double __tmp = ((F_CPU) / 4e3) * __ms;
    1f9a:	6b 85       	ldd	r22, Y+11	; 0x0b
    1f9c:	7c 85       	ldd	r23, Y+12	; 0x0c
    1f9e:	8d 85       	ldd	r24, Y+13	; 0x0d
    1fa0:	9e 85       	ldd	r25, Y+14	; 0x0e
    1fa2:	20 e0       	ldi	r18, 0x00	; 0
    1fa4:	30 e0       	ldi	r19, 0x00	; 0
    1fa6:	4a e7       	ldi	r20, 0x7A	; 122
    1fa8:	55 e4       	ldi	r21, 0x45	; 69
    1faa:	0e 94 1f 02 	call	0x43e	; 0x43e <__mulsf3>
    1fae:	dc 01       	movw	r26, r24
    1fb0:	cb 01       	movw	r24, r22
    1fb2:	8f 83       	std	Y+7, r24	; 0x07
    1fb4:	98 87       	std	Y+8, r25	; 0x08
    1fb6:	a9 87       	std	Y+9, r26	; 0x09
    1fb8:	ba 87       	std	Y+10, r27	; 0x0a
	if (__tmp < 1.0)
    1fba:	6f 81       	ldd	r22, Y+7	; 0x07
    1fbc:	78 85       	ldd	r23, Y+8	; 0x08
    1fbe:	89 85       	ldd	r24, Y+9	; 0x09
    1fc0:	9a 85       	ldd	r25, Y+10	; 0x0a
    1fc2:	20 e0       	ldi	r18, 0x00	; 0
    1fc4:	30 e0       	ldi	r19, 0x00	; 0
    1fc6:	40 e8       	ldi	r20, 0x80	; 128
    1fc8:	5f e3       	ldi	r21, 0x3F	; 63
    1fca:	0e 94 25 04 	call	0x84a	; 0x84a <__ltsf2>
    1fce:	88 23       	and	r24, r24
    1fd0:	2c f4       	brge	.+10     	; 0x1fdc <LCD_sendCommand+0x7d8>
		__ticks = 1;
    1fd2:	81 e0       	ldi	r24, 0x01	; 1
    1fd4:	90 e0       	ldi	r25, 0x00	; 0
    1fd6:	9e 83       	std	Y+6, r25	; 0x06
    1fd8:	8d 83       	std	Y+5, r24	; 0x05
    1fda:	3f c0       	rjmp	.+126    	; 0x205a <LCD_sendCommand+0x856>
	else if (__tmp > 65535)
    1fdc:	6f 81       	ldd	r22, Y+7	; 0x07
    1fde:	78 85       	ldd	r23, Y+8	; 0x08
    1fe0:	89 85       	ldd	r24, Y+9	; 0x09
    1fe2:	9a 85       	ldd	r25, Y+10	; 0x0a
    1fe4:	20 e0       	ldi	r18, 0x00	; 0
    1fe6:	3f ef       	ldi	r19, 0xFF	; 255
    1fe8:	4f e7       	ldi	r20, 0x7F	; 127
    1fea:	57 e4       	ldi	r21, 0x47	; 71
    1fec:	0e 94 c5 03 	call	0x78a	; 0x78a <__gtsf2>
    1ff0:	18 16       	cp	r1, r24
    1ff2:	4c f5       	brge	.+82     	; 0x2046 <LCD_sendCommand+0x842>
	{
		//	__ticks = requested delay in 1/10 ms
		__ticks = (uint16_t) (__ms * 10.0);
    1ff4:	6b 85       	ldd	r22, Y+11	; 0x0b
    1ff6:	7c 85       	ldd	r23, Y+12	; 0x0c
    1ff8:	8d 85       	ldd	r24, Y+13	; 0x0d
    1ffa:	9e 85       	ldd	r25, Y+14	; 0x0e
    1ffc:	20 e0       	ldi	r18, 0x00	; 0
    1ffe:	30 e0       	ldi	r19, 0x00	; 0
    2000:	40 e2       	ldi	r20, 0x20	; 32
    2002:	51 e4       	ldi	r21, 0x41	; 65
    2004:	0e 94 1f 02 	call	0x43e	; 0x43e <__mulsf3>
    2008:	dc 01       	movw	r26, r24
    200a:	cb 01       	movw	r24, r22
    200c:	bc 01       	movw	r22, r24
    200e:	cd 01       	movw	r24, r26
    2010:	0e 94 49 00 	call	0x92	; 0x92 <__fixunssfsi>
    2014:	dc 01       	movw	r26, r24
    2016:	cb 01       	movw	r24, r22
    2018:	9e 83       	std	Y+6, r25	; 0x06
    201a:	8d 83       	std	Y+5, r24	; 0x05
    201c:	0f c0       	rjmp	.+30     	; 0x203c <LCD_sendCommand+0x838>
    201e:	80 e9       	ldi	r24, 0x90	; 144
    2020:	91 e0       	ldi	r25, 0x01	; 1
    2022:	9c 83       	std	Y+4, r25	; 0x04
    2024:	8b 83       	std	Y+3, r24	; 0x03
    2026:	8b 81       	ldd	r24, Y+3	; 0x03
    2028:	9c 81       	ldd	r25, Y+4	; 0x04
    202a:	01 97       	sbiw	r24, 0x01	; 1
    202c:	f1 f7       	brne	.-4      	; 0x202a <LCD_sendCommand+0x826>
    202e:	9c 83       	std	Y+4, r25	; 0x04
    2030:	8b 83       	std	Y+3, r24	; 0x03
		while(__ticks)
		{
			// wait 1/10 ms
			_delay_loop_2(((F_CPU) / 4e3) / 10);
			__ticks --;
    2032:	8d 81       	ldd	r24, Y+5	; 0x05
    2034:	9e 81       	ldd	r25, Y+6	; 0x06
    2036:	01 97       	sbiw	r24, 0x01	; 1
    2038:	9e 83       	std	Y+6, r25	; 0x06
    203a:	8d 83       	std	Y+5, r24	; 0x05
		__ticks = 1;
	else if (__tmp > 65535)
	{
		//	__ticks = requested delay in 1/10 ms
		__ticks = (uint16_t) (__ms * 10.0);
		while(__ticks)
    203c:	8d 81       	ldd	r24, Y+5	; 0x05
    203e:	9e 81       	ldd	r25, Y+6	; 0x06
    2040:	00 97       	sbiw	r24, 0x00	; 0
    2042:	69 f7       	brne	.-38     	; 0x201e <LCD_sendCommand+0x81a>
    2044:	14 c0       	rjmp	.+40     	; 0x206e <LCD_sendCommand+0x86a>
			__ticks --;
		}
		return;
	}
	else
		__ticks = (uint16_t)__tmp;
    2046:	6f 81       	ldd	r22, Y+7	; 0x07
    2048:	78 85       	ldd	r23, Y+8	; 0x08
    204a:	89 85       	ldd	r24, Y+9	; 0x09
    204c:	9a 85       	ldd	r25, Y+10	; 0x0a
    204e:	0e 94 49 00 	call	0x92	; 0x92 <__fixunssfsi>
    2052:	dc 01       	movw	r26, r24
    2054:	cb 01       	movw	r24, r22
    2056:	9e 83       	std	Y+6, r25	; 0x06
    2058:	8d 83       	std	Y+5, r24	; 0x05
    205a:	8d 81       	ldd	r24, Y+5	; 0x05
    205c:	9e 81       	ldd	r25, Y+6	; 0x06
    205e:	9a 83       	std	Y+2, r25	; 0x02
    2060:	89 83       	std	Y+1, r24	; 0x01
    2062:	89 81       	ldd	r24, Y+1	; 0x01
    2064:	9a 81       	ldd	r25, Y+2	; 0x02
    2066:	01 97       	sbiw	r24, 0x01	; 1
    2068:	f1 f7       	brne	.-4      	; 0x2066 <LCD_sendCommand+0x862>
    206a:	9a 83       	std	Y+2, r25	; 0x02
    206c:	89 83       	std	Y+1, r24	; 0x01
	GPIO_writePort(LCD_DATA_PORT_ID,command); /* out the required command to the data bus D0 --> D7 */
	_delay_ms(1); /* delay for processing Tdsw = 100ns */
	GPIO_writePin(LCD_E_PORT_ID,LCD_E_PIN_ID,LOGIC_LOW); /* Disable LCD E=0 */
	_delay_ms(1); /* delay for processing Th = 13ns */
#endif
}
    206e:	cd 59       	subi	r28, 0x9D	; 157
    2070:	df 4f       	sbci	r29, 0xFF	; 255
    2072:	0f b6       	in	r0, 0x3f	; 63
    2074:	f8 94       	cli
    2076:	de bf       	out	0x3e, r29	; 62
    2078:	0f be       	out	0x3f, r0	; 63
    207a:	cd bf       	out	0x3d, r28	; 61
    207c:	cf 91       	pop	r28
    207e:	df 91       	pop	r29
    2080:	1f 91       	pop	r17
    2082:	0f 91       	pop	r16
    2084:	08 95       	ret

00002086 <LCD_displayCharacter>:
/*
 * Description :
 * Display the required character on the screen
 */
void LCD_displayCharacter(uint8 data)
{
    2086:	0f 93       	push	r16
    2088:	1f 93       	push	r17
    208a:	df 93       	push	r29
    208c:	cf 93       	push	r28
    208e:	cd b7       	in	r28, 0x3d	; 61
    2090:	de b7       	in	r29, 0x3e	; 62
    2092:	c3 56       	subi	r28, 0x63	; 99
    2094:	d0 40       	sbci	r29, 0x00	; 0
    2096:	0f b6       	in	r0, 0x3f	; 63
    2098:	f8 94       	cli
    209a:	de bf       	out	0x3e, r29	; 62
    209c:	0f be       	out	0x3f, r0	; 63
    209e:	cd bf       	out	0x3d, r28	; 61
    20a0:	fe 01       	movw	r30, r28
    20a2:	ed 59       	subi	r30, 0x9D	; 157
    20a4:	ff 4f       	sbci	r31, 0xFF	; 255
    20a6:	80 83       	st	Z, r24
	GPIO_writePin(LCD_RS_PORT_ID,LCD_RS_PIN_ID,LOGIC_HIGH); /* Data Mode RS=1 */
    20a8:	80 e0       	ldi	r24, 0x00	; 0
    20aa:	61 e0       	ldi	r22, 0x01	; 1
    20ac:	41 e0       	ldi	r20, 0x01	; 1
    20ae:	0e 94 02 08 	call	0x1004	; 0x1004 <GPIO_writePin>
    20b2:	fe 01       	movw	r30, r28
    20b4:	e1 5a       	subi	r30, 0xA1	; 161
    20b6:	ff 4f       	sbci	r31, 0xFF	; 255
    20b8:	80 e0       	ldi	r24, 0x00	; 0
    20ba:	90 e0       	ldi	r25, 0x00	; 0
    20bc:	a0 e8       	ldi	r26, 0x80	; 128
    20be:	bf e3       	ldi	r27, 0x3F	; 63
    20c0:	80 83       	st	Z, r24
    20c2:	91 83       	std	Z+1, r25	; 0x01
    20c4:	a2 83       	std	Z+2, r26	; 0x02
    20c6:	b3 83       	std	Z+3, r27	; 0x03
 */
void
_delay_ms(double __ms)
{
	uint16_t __ticks;
	double __tmp = ((F_CPU) / 4e3) * __ms;
    20c8:	8e 01       	movw	r16, r28
    20ca:	05 5a       	subi	r16, 0xA5	; 165
    20cc:	1f 4f       	sbci	r17, 0xFF	; 255
    20ce:	fe 01       	movw	r30, r28
    20d0:	e1 5a       	subi	r30, 0xA1	; 161
    20d2:	ff 4f       	sbci	r31, 0xFF	; 255
    20d4:	60 81       	ld	r22, Z
    20d6:	71 81       	ldd	r23, Z+1	; 0x01
    20d8:	82 81       	ldd	r24, Z+2	; 0x02
    20da:	93 81       	ldd	r25, Z+3	; 0x03
    20dc:	20 e0       	ldi	r18, 0x00	; 0
    20de:	30 e0       	ldi	r19, 0x00	; 0
    20e0:	4a e7       	ldi	r20, 0x7A	; 122
    20e2:	55 e4       	ldi	r21, 0x45	; 69
    20e4:	0e 94 1f 02 	call	0x43e	; 0x43e <__mulsf3>
    20e8:	dc 01       	movw	r26, r24
    20ea:	cb 01       	movw	r24, r22
    20ec:	f8 01       	movw	r30, r16
    20ee:	80 83       	st	Z, r24
    20f0:	91 83       	std	Z+1, r25	; 0x01
    20f2:	a2 83       	std	Z+2, r26	; 0x02
    20f4:	b3 83       	std	Z+3, r27	; 0x03
	if (__tmp < 1.0)
    20f6:	fe 01       	movw	r30, r28
    20f8:	e5 5a       	subi	r30, 0xA5	; 165
    20fa:	ff 4f       	sbci	r31, 0xFF	; 255
    20fc:	60 81       	ld	r22, Z
    20fe:	71 81       	ldd	r23, Z+1	; 0x01
    2100:	82 81       	ldd	r24, Z+2	; 0x02
    2102:	93 81       	ldd	r25, Z+3	; 0x03
    2104:	20 e0       	ldi	r18, 0x00	; 0
    2106:	30 e0       	ldi	r19, 0x00	; 0
    2108:	40 e8       	ldi	r20, 0x80	; 128
    210a:	5f e3       	ldi	r21, 0x3F	; 63
    210c:	0e 94 25 04 	call	0x84a	; 0x84a <__ltsf2>
    2110:	88 23       	and	r24, r24
    2112:	44 f4       	brge	.+16     	; 0x2124 <LCD_displayCharacter+0x9e>
		__ticks = 1;
    2114:	fe 01       	movw	r30, r28
    2116:	e7 5a       	subi	r30, 0xA7	; 167
    2118:	ff 4f       	sbci	r31, 0xFF	; 255
    211a:	81 e0       	ldi	r24, 0x01	; 1
    211c:	90 e0       	ldi	r25, 0x00	; 0
    211e:	91 83       	std	Z+1, r25	; 0x01
    2120:	80 83       	st	Z, r24
    2122:	64 c0       	rjmp	.+200    	; 0x21ec <LCD_displayCharacter+0x166>
	else if (__tmp > 65535)
    2124:	fe 01       	movw	r30, r28
    2126:	e5 5a       	subi	r30, 0xA5	; 165
    2128:	ff 4f       	sbci	r31, 0xFF	; 255
    212a:	60 81       	ld	r22, Z
    212c:	71 81       	ldd	r23, Z+1	; 0x01
    212e:	82 81       	ldd	r24, Z+2	; 0x02
    2130:	93 81       	ldd	r25, Z+3	; 0x03
    2132:	20 e0       	ldi	r18, 0x00	; 0
    2134:	3f ef       	ldi	r19, 0xFF	; 255
    2136:	4f e7       	ldi	r20, 0x7F	; 127
    2138:	57 e4       	ldi	r21, 0x47	; 71
    213a:	0e 94 c5 03 	call	0x78a	; 0x78a <__gtsf2>
    213e:	18 16       	cp	r1, r24
    2140:	0c f0       	brlt	.+2      	; 0x2144 <LCD_displayCharacter+0xbe>
    2142:	43 c0       	rjmp	.+134    	; 0x21ca <LCD_displayCharacter+0x144>
	{
		//	__ticks = requested delay in 1/10 ms
		__ticks = (uint16_t) (__ms * 10.0);
    2144:	fe 01       	movw	r30, r28
    2146:	e1 5a       	subi	r30, 0xA1	; 161
    2148:	ff 4f       	sbci	r31, 0xFF	; 255
    214a:	60 81       	ld	r22, Z
    214c:	71 81       	ldd	r23, Z+1	; 0x01
    214e:	82 81       	ldd	r24, Z+2	; 0x02
    2150:	93 81       	ldd	r25, Z+3	; 0x03
    2152:	20 e0       	ldi	r18, 0x00	; 0
    2154:	30 e0       	ldi	r19, 0x00	; 0
    2156:	40 e2       	ldi	r20, 0x20	; 32
    2158:	51 e4       	ldi	r21, 0x41	; 65
    215a:	0e 94 1f 02 	call	0x43e	; 0x43e <__mulsf3>
    215e:	dc 01       	movw	r26, r24
    2160:	cb 01       	movw	r24, r22
    2162:	8e 01       	movw	r16, r28
    2164:	07 5a       	subi	r16, 0xA7	; 167
    2166:	1f 4f       	sbci	r17, 0xFF	; 255
    2168:	bc 01       	movw	r22, r24
    216a:	cd 01       	movw	r24, r26
    216c:	0e 94 49 00 	call	0x92	; 0x92 <__fixunssfsi>
    2170:	dc 01       	movw	r26, r24
    2172:	cb 01       	movw	r24, r22
    2174:	f8 01       	movw	r30, r16
    2176:	91 83       	std	Z+1, r25	; 0x01
    2178:	80 83       	st	Z, r24
    217a:	1f c0       	rjmp	.+62     	; 0x21ba <LCD_displayCharacter+0x134>
    217c:	fe 01       	movw	r30, r28
    217e:	e9 5a       	subi	r30, 0xA9	; 169
    2180:	ff 4f       	sbci	r31, 0xFF	; 255
    2182:	80 e9       	ldi	r24, 0x90	; 144
    2184:	91 e0       	ldi	r25, 0x01	; 1
    2186:	91 83       	std	Z+1, r25	; 0x01
    2188:	80 83       	st	Z, r24
    218a:	fe 01       	movw	r30, r28
    218c:	e9 5a       	subi	r30, 0xA9	; 169
    218e:	ff 4f       	sbci	r31, 0xFF	; 255
    2190:	80 81       	ld	r24, Z
    2192:	91 81       	ldd	r25, Z+1	; 0x01
    2194:	01 97       	sbiw	r24, 0x01	; 1
    2196:	f1 f7       	brne	.-4      	; 0x2194 <LCD_displayCharacter+0x10e>
    2198:	fe 01       	movw	r30, r28
    219a:	e9 5a       	subi	r30, 0xA9	; 169
    219c:	ff 4f       	sbci	r31, 0xFF	; 255
    219e:	91 83       	std	Z+1, r25	; 0x01
    21a0:	80 83       	st	Z, r24
		while(__ticks)
		{
			// wait 1/10 ms
			_delay_loop_2(((F_CPU) / 4e3) / 10);
			__ticks --;
    21a2:	de 01       	movw	r26, r28
    21a4:	a7 5a       	subi	r26, 0xA7	; 167
    21a6:	bf 4f       	sbci	r27, 0xFF	; 255
    21a8:	fe 01       	movw	r30, r28
    21aa:	e7 5a       	subi	r30, 0xA7	; 167
    21ac:	ff 4f       	sbci	r31, 0xFF	; 255
    21ae:	80 81       	ld	r24, Z
    21b0:	91 81       	ldd	r25, Z+1	; 0x01
    21b2:	01 97       	sbiw	r24, 0x01	; 1
    21b4:	11 96       	adiw	r26, 0x01	; 1
    21b6:	9c 93       	st	X, r25
    21b8:	8e 93       	st	-X, r24
		__ticks = 1;
	else if (__tmp > 65535)
	{
		//	__ticks = requested delay in 1/10 ms
		__ticks = (uint16_t) (__ms * 10.0);
		while(__ticks)
    21ba:	fe 01       	movw	r30, r28
    21bc:	e7 5a       	subi	r30, 0xA7	; 167
    21be:	ff 4f       	sbci	r31, 0xFF	; 255
    21c0:	80 81       	ld	r24, Z
    21c2:	91 81       	ldd	r25, Z+1	; 0x01
    21c4:	00 97       	sbiw	r24, 0x00	; 0
    21c6:	d1 f6       	brne	.-76     	; 0x217c <LCD_displayCharacter+0xf6>
    21c8:	27 c0       	rjmp	.+78     	; 0x2218 <LCD_displayCharacter+0x192>
			__ticks --;
		}
		return;
	}
	else
		__ticks = (uint16_t)__tmp;
    21ca:	8e 01       	movw	r16, r28
    21cc:	07 5a       	subi	r16, 0xA7	; 167
    21ce:	1f 4f       	sbci	r17, 0xFF	; 255
    21d0:	fe 01       	movw	r30, r28
    21d2:	e5 5a       	subi	r30, 0xA5	; 165
    21d4:	ff 4f       	sbci	r31, 0xFF	; 255
    21d6:	60 81       	ld	r22, Z
    21d8:	71 81       	ldd	r23, Z+1	; 0x01
    21da:	82 81       	ldd	r24, Z+2	; 0x02
    21dc:	93 81       	ldd	r25, Z+3	; 0x03
    21de:	0e 94 49 00 	call	0x92	; 0x92 <__fixunssfsi>
    21e2:	dc 01       	movw	r26, r24
    21e4:	cb 01       	movw	r24, r22
    21e6:	f8 01       	movw	r30, r16
    21e8:	91 83       	std	Z+1, r25	; 0x01
    21ea:	80 83       	st	Z, r24
    21ec:	de 01       	movw	r26, r28
    21ee:	ab 5a       	subi	r26, 0xAB	; 171
    21f0:	bf 4f       	sbci	r27, 0xFF	; 255
    21f2:	fe 01       	movw	r30, r28
    21f4:	e7 5a       	subi	r30, 0xA7	; 167
    21f6:	ff 4f       	sbci	r31, 0xFF	; 255
    21f8:	80 81       	ld	r24, Z
    21fa:	91 81       	ldd	r25, Z+1	; 0x01
    21fc:	8d 93       	st	X+, r24
    21fe:	9c 93       	st	X, r25
    2200:	fe 01       	movw	r30, r28
    2202:	eb 5a       	subi	r30, 0xAB	; 171
    2204:	ff 4f       	sbci	r31, 0xFF	; 255
    2206:	80 81       	ld	r24, Z
    2208:	91 81       	ldd	r25, Z+1	; 0x01
    220a:	01 97       	sbiw	r24, 0x01	; 1
    220c:	f1 f7       	brne	.-4      	; 0x220a <LCD_displayCharacter+0x184>
    220e:	fe 01       	movw	r30, r28
    2210:	eb 5a       	subi	r30, 0xAB	; 171
    2212:	ff 4f       	sbci	r31, 0xFF	; 255
    2214:	91 83       	std	Z+1, r25	; 0x01
    2216:	80 83       	st	Z, r24
	_delay_ms(1); /* delay for processing Tas = 50ns */
	GPIO_writePin(LCD_E_PORT_ID,LCD_E_PIN_ID,LOGIC_HIGH); /* Enable LCD E=1 */
    2218:	80 e0       	ldi	r24, 0x00	; 0
    221a:	62 e0       	ldi	r22, 0x02	; 2
    221c:	41 e0       	ldi	r20, 0x01	; 1
    221e:	0e 94 02 08 	call	0x1004	; 0x1004 <GPIO_writePin>
    2222:	fe 01       	movw	r30, r28
    2224:	ef 5a       	subi	r30, 0xAF	; 175
    2226:	ff 4f       	sbci	r31, 0xFF	; 255
    2228:	80 e0       	ldi	r24, 0x00	; 0
    222a:	90 e0       	ldi	r25, 0x00	; 0
    222c:	a0 e8       	ldi	r26, 0x80	; 128
    222e:	bf e3       	ldi	r27, 0x3F	; 63
    2230:	80 83       	st	Z, r24
    2232:	91 83       	std	Z+1, r25	; 0x01
    2234:	a2 83       	std	Z+2, r26	; 0x02
    2236:	b3 83       	std	Z+3, r27	; 0x03
 */
void
_delay_ms(double __ms)
{
	uint16_t __ticks;
	double __tmp = ((F_CPU) / 4e3) * __ms;
    2238:	8e 01       	movw	r16, r28
    223a:	03 5b       	subi	r16, 0xB3	; 179
    223c:	1f 4f       	sbci	r17, 0xFF	; 255
    223e:	fe 01       	movw	r30, r28
    2240:	ef 5a       	subi	r30, 0xAF	; 175
    2242:	ff 4f       	sbci	r31, 0xFF	; 255
    2244:	60 81       	ld	r22, Z
    2246:	71 81       	ldd	r23, Z+1	; 0x01
    2248:	82 81       	ldd	r24, Z+2	; 0x02
    224a:	93 81       	ldd	r25, Z+3	; 0x03
    224c:	20 e0       	ldi	r18, 0x00	; 0
    224e:	30 e0       	ldi	r19, 0x00	; 0
    2250:	4a e7       	ldi	r20, 0x7A	; 122
    2252:	55 e4       	ldi	r21, 0x45	; 69
    2254:	0e 94 1f 02 	call	0x43e	; 0x43e <__mulsf3>
    2258:	dc 01       	movw	r26, r24
    225a:	cb 01       	movw	r24, r22
    225c:	f8 01       	movw	r30, r16
    225e:	80 83       	st	Z, r24
    2260:	91 83       	std	Z+1, r25	; 0x01
    2262:	a2 83       	std	Z+2, r26	; 0x02
    2264:	b3 83       	std	Z+3, r27	; 0x03
	if (__tmp < 1.0)
    2266:	fe 01       	movw	r30, r28
    2268:	e3 5b       	subi	r30, 0xB3	; 179
    226a:	ff 4f       	sbci	r31, 0xFF	; 255
    226c:	60 81       	ld	r22, Z
    226e:	71 81       	ldd	r23, Z+1	; 0x01
    2270:	82 81       	ldd	r24, Z+2	; 0x02
    2272:	93 81       	ldd	r25, Z+3	; 0x03
    2274:	20 e0       	ldi	r18, 0x00	; 0
    2276:	30 e0       	ldi	r19, 0x00	; 0
    2278:	40 e8       	ldi	r20, 0x80	; 128
    227a:	5f e3       	ldi	r21, 0x3F	; 63
    227c:	0e 94 25 04 	call	0x84a	; 0x84a <__ltsf2>
    2280:	88 23       	and	r24, r24
    2282:	44 f4       	brge	.+16     	; 0x2294 <LCD_displayCharacter+0x20e>
		__ticks = 1;
    2284:	fe 01       	movw	r30, r28
    2286:	e5 5b       	subi	r30, 0xB5	; 181
    2288:	ff 4f       	sbci	r31, 0xFF	; 255
    228a:	81 e0       	ldi	r24, 0x01	; 1
    228c:	90 e0       	ldi	r25, 0x00	; 0
    228e:	91 83       	std	Z+1, r25	; 0x01
    2290:	80 83       	st	Z, r24
    2292:	64 c0       	rjmp	.+200    	; 0x235c <LCD_displayCharacter+0x2d6>
	else if (__tmp > 65535)
    2294:	fe 01       	movw	r30, r28
    2296:	e3 5b       	subi	r30, 0xB3	; 179
    2298:	ff 4f       	sbci	r31, 0xFF	; 255
    229a:	60 81       	ld	r22, Z
    229c:	71 81       	ldd	r23, Z+1	; 0x01
    229e:	82 81       	ldd	r24, Z+2	; 0x02
    22a0:	93 81       	ldd	r25, Z+3	; 0x03
    22a2:	20 e0       	ldi	r18, 0x00	; 0
    22a4:	3f ef       	ldi	r19, 0xFF	; 255
    22a6:	4f e7       	ldi	r20, 0x7F	; 127
    22a8:	57 e4       	ldi	r21, 0x47	; 71
    22aa:	0e 94 c5 03 	call	0x78a	; 0x78a <__gtsf2>
    22ae:	18 16       	cp	r1, r24
    22b0:	0c f0       	brlt	.+2      	; 0x22b4 <LCD_displayCharacter+0x22e>
    22b2:	43 c0       	rjmp	.+134    	; 0x233a <LCD_displayCharacter+0x2b4>
	{
		//	__ticks = requested delay in 1/10 ms
		__ticks = (uint16_t) (__ms * 10.0);
    22b4:	fe 01       	movw	r30, r28
    22b6:	ef 5a       	subi	r30, 0xAF	; 175
    22b8:	ff 4f       	sbci	r31, 0xFF	; 255
    22ba:	60 81       	ld	r22, Z
    22bc:	71 81       	ldd	r23, Z+1	; 0x01
    22be:	82 81       	ldd	r24, Z+2	; 0x02
    22c0:	93 81       	ldd	r25, Z+3	; 0x03
    22c2:	20 e0       	ldi	r18, 0x00	; 0
    22c4:	30 e0       	ldi	r19, 0x00	; 0
    22c6:	40 e2       	ldi	r20, 0x20	; 32
    22c8:	51 e4       	ldi	r21, 0x41	; 65
    22ca:	0e 94 1f 02 	call	0x43e	; 0x43e <__mulsf3>
    22ce:	dc 01       	movw	r26, r24
    22d0:	cb 01       	movw	r24, r22
    22d2:	8e 01       	movw	r16, r28
    22d4:	05 5b       	subi	r16, 0xB5	; 181
    22d6:	1f 4f       	sbci	r17, 0xFF	; 255
    22d8:	bc 01       	movw	r22, r24
    22da:	cd 01       	movw	r24, r26
    22dc:	0e 94 49 00 	call	0x92	; 0x92 <__fixunssfsi>
    22e0:	dc 01       	movw	r26, r24
    22e2:	cb 01       	movw	r24, r22
    22e4:	f8 01       	movw	r30, r16
    22e6:	91 83       	std	Z+1, r25	; 0x01
    22e8:	80 83       	st	Z, r24
    22ea:	1f c0       	rjmp	.+62     	; 0x232a <LCD_displayCharacter+0x2a4>
    22ec:	fe 01       	movw	r30, r28
    22ee:	e7 5b       	subi	r30, 0xB7	; 183
    22f0:	ff 4f       	sbci	r31, 0xFF	; 255
    22f2:	80 e9       	ldi	r24, 0x90	; 144
    22f4:	91 e0       	ldi	r25, 0x01	; 1
    22f6:	91 83       	std	Z+1, r25	; 0x01
    22f8:	80 83       	st	Z, r24
    22fa:	fe 01       	movw	r30, r28
    22fc:	e7 5b       	subi	r30, 0xB7	; 183
    22fe:	ff 4f       	sbci	r31, 0xFF	; 255
    2300:	80 81       	ld	r24, Z
    2302:	91 81       	ldd	r25, Z+1	; 0x01
    2304:	01 97       	sbiw	r24, 0x01	; 1
    2306:	f1 f7       	brne	.-4      	; 0x2304 <LCD_displayCharacter+0x27e>
    2308:	fe 01       	movw	r30, r28
    230a:	e7 5b       	subi	r30, 0xB7	; 183
    230c:	ff 4f       	sbci	r31, 0xFF	; 255
    230e:	91 83       	std	Z+1, r25	; 0x01
    2310:	80 83       	st	Z, r24
		while(__ticks)
		{
			// wait 1/10 ms
			_delay_loop_2(((F_CPU) / 4e3) / 10);
			__ticks --;
    2312:	de 01       	movw	r26, r28
    2314:	a5 5b       	subi	r26, 0xB5	; 181
    2316:	bf 4f       	sbci	r27, 0xFF	; 255
    2318:	fe 01       	movw	r30, r28
    231a:	e5 5b       	subi	r30, 0xB5	; 181
    231c:	ff 4f       	sbci	r31, 0xFF	; 255
    231e:	80 81       	ld	r24, Z
    2320:	91 81       	ldd	r25, Z+1	; 0x01
    2322:	01 97       	sbiw	r24, 0x01	; 1
    2324:	11 96       	adiw	r26, 0x01	; 1
    2326:	9c 93       	st	X, r25
    2328:	8e 93       	st	-X, r24
		__ticks = 1;
	else if (__tmp > 65535)
	{
		//	__ticks = requested delay in 1/10 ms
		__ticks = (uint16_t) (__ms * 10.0);
		while(__ticks)
    232a:	fe 01       	movw	r30, r28
    232c:	e5 5b       	subi	r30, 0xB5	; 181
    232e:	ff 4f       	sbci	r31, 0xFF	; 255
    2330:	80 81       	ld	r24, Z
    2332:	91 81       	ldd	r25, Z+1	; 0x01
    2334:	00 97       	sbiw	r24, 0x00	; 0
    2336:	d1 f6       	brne	.-76     	; 0x22ec <LCD_displayCharacter+0x266>
    2338:	27 c0       	rjmp	.+78     	; 0x2388 <LCD_displayCharacter+0x302>
			__ticks --;
		}
		return;
	}
	else
		__ticks = (uint16_t)__tmp;
    233a:	8e 01       	movw	r16, r28
    233c:	05 5b       	subi	r16, 0xB5	; 181
    233e:	1f 4f       	sbci	r17, 0xFF	; 255
    2340:	fe 01       	movw	r30, r28
    2342:	e3 5b       	subi	r30, 0xB3	; 179
    2344:	ff 4f       	sbci	r31, 0xFF	; 255
    2346:	60 81       	ld	r22, Z
    2348:	71 81       	ldd	r23, Z+1	; 0x01
    234a:	82 81       	ldd	r24, Z+2	; 0x02
    234c:	93 81       	ldd	r25, Z+3	; 0x03
    234e:	0e 94 49 00 	call	0x92	; 0x92 <__fixunssfsi>
    2352:	dc 01       	movw	r26, r24
    2354:	cb 01       	movw	r24, r22
    2356:	f8 01       	movw	r30, r16
    2358:	91 83       	std	Z+1, r25	; 0x01
    235a:	80 83       	st	Z, r24
    235c:	de 01       	movw	r26, r28
    235e:	a9 5b       	subi	r26, 0xB9	; 185
    2360:	bf 4f       	sbci	r27, 0xFF	; 255
    2362:	fe 01       	movw	r30, r28
    2364:	e5 5b       	subi	r30, 0xB5	; 181
    2366:	ff 4f       	sbci	r31, 0xFF	; 255
    2368:	80 81       	ld	r24, Z
    236a:	91 81       	ldd	r25, Z+1	; 0x01
    236c:	8d 93       	st	X+, r24
    236e:	9c 93       	st	X, r25
    2370:	fe 01       	movw	r30, r28
    2372:	e9 5b       	subi	r30, 0xB9	; 185
    2374:	ff 4f       	sbci	r31, 0xFF	; 255
    2376:	80 81       	ld	r24, Z
    2378:	91 81       	ldd	r25, Z+1	; 0x01
    237a:	01 97       	sbiw	r24, 0x01	; 1
    237c:	f1 f7       	brne	.-4      	; 0x237a <LCD_displayCharacter+0x2f4>
    237e:	fe 01       	movw	r30, r28
    2380:	e9 5b       	subi	r30, 0xB9	; 185
    2382:	ff 4f       	sbci	r31, 0xFF	; 255
    2384:	91 83       	std	Z+1, r25	; 0x01
    2386:	80 83       	st	Z, r24
	_delay_ms(1); /* delay for processing Tpw - Tdws = 190ns */

#if(LCD_DATA_BITS_MODE == 4)
	GPIO_writePin(LCD_DATA_PORT_ID,LCD_DB4_PIN_ID,GET_BIT(data,4));
    2388:	fe 01       	movw	r30, r28
    238a:	ed 59       	subi	r30, 0x9D	; 157
    238c:	ff 4f       	sbci	r31, 0xFF	; 255
    238e:	80 81       	ld	r24, Z
    2390:	98 2f       	mov	r25, r24
    2392:	90 71       	andi	r25, 0x10	; 16
    2394:	80 e0       	ldi	r24, 0x00	; 0
    2396:	63 e0       	ldi	r22, 0x03	; 3
    2398:	49 2f       	mov	r20, r25
    239a:	0e 94 02 08 	call	0x1004	; 0x1004 <GPIO_writePin>
	GPIO_writePin(LCD_DATA_PORT_ID,LCD_DB5_PIN_ID,GET_BIT(data,5));
    239e:	fe 01       	movw	r30, r28
    23a0:	ed 59       	subi	r30, 0x9D	; 157
    23a2:	ff 4f       	sbci	r31, 0xFF	; 255
    23a4:	80 81       	ld	r24, Z
    23a6:	98 2f       	mov	r25, r24
    23a8:	90 72       	andi	r25, 0x20	; 32
    23aa:	80 e0       	ldi	r24, 0x00	; 0
    23ac:	64 e0       	ldi	r22, 0x04	; 4
    23ae:	49 2f       	mov	r20, r25
    23b0:	0e 94 02 08 	call	0x1004	; 0x1004 <GPIO_writePin>
	GPIO_writePin(LCD_DATA_PORT_ID,LCD_DB6_PIN_ID,GET_BIT(data,6));
    23b4:	fe 01       	movw	r30, r28
    23b6:	ed 59       	subi	r30, 0x9D	; 157
    23b8:	ff 4f       	sbci	r31, 0xFF	; 255
    23ba:	80 81       	ld	r24, Z
    23bc:	98 2f       	mov	r25, r24
    23be:	90 74       	andi	r25, 0x40	; 64
    23c0:	80 e0       	ldi	r24, 0x00	; 0
    23c2:	65 e0       	ldi	r22, 0x05	; 5
    23c4:	49 2f       	mov	r20, r25
    23c6:	0e 94 02 08 	call	0x1004	; 0x1004 <GPIO_writePin>
	GPIO_writePin(LCD_DATA_PORT_ID,LCD_DB7_PIN_ID,GET_BIT(data,7));
    23ca:	fe 01       	movw	r30, r28
    23cc:	ed 59       	subi	r30, 0x9D	; 157
    23ce:	ff 4f       	sbci	r31, 0xFF	; 255
    23d0:	80 81       	ld	r24, Z
    23d2:	98 2f       	mov	r25, r24
    23d4:	90 78       	andi	r25, 0x80	; 128
    23d6:	80 e0       	ldi	r24, 0x00	; 0
    23d8:	66 e0       	ldi	r22, 0x06	; 6
    23da:	49 2f       	mov	r20, r25
    23dc:	0e 94 02 08 	call	0x1004	; 0x1004 <GPIO_writePin>
    23e0:	fe 01       	movw	r30, r28
    23e2:	ed 5b       	subi	r30, 0xBD	; 189
    23e4:	ff 4f       	sbci	r31, 0xFF	; 255
    23e6:	80 e0       	ldi	r24, 0x00	; 0
    23e8:	90 e0       	ldi	r25, 0x00	; 0
    23ea:	a0 e8       	ldi	r26, 0x80	; 128
    23ec:	bf e3       	ldi	r27, 0x3F	; 63
    23ee:	80 83       	st	Z, r24
    23f0:	91 83       	std	Z+1, r25	; 0x01
    23f2:	a2 83       	std	Z+2, r26	; 0x02
    23f4:	b3 83       	std	Z+3, r27	; 0x03
 */
void
_delay_ms(double __ms)
{
	uint16_t __ticks;
	double __tmp = ((F_CPU) / 4e3) * __ms;
    23f6:	8e 01       	movw	r16, r28
    23f8:	01 5c       	subi	r16, 0xC1	; 193
    23fa:	1f 4f       	sbci	r17, 0xFF	; 255
    23fc:	fe 01       	movw	r30, r28
    23fe:	ed 5b       	subi	r30, 0xBD	; 189
    2400:	ff 4f       	sbci	r31, 0xFF	; 255
    2402:	60 81       	ld	r22, Z
    2404:	71 81       	ldd	r23, Z+1	; 0x01
    2406:	82 81       	ldd	r24, Z+2	; 0x02
    2408:	93 81       	ldd	r25, Z+3	; 0x03
    240a:	20 e0       	ldi	r18, 0x00	; 0
    240c:	30 e0       	ldi	r19, 0x00	; 0
    240e:	4a e7       	ldi	r20, 0x7A	; 122
    2410:	55 e4       	ldi	r21, 0x45	; 69
    2412:	0e 94 1f 02 	call	0x43e	; 0x43e <__mulsf3>
    2416:	dc 01       	movw	r26, r24
    2418:	cb 01       	movw	r24, r22
    241a:	f8 01       	movw	r30, r16
    241c:	80 83       	st	Z, r24
    241e:	91 83       	std	Z+1, r25	; 0x01
    2420:	a2 83       	std	Z+2, r26	; 0x02
    2422:	b3 83       	std	Z+3, r27	; 0x03
	if (__tmp < 1.0)
    2424:	fe 01       	movw	r30, r28
    2426:	ff 96       	adiw	r30, 0x3f	; 63
    2428:	60 81       	ld	r22, Z
    242a:	71 81       	ldd	r23, Z+1	; 0x01
    242c:	82 81       	ldd	r24, Z+2	; 0x02
    242e:	93 81       	ldd	r25, Z+3	; 0x03
    2430:	20 e0       	ldi	r18, 0x00	; 0
    2432:	30 e0       	ldi	r19, 0x00	; 0
    2434:	40 e8       	ldi	r20, 0x80	; 128
    2436:	5f e3       	ldi	r21, 0x3F	; 63
    2438:	0e 94 25 04 	call	0x84a	; 0x84a <__ltsf2>
    243c:	88 23       	and	r24, r24
    243e:	2c f4       	brge	.+10     	; 0x244a <LCD_displayCharacter+0x3c4>
		__ticks = 1;
    2440:	81 e0       	ldi	r24, 0x01	; 1
    2442:	90 e0       	ldi	r25, 0x00	; 0
    2444:	9e af       	std	Y+62, r25	; 0x3e
    2446:	8d af       	std	Y+61, r24	; 0x3d
    2448:	46 c0       	rjmp	.+140    	; 0x24d6 <LCD_displayCharacter+0x450>
	else if (__tmp > 65535)
    244a:	fe 01       	movw	r30, r28
    244c:	ff 96       	adiw	r30, 0x3f	; 63
    244e:	60 81       	ld	r22, Z
    2450:	71 81       	ldd	r23, Z+1	; 0x01
    2452:	82 81       	ldd	r24, Z+2	; 0x02
    2454:	93 81       	ldd	r25, Z+3	; 0x03
    2456:	20 e0       	ldi	r18, 0x00	; 0
    2458:	3f ef       	ldi	r19, 0xFF	; 255
    245a:	4f e7       	ldi	r20, 0x7F	; 127
    245c:	57 e4       	ldi	r21, 0x47	; 71
    245e:	0e 94 c5 03 	call	0x78a	; 0x78a <__gtsf2>
    2462:	18 16       	cp	r1, r24
    2464:	64 f5       	brge	.+88     	; 0x24be <LCD_displayCharacter+0x438>
	{
		//	__ticks = requested delay in 1/10 ms
		__ticks = (uint16_t) (__ms * 10.0);
    2466:	fe 01       	movw	r30, r28
    2468:	ed 5b       	subi	r30, 0xBD	; 189
    246a:	ff 4f       	sbci	r31, 0xFF	; 255
    246c:	60 81       	ld	r22, Z
    246e:	71 81       	ldd	r23, Z+1	; 0x01
    2470:	82 81       	ldd	r24, Z+2	; 0x02
    2472:	93 81       	ldd	r25, Z+3	; 0x03
    2474:	20 e0       	ldi	r18, 0x00	; 0
    2476:	30 e0       	ldi	r19, 0x00	; 0
    2478:	40 e2       	ldi	r20, 0x20	; 32
    247a:	51 e4       	ldi	r21, 0x41	; 65
    247c:	0e 94 1f 02 	call	0x43e	; 0x43e <__mulsf3>
    2480:	dc 01       	movw	r26, r24
    2482:	cb 01       	movw	r24, r22
    2484:	bc 01       	movw	r22, r24
    2486:	cd 01       	movw	r24, r26
    2488:	0e 94 49 00 	call	0x92	; 0x92 <__fixunssfsi>
    248c:	dc 01       	movw	r26, r24
    248e:	cb 01       	movw	r24, r22
    2490:	9e af       	std	Y+62, r25	; 0x3e
    2492:	8d af       	std	Y+61, r24	; 0x3d
    2494:	0f c0       	rjmp	.+30     	; 0x24b4 <LCD_displayCharacter+0x42e>
    2496:	80 e9       	ldi	r24, 0x90	; 144
    2498:	91 e0       	ldi	r25, 0x01	; 1
    249a:	9c af       	std	Y+60, r25	; 0x3c
    249c:	8b af       	std	Y+59, r24	; 0x3b
    249e:	8b ad       	ldd	r24, Y+59	; 0x3b
    24a0:	9c ad       	ldd	r25, Y+60	; 0x3c
    24a2:	01 97       	sbiw	r24, 0x01	; 1
    24a4:	f1 f7       	brne	.-4      	; 0x24a2 <LCD_displayCharacter+0x41c>
    24a6:	9c af       	std	Y+60, r25	; 0x3c
    24a8:	8b af       	std	Y+59, r24	; 0x3b
		while(__ticks)
		{
			// wait 1/10 ms
			_delay_loop_2(((F_CPU) / 4e3) / 10);
			__ticks --;
    24aa:	8d ad       	ldd	r24, Y+61	; 0x3d
    24ac:	9e ad       	ldd	r25, Y+62	; 0x3e
    24ae:	01 97       	sbiw	r24, 0x01	; 1
    24b0:	9e af       	std	Y+62, r25	; 0x3e
    24b2:	8d af       	std	Y+61, r24	; 0x3d
		__ticks = 1;
	else if (__tmp > 65535)
	{
		//	__ticks = requested delay in 1/10 ms
		__ticks = (uint16_t) (__ms * 10.0);
		while(__ticks)
    24b4:	8d ad       	ldd	r24, Y+61	; 0x3d
    24b6:	9e ad       	ldd	r25, Y+62	; 0x3e
    24b8:	00 97       	sbiw	r24, 0x00	; 0
    24ba:	69 f7       	brne	.-38     	; 0x2496 <LCD_displayCharacter+0x410>
    24bc:	16 c0       	rjmp	.+44     	; 0x24ea <LCD_displayCharacter+0x464>
			__ticks --;
		}
		return;
	}
	else
		__ticks = (uint16_t)__tmp;
    24be:	fe 01       	movw	r30, r28
    24c0:	ff 96       	adiw	r30, 0x3f	; 63
    24c2:	60 81       	ld	r22, Z
    24c4:	71 81       	ldd	r23, Z+1	; 0x01
    24c6:	82 81       	ldd	r24, Z+2	; 0x02
    24c8:	93 81       	ldd	r25, Z+3	; 0x03
    24ca:	0e 94 49 00 	call	0x92	; 0x92 <__fixunssfsi>
    24ce:	dc 01       	movw	r26, r24
    24d0:	cb 01       	movw	r24, r22
    24d2:	9e af       	std	Y+62, r25	; 0x3e
    24d4:	8d af       	std	Y+61, r24	; 0x3d
    24d6:	8d ad       	ldd	r24, Y+61	; 0x3d
    24d8:	9e ad       	ldd	r25, Y+62	; 0x3e
    24da:	9a af       	std	Y+58, r25	; 0x3a
    24dc:	89 af       	std	Y+57, r24	; 0x39
    24de:	89 ad       	ldd	r24, Y+57	; 0x39
    24e0:	9a ad       	ldd	r25, Y+58	; 0x3a
    24e2:	01 97       	sbiw	r24, 0x01	; 1
    24e4:	f1 f7       	brne	.-4      	; 0x24e2 <LCD_displayCharacter+0x45c>
    24e6:	9a af       	std	Y+58, r25	; 0x3a
    24e8:	89 af       	std	Y+57, r24	; 0x39

	_delay_ms(1); /* delay for processing Tdsw = 100ns */
	GPIO_writePin(LCD_E_PORT_ID,LCD_E_PIN_ID,LOGIC_LOW); /* Disable LCD E=0 */
    24ea:	80 e0       	ldi	r24, 0x00	; 0
    24ec:	62 e0       	ldi	r22, 0x02	; 2
    24ee:	40 e0       	ldi	r20, 0x00	; 0
    24f0:	0e 94 02 08 	call	0x1004	; 0x1004 <GPIO_writePin>
    24f4:	80 e0       	ldi	r24, 0x00	; 0
    24f6:	90 e0       	ldi	r25, 0x00	; 0
    24f8:	a0 e8       	ldi	r26, 0x80	; 128
    24fa:	bf e3       	ldi	r27, 0x3F	; 63
    24fc:	8d ab       	std	Y+53, r24	; 0x35
    24fe:	9e ab       	std	Y+54, r25	; 0x36
    2500:	af ab       	std	Y+55, r26	; 0x37
    2502:	b8 af       	std	Y+56, r27	; 0x38
 */
void
_delay_ms(double __ms)
{
	uint16_t __ticks;
	double __tmp = ((F_CPU) / 4e3) * __ms;
    2504:	6d a9       	ldd	r22, Y+53	; 0x35
    2506:	7e a9       	ldd	r23, Y+54	; 0x36
    2508:	8f a9       	ldd	r24, Y+55	; 0x37
    250a:	98 ad       	ldd	r25, Y+56	; 0x38
    250c:	20 e0       	ldi	r18, 0x00	; 0
    250e:	30 e0       	ldi	r19, 0x00	; 0
    2510:	4a e7       	ldi	r20, 0x7A	; 122
    2512:	55 e4       	ldi	r21, 0x45	; 69
    2514:	0e 94 1f 02 	call	0x43e	; 0x43e <__mulsf3>
    2518:	dc 01       	movw	r26, r24
    251a:	cb 01       	movw	r24, r22
    251c:	89 ab       	std	Y+49, r24	; 0x31
    251e:	9a ab       	std	Y+50, r25	; 0x32
    2520:	ab ab       	std	Y+51, r26	; 0x33
    2522:	bc ab       	std	Y+52, r27	; 0x34
	if (__tmp < 1.0)
    2524:	69 a9       	ldd	r22, Y+49	; 0x31
    2526:	7a a9       	ldd	r23, Y+50	; 0x32
    2528:	8b a9       	ldd	r24, Y+51	; 0x33
    252a:	9c a9       	ldd	r25, Y+52	; 0x34
    252c:	20 e0       	ldi	r18, 0x00	; 0
    252e:	30 e0       	ldi	r19, 0x00	; 0
    2530:	40 e8       	ldi	r20, 0x80	; 128
    2532:	5f e3       	ldi	r21, 0x3F	; 63
    2534:	0e 94 25 04 	call	0x84a	; 0x84a <__ltsf2>
    2538:	88 23       	and	r24, r24
    253a:	2c f4       	brge	.+10     	; 0x2546 <LCD_displayCharacter+0x4c0>
		__ticks = 1;
    253c:	81 e0       	ldi	r24, 0x01	; 1
    253e:	90 e0       	ldi	r25, 0x00	; 0
    2540:	98 ab       	std	Y+48, r25	; 0x30
    2542:	8f a7       	std	Y+47, r24	; 0x2f
    2544:	3f c0       	rjmp	.+126    	; 0x25c4 <LCD_displayCharacter+0x53e>
	else if (__tmp > 65535)
    2546:	69 a9       	ldd	r22, Y+49	; 0x31
    2548:	7a a9       	ldd	r23, Y+50	; 0x32
    254a:	8b a9       	ldd	r24, Y+51	; 0x33
    254c:	9c a9       	ldd	r25, Y+52	; 0x34
    254e:	20 e0       	ldi	r18, 0x00	; 0
    2550:	3f ef       	ldi	r19, 0xFF	; 255
    2552:	4f e7       	ldi	r20, 0x7F	; 127
    2554:	57 e4       	ldi	r21, 0x47	; 71
    2556:	0e 94 c5 03 	call	0x78a	; 0x78a <__gtsf2>
    255a:	18 16       	cp	r1, r24
    255c:	4c f5       	brge	.+82     	; 0x25b0 <LCD_displayCharacter+0x52a>
	{
		//	__ticks = requested delay in 1/10 ms
		__ticks = (uint16_t) (__ms * 10.0);
    255e:	6d a9       	ldd	r22, Y+53	; 0x35
    2560:	7e a9       	ldd	r23, Y+54	; 0x36
    2562:	8f a9       	ldd	r24, Y+55	; 0x37
    2564:	98 ad       	ldd	r25, Y+56	; 0x38
    2566:	20 e0       	ldi	r18, 0x00	; 0
    2568:	30 e0       	ldi	r19, 0x00	; 0
    256a:	40 e2       	ldi	r20, 0x20	; 32
    256c:	51 e4       	ldi	r21, 0x41	; 65
    256e:	0e 94 1f 02 	call	0x43e	; 0x43e <__mulsf3>
    2572:	dc 01       	movw	r26, r24
    2574:	cb 01       	movw	r24, r22
    2576:	bc 01       	movw	r22, r24
    2578:	cd 01       	movw	r24, r26
    257a:	0e 94 49 00 	call	0x92	; 0x92 <__fixunssfsi>
    257e:	dc 01       	movw	r26, r24
    2580:	cb 01       	movw	r24, r22
    2582:	98 ab       	std	Y+48, r25	; 0x30
    2584:	8f a7       	std	Y+47, r24	; 0x2f
    2586:	0f c0       	rjmp	.+30     	; 0x25a6 <LCD_displayCharacter+0x520>
    2588:	80 e9       	ldi	r24, 0x90	; 144
    258a:	91 e0       	ldi	r25, 0x01	; 1
    258c:	9e a7       	std	Y+46, r25	; 0x2e
    258e:	8d a7       	std	Y+45, r24	; 0x2d
    2590:	8d a5       	ldd	r24, Y+45	; 0x2d
    2592:	9e a5       	ldd	r25, Y+46	; 0x2e
    2594:	01 97       	sbiw	r24, 0x01	; 1
    2596:	f1 f7       	brne	.-4      	; 0x2594 <LCD_displayCharacter+0x50e>
    2598:	9e a7       	std	Y+46, r25	; 0x2e
    259a:	8d a7       	std	Y+45, r24	; 0x2d
		while(__ticks)
		{
			// wait 1/10 ms
			_delay_loop_2(((F_CPU) / 4e3) / 10);
			__ticks --;
    259c:	8f a5       	ldd	r24, Y+47	; 0x2f
    259e:	98 a9       	ldd	r25, Y+48	; 0x30
    25a0:	01 97       	sbiw	r24, 0x01	; 1
    25a2:	98 ab       	std	Y+48, r25	; 0x30
    25a4:	8f a7       	std	Y+47, r24	; 0x2f
		__ticks = 1;
	else if (__tmp > 65535)
	{
		//	__ticks = requested delay in 1/10 ms
		__ticks = (uint16_t) (__ms * 10.0);
		while(__ticks)
    25a6:	8f a5       	ldd	r24, Y+47	; 0x2f
    25a8:	98 a9       	ldd	r25, Y+48	; 0x30
    25aa:	00 97       	sbiw	r24, 0x00	; 0
    25ac:	69 f7       	brne	.-38     	; 0x2588 <LCD_displayCharacter+0x502>
    25ae:	14 c0       	rjmp	.+40     	; 0x25d8 <LCD_displayCharacter+0x552>
			__ticks --;
		}
		return;
	}
	else
		__ticks = (uint16_t)__tmp;
    25b0:	69 a9       	ldd	r22, Y+49	; 0x31
    25b2:	7a a9       	ldd	r23, Y+50	; 0x32
    25b4:	8b a9       	ldd	r24, Y+51	; 0x33
    25b6:	9c a9       	ldd	r25, Y+52	; 0x34
    25b8:	0e 94 49 00 	call	0x92	; 0x92 <__fixunssfsi>
    25bc:	dc 01       	movw	r26, r24
    25be:	cb 01       	movw	r24, r22
    25c0:	98 ab       	std	Y+48, r25	; 0x30
    25c2:	8f a7       	std	Y+47, r24	; 0x2f
    25c4:	8f a5       	ldd	r24, Y+47	; 0x2f
    25c6:	98 a9       	ldd	r25, Y+48	; 0x30
    25c8:	9c a7       	std	Y+44, r25	; 0x2c
    25ca:	8b a7       	std	Y+43, r24	; 0x2b
    25cc:	8b a5       	ldd	r24, Y+43	; 0x2b
    25ce:	9c a5       	ldd	r25, Y+44	; 0x2c
    25d0:	01 97       	sbiw	r24, 0x01	; 1
    25d2:	f1 f7       	brne	.-4      	; 0x25d0 <LCD_displayCharacter+0x54a>
    25d4:	9c a7       	std	Y+44, r25	; 0x2c
    25d6:	8b a7       	std	Y+43, r24	; 0x2b
	_delay_ms(1); /* delay for processing Th = 13ns */
	GPIO_writePin(LCD_E_PORT_ID,LCD_E_PIN_ID,LOGIC_HIGH); /* Enable LCD E=1 */
    25d8:	80 e0       	ldi	r24, 0x00	; 0
    25da:	62 e0       	ldi	r22, 0x02	; 2
    25dc:	41 e0       	ldi	r20, 0x01	; 1
    25de:	0e 94 02 08 	call	0x1004	; 0x1004 <GPIO_writePin>
    25e2:	80 e0       	ldi	r24, 0x00	; 0
    25e4:	90 e0       	ldi	r25, 0x00	; 0
    25e6:	a0 e8       	ldi	r26, 0x80	; 128
    25e8:	bf e3       	ldi	r27, 0x3F	; 63
    25ea:	8f a3       	std	Y+39, r24	; 0x27
    25ec:	98 a7       	std	Y+40, r25	; 0x28
    25ee:	a9 a7       	std	Y+41, r26	; 0x29
    25f0:	ba a7       	std	Y+42, r27	; 0x2a
 */
void
_delay_ms(double __ms)
{
	uint16_t __ticks;
	double __tmp = ((F_CPU) / 4e3) * __ms;
    25f2:	6f a1       	ldd	r22, Y+39	; 0x27
    25f4:	78 a5       	ldd	r23, Y+40	; 0x28
    25f6:	89 a5       	ldd	r24, Y+41	; 0x29
    25f8:	9a a5       	ldd	r25, Y+42	; 0x2a
    25fa:	20 e0       	ldi	r18, 0x00	; 0
    25fc:	30 e0       	ldi	r19, 0x00	; 0
    25fe:	4a e7       	ldi	r20, 0x7A	; 122
    2600:	55 e4       	ldi	r21, 0x45	; 69
    2602:	0e 94 1f 02 	call	0x43e	; 0x43e <__mulsf3>
    2606:	dc 01       	movw	r26, r24
    2608:	cb 01       	movw	r24, r22
    260a:	8b a3       	std	Y+35, r24	; 0x23
    260c:	9c a3       	std	Y+36, r25	; 0x24
    260e:	ad a3       	std	Y+37, r26	; 0x25
    2610:	be a3       	std	Y+38, r27	; 0x26
	if (__tmp < 1.0)
    2612:	6b a1       	ldd	r22, Y+35	; 0x23
    2614:	7c a1       	ldd	r23, Y+36	; 0x24
    2616:	8d a1       	ldd	r24, Y+37	; 0x25
    2618:	9e a1       	ldd	r25, Y+38	; 0x26
    261a:	20 e0       	ldi	r18, 0x00	; 0
    261c:	30 e0       	ldi	r19, 0x00	; 0
    261e:	40 e8       	ldi	r20, 0x80	; 128
    2620:	5f e3       	ldi	r21, 0x3F	; 63
    2622:	0e 94 25 04 	call	0x84a	; 0x84a <__ltsf2>
    2626:	88 23       	and	r24, r24
    2628:	2c f4       	brge	.+10     	; 0x2634 <LCD_displayCharacter+0x5ae>
		__ticks = 1;
    262a:	81 e0       	ldi	r24, 0x01	; 1
    262c:	90 e0       	ldi	r25, 0x00	; 0
    262e:	9a a3       	std	Y+34, r25	; 0x22
    2630:	89 a3       	std	Y+33, r24	; 0x21
    2632:	3f c0       	rjmp	.+126    	; 0x26b2 <LCD_displayCharacter+0x62c>
	else if (__tmp > 65535)
    2634:	6b a1       	ldd	r22, Y+35	; 0x23
    2636:	7c a1       	ldd	r23, Y+36	; 0x24
    2638:	8d a1       	ldd	r24, Y+37	; 0x25
    263a:	9e a1       	ldd	r25, Y+38	; 0x26
    263c:	20 e0       	ldi	r18, 0x00	; 0
    263e:	3f ef       	ldi	r19, 0xFF	; 255
    2640:	4f e7       	ldi	r20, 0x7F	; 127
    2642:	57 e4       	ldi	r21, 0x47	; 71
    2644:	0e 94 c5 03 	call	0x78a	; 0x78a <__gtsf2>
    2648:	18 16       	cp	r1, r24
    264a:	4c f5       	brge	.+82     	; 0x269e <LCD_displayCharacter+0x618>
	{
		//	__ticks = requested delay in 1/10 ms
		__ticks = (uint16_t) (__ms * 10.0);
    264c:	6f a1       	ldd	r22, Y+39	; 0x27
    264e:	78 a5       	ldd	r23, Y+40	; 0x28
    2650:	89 a5       	ldd	r24, Y+41	; 0x29
    2652:	9a a5       	ldd	r25, Y+42	; 0x2a
    2654:	20 e0       	ldi	r18, 0x00	; 0
    2656:	30 e0       	ldi	r19, 0x00	; 0
    2658:	40 e2       	ldi	r20, 0x20	; 32
    265a:	51 e4       	ldi	r21, 0x41	; 65
    265c:	0e 94 1f 02 	call	0x43e	; 0x43e <__mulsf3>
    2660:	dc 01       	movw	r26, r24
    2662:	cb 01       	movw	r24, r22
    2664:	bc 01       	movw	r22, r24
    2666:	cd 01       	movw	r24, r26
    2668:	0e 94 49 00 	call	0x92	; 0x92 <__fixunssfsi>
    266c:	dc 01       	movw	r26, r24
    266e:	cb 01       	movw	r24, r22
    2670:	9a a3       	std	Y+34, r25	; 0x22
    2672:	89 a3       	std	Y+33, r24	; 0x21
    2674:	0f c0       	rjmp	.+30     	; 0x2694 <LCD_displayCharacter+0x60e>
    2676:	80 e9       	ldi	r24, 0x90	; 144
    2678:	91 e0       	ldi	r25, 0x01	; 1
    267a:	98 a3       	std	Y+32, r25	; 0x20
    267c:	8f 8f       	std	Y+31, r24	; 0x1f
    267e:	8f 8d       	ldd	r24, Y+31	; 0x1f
    2680:	98 a1       	ldd	r25, Y+32	; 0x20
    2682:	01 97       	sbiw	r24, 0x01	; 1
    2684:	f1 f7       	brne	.-4      	; 0x2682 <LCD_displayCharacter+0x5fc>
    2686:	98 a3       	std	Y+32, r25	; 0x20
    2688:	8f 8f       	std	Y+31, r24	; 0x1f
		while(__ticks)
		{
			// wait 1/10 ms
			_delay_loop_2(((F_CPU) / 4e3) / 10);
			__ticks --;
    268a:	89 a1       	ldd	r24, Y+33	; 0x21
    268c:	9a a1       	ldd	r25, Y+34	; 0x22
    268e:	01 97       	sbiw	r24, 0x01	; 1
    2690:	9a a3       	std	Y+34, r25	; 0x22
    2692:	89 a3       	std	Y+33, r24	; 0x21
		__ticks = 1;
	else if (__tmp > 65535)
	{
		//	__ticks = requested delay in 1/10 ms
		__ticks = (uint16_t) (__ms * 10.0);
		while(__ticks)
    2694:	89 a1       	ldd	r24, Y+33	; 0x21
    2696:	9a a1       	ldd	r25, Y+34	; 0x22
    2698:	00 97       	sbiw	r24, 0x00	; 0
    269a:	69 f7       	brne	.-38     	; 0x2676 <LCD_displayCharacter+0x5f0>
    269c:	14 c0       	rjmp	.+40     	; 0x26c6 <LCD_displayCharacter+0x640>
			__ticks --;
		}
		return;
	}
	else
		__ticks = (uint16_t)__tmp;
    269e:	6b a1       	ldd	r22, Y+35	; 0x23
    26a0:	7c a1       	ldd	r23, Y+36	; 0x24
    26a2:	8d a1       	ldd	r24, Y+37	; 0x25
    26a4:	9e a1       	ldd	r25, Y+38	; 0x26
    26a6:	0e 94 49 00 	call	0x92	; 0x92 <__fixunssfsi>
    26aa:	dc 01       	movw	r26, r24
    26ac:	cb 01       	movw	r24, r22
    26ae:	9a a3       	std	Y+34, r25	; 0x22
    26b0:	89 a3       	std	Y+33, r24	; 0x21
    26b2:	89 a1       	ldd	r24, Y+33	; 0x21
    26b4:	9a a1       	ldd	r25, Y+34	; 0x22
    26b6:	9e 8f       	std	Y+30, r25	; 0x1e
    26b8:	8d 8f       	std	Y+29, r24	; 0x1d
    26ba:	8d 8d       	ldd	r24, Y+29	; 0x1d
    26bc:	9e 8d       	ldd	r25, Y+30	; 0x1e
    26be:	01 97       	sbiw	r24, 0x01	; 1
    26c0:	f1 f7       	brne	.-4      	; 0x26be <LCD_displayCharacter+0x638>
    26c2:	9e 8f       	std	Y+30, r25	; 0x1e
    26c4:	8d 8f       	std	Y+29, r24	; 0x1d
	_delay_ms(1); /* delay for processing Tpw - Tdws = 190ns */

	GPIO_writePin(LCD_DATA_PORT_ID,LCD_DB4_PIN_ID,GET_BIT(data,0));
    26c6:	fe 01       	movw	r30, r28
    26c8:	ed 59       	subi	r30, 0x9D	; 157
    26ca:	ff 4f       	sbci	r31, 0xFF	; 255
    26cc:	80 81       	ld	r24, Z
    26ce:	98 2f       	mov	r25, r24
    26d0:	91 70       	andi	r25, 0x01	; 1
    26d2:	80 e0       	ldi	r24, 0x00	; 0
    26d4:	63 e0       	ldi	r22, 0x03	; 3
    26d6:	49 2f       	mov	r20, r25
    26d8:	0e 94 02 08 	call	0x1004	; 0x1004 <GPIO_writePin>
	GPIO_writePin(LCD_DATA_PORT_ID,LCD_DB5_PIN_ID,GET_BIT(data,1));
    26dc:	fe 01       	movw	r30, r28
    26de:	ed 59       	subi	r30, 0x9D	; 157
    26e0:	ff 4f       	sbci	r31, 0xFF	; 255
    26e2:	80 81       	ld	r24, Z
    26e4:	98 2f       	mov	r25, r24
    26e6:	92 70       	andi	r25, 0x02	; 2
    26e8:	80 e0       	ldi	r24, 0x00	; 0
    26ea:	64 e0       	ldi	r22, 0x04	; 4
    26ec:	49 2f       	mov	r20, r25
    26ee:	0e 94 02 08 	call	0x1004	; 0x1004 <GPIO_writePin>
	GPIO_writePin(LCD_DATA_PORT_ID,LCD_DB6_PIN_ID,GET_BIT(data,2));
    26f2:	fe 01       	movw	r30, r28
    26f4:	ed 59       	subi	r30, 0x9D	; 157
    26f6:	ff 4f       	sbci	r31, 0xFF	; 255
    26f8:	80 81       	ld	r24, Z
    26fa:	98 2f       	mov	r25, r24
    26fc:	94 70       	andi	r25, 0x04	; 4
    26fe:	80 e0       	ldi	r24, 0x00	; 0
    2700:	65 e0       	ldi	r22, 0x05	; 5
    2702:	49 2f       	mov	r20, r25
    2704:	0e 94 02 08 	call	0x1004	; 0x1004 <GPIO_writePin>
	GPIO_writePin(LCD_DATA_PORT_ID,LCD_DB7_PIN_ID,GET_BIT(data,3));
    2708:	fe 01       	movw	r30, r28
    270a:	ed 59       	subi	r30, 0x9D	; 157
    270c:	ff 4f       	sbci	r31, 0xFF	; 255
    270e:	80 81       	ld	r24, Z
    2710:	98 2f       	mov	r25, r24
    2712:	98 70       	andi	r25, 0x08	; 8
    2714:	80 e0       	ldi	r24, 0x00	; 0
    2716:	66 e0       	ldi	r22, 0x06	; 6
    2718:	49 2f       	mov	r20, r25
    271a:	0e 94 02 08 	call	0x1004	; 0x1004 <GPIO_writePin>
    271e:	80 e0       	ldi	r24, 0x00	; 0
    2720:	90 e0       	ldi	r25, 0x00	; 0
    2722:	a0 e8       	ldi	r26, 0x80	; 128
    2724:	bf e3       	ldi	r27, 0x3F	; 63
    2726:	89 8f       	std	Y+25, r24	; 0x19
    2728:	9a 8f       	std	Y+26, r25	; 0x1a
    272a:	ab 8f       	std	Y+27, r26	; 0x1b
    272c:	bc 8f       	std	Y+28, r27	; 0x1c
 */
void
_delay_ms(double __ms)
{
	uint16_t __ticks;
	double __tmp = ((F_CPU) / 4e3) * __ms;
    272e:	69 8d       	ldd	r22, Y+25	; 0x19
    2730:	7a 8d       	ldd	r23, Y+26	; 0x1a
    2732:	8b 8d       	ldd	r24, Y+27	; 0x1b
    2734:	9c 8d       	ldd	r25, Y+28	; 0x1c
    2736:	20 e0       	ldi	r18, 0x00	; 0
    2738:	30 e0       	ldi	r19, 0x00	; 0
    273a:	4a e7       	ldi	r20, 0x7A	; 122
    273c:	55 e4       	ldi	r21, 0x45	; 69
    273e:	0e 94 1f 02 	call	0x43e	; 0x43e <__mulsf3>
    2742:	dc 01       	movw	r26, r24
    2744:	cb 01       	movw	r24, r22
    2746:	8d 8b       	std	Y+21, r24	; 0x15
    2748:	9e 8b       	std	Y+22, r25	; 0x16
    274a:	af 8b       	std	Y+23, r26	; 0x17
    274c:	b8 8f       	std	Y+24, r27	; 0x18
	if (__tmp < 1.0)
    274e:	6d 89       	ldd	r22, Y+21	; 0x15
    2750:	7e 89       	ldd	r23, Y+22	; 0x16
    2752:	8f 89       	ldd	r24, Y+23	; 0x17
    2754:	98 8d       	ldd	r25, Y+24	; 0x18
    2756:	20 e0       	ldi	r18, 0x00	; 0
    2758:	30 e0       	ldi	r19, 0x00	; 0
    275a:	40 e8       	ldi	r20, 0x80	; 128
    275c:	5f e3       	ldi	r21, 0x3F	; 63
    275e:	0e 94 25 04 	call	0x84a	; 0x84a <__ltsf2>
    2762:	88 23       	and	r24, r24
    2764:	2c f4       	brge	.+10     	; 0x2770 <LCD_displayCharacter+0x6ea>
		__ticks = 1;
    2766:	81 e0       	ldi	r24, 0x01	; 1
    2768:	90 e0       	ldi	r25, 0x00	; 0
    276a:	9c 8b       	std	Y+20, r25	; 0x14
    276c:	8b 8b       	std	Y+19, r24	; 0x13
    276e:	3f c0       	rjmp	.+126    	; 0x27ee <LCD_displayCharacter+0x768>
	else if (__tmp > 65535)
    2770:	6d 89       	ldd	r22, Y+21	; 0x15
    2772:	7e 89       	ldd	r23, Y+22	; 0x16
    2774:	8f 89       	ldd	r24, Y+23	; 0x17
    2776:	98 8d       	ldd	r25, Y+24	; 0x18
    2778:	20 e0       	ldi	r18, 0x00	; 0
    277a:	3f ef       	ldi	r19, 0xFF	; 255
    277c:	4f e7       	ldi	r20, 0x7F	; 127
    277e:	57 e4       	ldi	r21, 0x47	; 71
    2780:	0e 94 c5 03 	call	0x78a	; 0x78a <__gtsf2>
    2784:	18 16       	cp	r1, r24
    2786:	4c f5       	brge	.+82     	; 0x27da <LCD_displayCharacter+0x754>
	{
		//	__ticks = requested delay in 1/10 ms
		__ticks = (uint16_t) (__ms * 10.0);
    2788:	69 8d       	ldd	r22, Y+25	; 0x19
    278a:	7a 8d       	ldd	r23, Y+26	; 0x1a
    278c:	8b 8d       	ldd	r24, Y+27	; 0x1b
    278e:	9c 8d       	ldd	r25, Y+28	; 0x1c
    2790:	20 e0       	ldi	r18, 0x00	; 0
    2792:	30 e0       	ldi	r19, 0x00	; 0
    2794:	40 e2       	ldi	r20, 0x20	; 32
    2796:	51 e4       	ldi	r21, 0x41	; 65
    2798:	0e 94 1f 02 	call	0x43e	; 0x43e <__mulsf3>
    279c:	dc 01       	movw	r26, r24
    279e:	cb 01       	movw	r24, r22
    27a0:	bc 01       	movw	r22, r24
    27a2:	cd 01       	movw	r24, r26
    27a4:	0e 94 49 00 	call	0x92	; 0x92 <__fixunssfsi>
    27a8:	dc 01       	movw	r26, r24
    27aa:	cb 01       	movw	r24, r22
    27ac:	9c 8b       	std	Y+20, r25	; 0x14
    27ae:	8b 8b       	std	Y+19, r24	; 0x13
    27b0:	0f c0       	rjmp	.+30     	; 0x27d0 <LCD_displayCharacter+0x74a>
    27b2:	80 e9       	ldi	r24, 0x90	; 144
    27b4:	91 e0       	ldi	r25, 0x01	; 1
    27b6:	9a 8b       	std	Y+18, r25	; 0x12
    27b8:	89 8b       	std	Y+17, r24	; 0x11
    27ba:	89 89       	ldd	r24, Y+17	; 0x11
    27bc:	9a 89       	ldd	r25, Y+18	; 0x12
    27be:	01 97       	sbiw	r24, 0x01	; 1
    27c0:	f1 f7       	brne	.-4      	; 0x27be <LCD_displayCharacter+0x738>
    27c2:	9a 8b       	std	Y+18, r25	; 0x12
    27c4:	89 8b       	std	Y+17, r24	; 0x11
		while(__ticks)
		{
			// wait 1/10 ms
			_delay_loop_2(((F_CPU) / 4e3) / 10);
			__ticks --;
    27c6:	8b 89       	ldd	r24, Y+19	; 0x13
    27c8:	9c 89       	ldd	r25, Y+20	; 0x14
    27ca:	01 97       	sbiw	r24, 0x01	; 1
    27cc:	9c 8b       	std	Y+20, r25	; 0x14
    27ce:	8b 8b       	std	Y+19, r24	; 0x13
		__ticks = 1;
	else if (__tmp > 65535)
	{
		//	__ticks = requested delay in 1/10 ms
		__ticks = (uint16_t) (__ms * 10.0);
		while(__ticks)
    27d0:	8b 89       	ldd	r24, Y+19	; 0x13
    27d2:	9c 89       	ldd	r25, Y+20	; 0x14
    27d4:	00 97       	sbiw	r24, 0x00	; 0
    27d6:	69 f7       	brne	.-38     	; 0x27b2 <LCD_displayCharacter+0x72c>
    27d8:	14 c0       	rjmp	.+40     	; 0x2802 <LCD_displayCharacter+0x77c>
			__ticks --;
		}
		return;
	}
	else
		__ticks = (uint16_t)__tmp;
    27da:	6d 89       	ldd	r22, Y+21	; 0x15
    27dc:	7e 89       	ldd	r23, Y+22	; 0x16
    27de:	8f 89       	ldd	r24, Y+23	; 0x17
    27e0:	98 8d       	ldd	r25, Y+24	; 0x18
    27e2:	0e 94 49 00 	call	0x92	; 0x92 <__fixunssfsi>
    27e6:	dc 01       	movw	r26, r24
    27e8:	cb 01       	movw	r24, r22
    27ea:	9c 8b       	std	Y+20, r25	; 0x14
    27ec:	8b 8b       	std	Y+19, r24	; 0x13
    27ee:	8b 89       	ldd	r24, Y+19	; 0x13
    27f0:	9c 89       	ldd	r25, Y+20	; 0x14
    27f2:	98 8b       	std	Y+16, r25	; 0x10
    27f4:	8f 87       	std	Y+15, r24	; 0x0f
    27f6:	8f 85       	ldd	r24, Y+15	; 0x0f
    27f8:	98 89       	ldd	r25, Y+16	; 0x10
    27fa:	01 97       	sbiw	r24, 0x01	; 1
    27fc:	f1 f7       	brne	.-4      	; 0x27fa <LCD_displayCharacter+0x774>
    27fe:	98 8b       	std	Y+16, r25	; 0x10
    2800:	8f 87       	std	Y+15, r24	; 0x0f

	_delay_ms(1); /* delay for processing Tdsw = 100ns */
	GPIO_writePin(LCD_E_PORT_ID,LCD_E_PIN_ID,LOGIC_LOW); /* Disable LCD E=0 */
    2802:	80 e0       	ldi	r24, 0x00	; 0
    2804:	62 e0       	ldi	r22, 0x02	; 2
    2806:	40 e0       	ldi	r20, 0x00	; 0
    2808:	0e 94 02 08 	call	0x1004	; 0x1004 <GPIO_writePin>
    280c:	80 e0       	ldi	r24, 0x00	; 0
    280e:	90 e0       	ldi	r25, 0x00	; 0
    2810:	a0 e8       	ldi	r26, 0x80	; 128
    2812:	bf e3       	ldi	r27, 0x3F	; 63
    2814:	8b 87       	std	Y+11, r24	; 0x0b
    2816:	9c 87       	std	Y+12, r25	; 0x0c
    2818:	ad 87       	std	Y+13, r26	; 0x0d
    281a:	be 87       	std	Y+14, r27	; 0x0e
 */
void
_delay_ms(double __ms)
{
	uint16_t __ticks;
	double __tmp = ((F_CPU) / 4e3) * __ms;
    281c:	6b 85       	ldd	r22, Y+11	; 0x0b
    281e:	7c 85       	ldd	r23, Y+12	; 0x0c
    2820:	8d 85       	ldd	r24, Y+13	; 0x0d
    2822:	9e 85       	ldd	r25, Y+14	; 0x0e
    2824:	20 e0       	ldi	r18, 0x00	; 0
    2826:	30 e0       	ldi	r19, 0x00	; 0
    2828:	4a e7       	ldi	r20, 0x7A	; 122
    282a:	55 e4       	ldi	r21, 0x45	; 69
    282c:	0e 94 1f 02 	call	0x43e	; 0x43e <__mulsf3>
    2830:	dc 01       	movw	r26, r24
    2832:	cb 01       	movw	r24, r22
    2834:	8f 83       	std	Y+7, r24	; 0x07
    2836:	98 87       	std	Y+8, r25	; 0x08
    2838:	a9 87       	std	Y+9, r26	; 0x09
    283a:	ba 87       	std	Y+10, r27	; 0x0a
	if (__tmp < 1.0)
    283c:	6f 81       	ldd	r22, Y+7	; 0x07
    283e:	78 85       	ldd	r23, Y+8	; 0x08
    2840:	89 85       	ldd	r24, Y+9	; 0x09
    2842:	9a 85       	ldd	r25, Y+10	; 0x0a
    2844:	20 e0       	ldi	r18, 0x00	; 0
    2846:	30 e0       	ldi	r19, 0x00	; 0
    2848:	40 e8       	ldi	r20, 0x80	; 128
    284a:	5f e3       	ldi	r21, 0x3F	; 63
    284c:	0e 94 25 04 	call	0x84a	; 0x84a <__ltsf2>
    2850:	88 23       	and	r24, r24
    2852:	2c f4       	brge	.+10     	; 0x285e <LCD_displayCharacter+0x7d8>
		__ticks = 1;
    2854:	81 e0       	ldi	r24, 0x01	; 1
    2856:	90 e0       	ldi	r25, 0x00	; 0
    2858:	9e 83       	std	Y+6, r25	; 0x06
    285a:	8d 83       	std	Y+5, r24	; 0x05
    285c:	3f c0       	rjmp	.+126    	; 0x28dc <LCD_displayCharacter+0x856>
	else if (__tmp > 65535)
    285e:	6f 81       	ldd	r22, Y+7	; 0x07
    2860:	78 85       	ldd	r23, Y+8	; 0x08
    2862:	89 85       	ldd	r24, Y+9	; 0x09
    2864:	9a 85       	ldd	r25, Y+10	; 0x0a
    2866:	20 e0       	ldi	r18, 0x00	; 0
    2868:	3f ef       	ldi	r19, 0xFF	; 255
    286a:	4f e7       	ldi	r20, 0x7F	; 127
    286c:	57 e4       	ldi	r21, 0x47	; 71
    286e:	0e 94 c5 03 	call	0x78a	; 0x78a <__gtsf2>
    2872:	18 16       	cp	r1, r24
    2874:	4c f5       	brge	.+82     	; 0x28c8 <LCD_displayCharacter+0x842>
	{
		//	__ticks = requested delay in 1/10 ms
		__ticks = (uint16_t) (__ms * 10.0);
    2876:	6b 85       	ldd	r22, Y+11	; 0x0b
    2878:	7c 85       	ldd	r23, Y+12	; 0x0c
    287a:	8d 85       	ldd	r24, Y+13	; 0x0d
    287c:	9e 85       	ldd	r25, Y+14	; 0x0e
    287e:	20 e0       	ldi	r18, 0x00	; 0
    2880:	30 e0       	ldi	r19, 0x00	; 0
    2882:	40 e2       	ldi	r20, 0x20	; 32
    2884:	51 e4       	ldi	r21, 0x41	; 65
    2886:	0e 94 1f 02 	call	0x43e	; 0x43e <__mulsf3>
    288a:	dc 01       	movw	r26, r24
    288c:	cb 01       	movw	r24, r22
    288e:	bc 01       	movw	r22, r24
    2890:	cd 01       	movw	r24, r26
    2892:	0e 94 49 00 	call	0x92	; 0x92 <__fixunssfsi>
    2896:	dc 01       	movw	r26, r24
    2898:	cb 01       	movw	r24, r22
    289a:	9e 83       	std	Y+6, r25	; 0x06
    289c:	8d 83       	std	Y+5, r24	; 0x05
    289e:	0f c0       	rjmp	.+30     	; 0x28be <LCD_displayCharacter+0x838>
    28a0:	80 e9       	ldi	r24, 0x90	; 144
    28a2:	91 e0       	ldi	r25, 0x01	; 1
    28a4:	9c 83       	std	Y+4, r25	; 0x04
    28a6:	8b 83       	std	Y+3, r24	; 0x03
    28a8:	8b 81       	ldd	r24, Y+3	; 0x03
    28aa:	9c 81       	ldd	r25, Y+4	; 0x04
    28ac:	01 97       	sbiw	r24, 0x01	; 1
    28ae:	f1 f7       	brne	.-4      	; 0x28ac <LCD_displayCharacter+0x826>
    28b0:	9c 83       	std	Y+4, r25	; 0x04
    28b2:	8b 83       	std	Y+3, r24	; 0x03
		while(__ticks)
		{
			// wait 1/10 ms
			_delay_loop_2(((F_CPU) / 4e3) / 10);
			__ticks --;
    28b4:	8d 81       	ldd	r24, Y+5	; 0x05
    28b6:	9e 81       	ldd	r25, Y+6	; 0x06
    28b8:	01 97       	sbiw	r24, 0x01	; 1
    28ba:	9e 83       	std	Y+6, r25	; 0x06
    28bc:	8d 83       	std	Y+5, r24	; 0x05
		__ticks = 1;
	else if (__tmp > 65535)
	{
		//	__ticks = requested delay in 1/10 ms
		__ticks = (uint16_t) (__ms * 10.0);
		while(__ticks)
    28be:	8d 81       	ldd	r24, Y+5	; 0x05
    28c0:	9e 81       	ldd	r25, Y+6	; 0x06
    28c2:	00 97       	sbiw	r24, 0x00	; 0
    28c4:	69 f7       	brne	.-38     	; 0x28a0 <LCD_displayCharacter+0x81a>
    28c6:	14 c0       	rjmp	.+40     	; 0x28f0 <LCD_displayCharacter+0x86a>
			__ticks --;
		}
		return;
	}
	else
		__ticks = (uint16_t)__tmp;
    28c8:	6f 81       	ldd	r22, Y+7	; 0x07
    28ca:	78 85       	ldd	r23, Y+8	; 0x08
    28cc:	89 85       	ldd	r24, Y+9	; 0x09
    28ce:	9a 85       	ldd	r25, Y+10	; 0x0a
    28d0:	0e 94 49 00 	call	0x92	; 0x92 <__fixunssfsi>
    28d4:	dc 01       	movw	r26, r24
    28d6:	cb 01       	movw	r24, r22
    28d8:	9e 83       	std	Y+6, r25	; 0x06
    28da:	8d 83       	std	Y+5, r24	; 0x05
    28dc:	8d 81       	ldd	r24, Y+5	; 0x05
    28de:	9e 81       	ldd	r25, Y+6	; 0x06
    28e0:	9a 83       	std	Y+2, r25	; 0x02
    28e2:	89 83       	std	Y+1, r24	; 0x01
    28e4:	89 81       	ldd	r24, Y+1	; 0x01
    28e6:	9a 81       	ldd	r25, Y+2	; 0x02
    28e8:	01 97       	sbiw	r24, 0x01	; 1
    28ea:	f1 f7       	brne	.-4      	; 0x28e8 <LCD_displayCharacter+0x862>
    28ec:	9a 83       	std	Y+2, r25	; 0x02
    28ee:	89 83       	std	Y+1, r24	; 0x01
	GPIO_writePort(LCD_DATA_PORT_ID,data); /* out the required command to the data bus D0 --> D7 */
	_delay_ms(1); /* delay for processing Tdsw = 100ns */
	GPIO_writePin(LCD_E_PORT_ID,LCD_E_PIN_ID,LOGIC_LOW); /* Disable LCD E=0 */
	_delay_ms(1); /* delay for processing Th = 13ns */
#endif
}
    28f0:	cd 59       	subi	r28, 0x9D	; 157
    28f2:	df 4f       	sbci	r29, 0xFF	; 255
    28f4:	0f b6       	in	r0, 0x3f	; 63
    28f6:	f8 94       	cli
    28f8:	de bf       	out	0x3e, r29	; 62
    28fa:	0f be       	out	0x3f, r0	; 63
    28fc:	cd bf       	out	0x3d, r28	; 61
    28fe:	cf 91       	pop	r28
    2900:	df 91       	pop	r29
    2902:	1f 91       	pop	r17
    2904:	0f 91       	pop	r16
    2906:	08 95       	ret

00002908 <LCD_displayString>:
/*
 * Description :
 * Display the required string on the screen
 */
void LCD_displayString(const char *Str)
{
    2908:	df 93       	push	r29
    290a:	cf 93       	push	r28
    290c:	00 d0       	rcall	.+0      	; 0x290e <LCD_displayString+0x6>
    290e:	0f 92       	push	r0
    2910:	cd b7       	in	r28, 0x3d	; 61
    2912:	de b7       	in	r29, 0x3e	; 62
    2914:	9b 83       	std	Y+3, r25	; 0x03
    2916:	8a 83       	std	Y+2, r24	; 0x02
	uint8 i = 0;
    2918:	19 82       	std	Y+1, r1	; 0x01
    291a:	0e c0       	rjmp	.+28     	; 0x2938 <LCD_displayString+0x30>
	while(Str[i] != '\0')
	{
		LCD_displayCharacter(Str[i]);
    291c:	89 81       	ldd	r24, Y+1	; 0x01
    291e:	28 2f       	mov	r18, r24
    2920:	30 e0       	ldi	r19, 0x00	; 0
    2922:	8a 81       	ldd	r24, Y+2	; 0x02
    2924:	9b 81       	ldd	r25, Y+3	; 0x03
    2926:	fc 01       	movw	r30, r24
    2928:	e2 0f       	add	r30, r18
    292a:	f3 1f       	adc	r31, r19
    292c:	80 81       	ld	r24, Z
    292e:	0e 94 43 10 	call	0x2086	; 0x2086 <LCD_displayCharacter>
		i++;
    2932:	89 81       	ldd	r24, Y+1	; 0x01
    2934:	8f 5f       	subi	r24, 0xFF	; 255
    2936:	89 83       	std	Y+1, r24	; 0x01
 * Display the required string on the screen
 */
void LCD_displayString(const char *Str)
{
	uint8 i = 0;
	while(Str[i] != '\0')
    2938:	89 81       	ldd	r24, Y+1	; 0x01
    293a:	28 2f       	mov	r18, r24
    293c:	30 e0       	ldi	r19, 0x00	; 0
    293e:	8a 81       	ldd	r24, Y+2	; 0x02
    2940:	9b 81       	ldd	r25, Y+3	; 0x03
    2942:	fc 01       	movw	r30, r24
    2944:	e2 0f       	add	r30, r18
    2946:	f3 1f       	adc	r31, r19
    2948:	80 81       	ld	r24, Z
    294a:	88 23       	and	r24, r24
    294c:	39 f7       	brne	.-50     	; 0x291c <LCD_displayString+0x14>
	{
		LCD_displayCharacter(*Str);
		Str++;
	}		
	*********************************************************/
}
    294e:	0f 90       	pop	r0
    2950:	0f 90       	pop	r0
    2952:	0f 90       	pop	r0
    2954:	cf 91       	pop	r28
    2956:	df 91       	pop	r29
    2958:	08 95       	ret

0000295a <LCD_moveCursor>:
/*
 * Description :
 * Move the cursor to a specified row and column index on the screen
 */
void LCD_moveCursor(uint8 row,uint8 col)
{
    295a:	df 93       	push	r29
    295c:	cf 93       	push	r28
    295e:	00 d0       	rcall	.+0      	; 0x2960 <LCD_moveCursor+0x6>
    2960:	00 d0       	rcall	.+0      	; 0x2962 <LCD_moveCursor+0x8>
    2962:	0f 92       	push	r0
    2964:	cd b7       	in	r28, 0x3d	; 61
    2966:	de b7       	in	r29, 0x3e	; 62
    2968:	8a 83       	std	Y+2, r24	; 0x02
    296a:	6b 83       	std	Y+3, r22	; 0x03
	uint8 lcd_memory_address;
	
	/* Calculate the required address in the LCD DDRAM */
	switch(row)
    296c:	8a 81       	ldd	r24, Y+2	; 0x02
    296e:	28 2f       	mov	r18, r24
    2970:	30 e0       	ldi	r19, 0x00	; 0
    2972:	3d 83       	std	Y+5, r19	; 0x05
    2974:	2c 83       	std	Y+4, r18	; 0x04
    2976:	8c 81       	ldd	r24, Y+4	; 0x04
    2978:	9d 81       	ldd	r25, Y+5	; 0x05
    297a:	81 30       	cpi	r24, 0x01	; 1
    297c:	91 05       	cpc	r25, r1
    297e:	c1 f0       	breq	.+48     	; 0x29b0 <LCD_moveCursor+0x56>
    2980:	2c 81       	ldd	r18, Y+4	; 0x04
    2982:	3d 81       	ldd	r19, Y+5	; 0x05
    2984:	22 30       	cpi	r18, 0x02	; 2
    2986:	31 05       	cpc	r19, r1
    2988:	2c f4       	brge	.+10     	; 0x2994 <LCD_moveCursor+0x3a>
    298a:	8c 81       	ldd	r24, Y+4	; 0x04
    298c:	9d 81       	ldd	r25, Y+5	; 0x05
    298e:	00 97       	sbiw	r24, 0x00	; 0
    2990:	61 f0       	breq	.+24     	; 0x29aa <LCD_moveCursor+0x50>
    2992:	19 c0       	rjmp	.+50     	; 0x29c6 <LCD_moveCursor+0x6c>
    2994:	2c 81       	ldd	r18, Y+4	; 0x04
    2996:	3d 81       	ldd	r19, Y+5	; 0x05
    2998:	22 30       	cpi	r18, 0x02	; 2
    299a:	31 05       	cpc	r19, r1
    299c:	69 f0       	breq	.+26     	; 0x29b8 <LCD_moveCursor+0x5e>
    299e:	8c 81       	ldd	r24, Y+4	; 0x04
    29a0:	9d 81       	ldd	r25, Y+5	; 0x05
    29a2:	83 30       	cpi	r24, 0x03	; 3
    29a4:	91 05       	cpc	r25, r1
    29a6:	61 f0       	breq	.+24     	; 0x29c0 <LCD_moveCursor+0x66>
    29a8:	0e c0       	rjmp	.+28     	; 0x29c6 <LCD_moveCursor+0x6c>
	{
		case 0:
			lcd_memory_address=col;
    29aa:	8b 81       	ldd	r24, Y+3	; 0x03
    29ac:	89 83       	std	Y+1, r24	; 0x01
    29ae:	0b c0       	rjmp	.+22     	; 0x29c6 <LCD_moveCursor+0x6c>
				break;
		case 1:
			lcd_memory_address=col+0x40;
    29b0:	8b 81       	ldd	r24, Y+3	; 0x03
    29b2:	80 5c       	subi	r24, 0xC0	; 192
    29b4:	89 83       	std	Y+1, r24	; 0x01
    29b6:	07 c0       	rjmp	.+14     	; 0x29c6 <LCD_moveCursor+0x6c>
				break;
		case 2:
			lcd_memory_address=col+0x10;
    29b8:	8b 81       	ldd	r24, Y+3	; 0x03
    29ba:	80 5f       	subi	r24, 0xF0	; 240
    29bc:	89 83       	std	Y+1, r24	; 0x01
    29be:	03 c0       	rjmp	.+6      	; 0x29c6 <LCD_moveCursor+0x6c>
				break;
		case 3:
			lcd_memory_address=col+0x50;
    29c0:	8b 81       	ldd	r24, Y+3	; 0x03
    29c2:	80 5b       	subi	r24, 0xB0	; 176
    29c4:	89 83       	std	Y+1, r24	; 0x01
				break;
	}					
	/* Move the LCD cursor to this specific address */
	LCD_sendCommand(lcd_memory_address | LCD_SET_CURSOR_LOCATION);
    29c6:	89 81       	ldd	r24, Y+1	; 0x01
    29c8:	80 68       	ori	r24, 0x80	; 128
    29ca:	0e 94 02 0c 	call	0x1804	; 0x1804 <LCD_sendCommand>
}
    29ce:	0f 90       	pop	r0
    29d0:	0f 90       	pop	r0
    29d2:	0f 90       	pop	r0
    29d4:	0f 90       	pop	r0
    29d6:	0f 90       	pop	r0
    29d8:	cf 91       	pop	r28
    29da:	df 91       	pop	r29
    29dc:	08 95       	ret

000029de <LCD_displayStringRowColumn>:
/*
 * Description :
 * Display the required string in a specified row and column index on the screen
 */
void LCD_displayStringRowColumn(uint8 row,uint8 col,const char *Str)
{
    29de:	df 93       	push	r29
    29e0:	cf 93       	push	r28
    29e2:	00 d0       	rcall	.+0      	; 0x29e4 <LCD_displayStringRowColumn+0x6>
    29e4:	00 d0       	rcall	.+0      	; 0x29e6 <LCD_displayStringRowColumn+0x8>
    29e6:	cd b7       	in	r28, 0x3d	; 61
    29e8:	de b7       	in	r29, 0x3e	; 62
    29ea:	89 83       	std	Y+1, r24	; 0x01
    29ec:	6a 83       	std	Y+2, r22	; 0x02
    29ee:	5c 83       	std	Y+4, r21	; 0x04
    29f0:	4b 83       	std	Y+3, r20	; 0x03
	LCD_moveCursor(row,col); /* go to to the required LCD position */
    29f2:	89 81       	ldd	r24, Y+1	; 0x01
    29f4:	6a 81       	ldd	r22, Y+2	; 0x02
    29f6:	0e 94 ad 14 	call	0x295a	; 0x295a <LCD_moveCursor>
	LCD_displayString(Str); /* display the string */
    29fa:	8b 81       	ldd	r24, Y+3	; 0x03
    29fc:	9c 81       	ldd	r25, Y+4	; 0x04
    29fe:	0e 94 84 14 	call	0x2908	; 0x2908 <LCD_displayString>
}
    2a02:	0f 90       	pop	r0
    2a04:	0f 90       	pop	r0
    2a06:	0f 90       	pop	r0
    2a08:	0f 90       	pop	r0
    2a0a:	cf 91       	pop	r28
    2a0c:	df 91       	pop	r29
    2a0e:	08 95       	ret

00002a10 <LCD_intgerToString>:
/*
 * Description :
 * Display the required decimal value on the screen
 */
void LCD_intgerToString(int data)
{
    2a10:	df 93       	push	r29
    2a12:	cf 93       	push	r28
    2a14:	cd b7       	in	r28, 0x3d	; 61
    2a16:	de b7       	in	r29, 0x3e	; 62
    2a18:	62 97       	sbiw	r28, 0x12	; 18
    2a1a:	0f b6       	in	r0, 0x3f	; 63
    2a1c:	f8 94       	cli
    2a1e:	de bf       	out	0x3e, r29	; 62
    2a20:	0f be       	out	0x3f, r0	; 63
    2a22:	cd bf       	out	0x3d, r28	; 61
    2a24:	9a 8b       	std	Y+18, r25	; 0x12
    2a26:	89 8b       	std	Y+17, r24	; 0x11
   char buff[16]; /* String to hold the ascii result */
   itoa(data,buff,10); /* Use itoa C function to convert the data to its corresponding ASCII value, 10 for decimal */
    2a28:	89 89       	ldd	r24, Y+17	; 0x11
    2a2a:	9a 89       	ldd	r25, Y+18	; 0x12
    2a2c:	9e 01       	movw	r18, r28
    2a2e:	2f 5f       	subi	r18, 0xFF	; 255
    2a30:	3f 4f       	sbci	r19, 0xFF	; 255
    2a32:	b9 01       	movw	r22, r18
    2a34:	4a e0       	ldi	r20, 0x0A	; 10
    2a36:	50 e0       	ldi	r21, 0x00	; 0
    2a38:	0e 94 67 19 	call	0x32ce	; 0x32ce <itoa>
   LCD_displayString(buff); /* Display the string */
    2a3c:	ce 01       	movw	r24, r28
    2a3e:	01 96       	adiw	r24, 0x01	; 1
    2a40:	0e 94 84 14 	call	0x2908	; 0x2908 <LCD_displayString>
}
    2a44:	62 96       	adiw	r28, 0x12	; 18
    2a46:	0f b6       	in	r0, 0x3f	; 63
    2a48:	f8 94       	cli
    2a4a:	de bf       	out	0x3e, r29	; 62
    2a4c:	0f be       	out	0x3f, r0	; 63
    2a4e:	cd bf       	out	0x3d, r28	; 61
    2a50:	cf 91       	pop	r28
    2a52:	df 91       	pop	r29
    2a54:	08 95       	ret

00002a56 <LCD_clearScreen>:
/*
 * Description :
 * Send the clear screen command
 */
void LCD_clearScreen(void)
{
    2a56:	df 93       	push	r29
    2a58:	cf 93       	push	r28
    2a5a:	cd b7       	in	r28, 0x3d	; 61
    2a5c:	de b7       	in	r29, 0x3e	; 62
	LCD_sendCommand(LCD_CLEAR_COMMAND); /* Send clear display command */
    2a5e:	81 e0       	ldi	r24, 0x01	; 1
    2a60:	0e 94 02 0c 	call	0x1804	; 0x1804 <LCD_sendCommand>
}
    2a64:	cf 91       	pop	r28
    2a66:	df 91       	pop	r29
    2a68:	08 95       	ret

00002a6a <LEDS_init>:
#include "led.h"
#include "../std_types.h"

void LEDS_init(void)
{
    2a6a:	df 93       	push	r29
    2a6c:	cf 93       	push	r28
    2a6e:	cd b7       	in	r28, 0x3d	; 61
    2a70:	de b7       	in	r29, 0x3e	; 62
	// initialize pins direction
	GPIO_setupPinDirection(RED_LED_PORT_ID, RED_LED_PIN_ID, PIN_OUTPUT);
    2a72:	82 e0       	ldi	r24, 0x02	; 2
    2a74:	60 e0       	ldi	r22, 0x00	; 0
    2a76:	41 e0       	ldi	r20, 0x01	; 1
    2a78:	0e 94 17 07 	call	0xe2e	; 0xe2e <GPIO_setupPinDirection>
	GPIO_setupPinDirection(GREEN_LED_PORT_ID, GREEN_LED_PIN_ID, PIN_OUTPUT);
    2a7c:	82 e0       	ldi	r24, 0x02	; 2
    2a7e:	61 e0       	ldi	r22, 0x01	; 1
    2a80:	41 e0       	ldi	r20, 0x01	; 1
    2a82:	0e 94 17 07 	call	0xe2e	; 0xe2e <GPIO_setupPinDirection>
	GPIO_setupPinDirection(BLUE_LED_PORT_ID, BLUE_LED_PIN_ID, PIN_OUTPUT);
    2a86:	82 e0       	ldi	r24, 0x02	; 2
    2a88:	62 e0       	ldi	r22, 0x02	; 2
    2a8a:	41 e0       	ldi	r20, 0x01	; 1
    2a8c:	0e 94 17 07 	call	0xe2e	; 0xe2e <GPIO_setupPinDirection>

#if LED_LOGIC == POSITIVE_LOGIC
	GPIO_writePin(RED_LED_PORT_ID, RED_LED_PIN_ID, LOGIC_LOW);
    2a90:	82 e0       	ldi	r24, 0x02	; 2
    2a92:	60 e0       	ldi	r22, 0x00	; 0
    2a94:	40 e0       	ldi	r20, 0x00	; 0
    2a96:	0e 94 02 08 	call	0x1004	; 0x1004 <GPIO_writePin>
	GPIO_writePin(GREEN_LED_PORT_ID, GREEN_LED_PIN_ID, LOGIC_LOW);
    2a9a:	82 e0       	ldi	r24, 0x02	; 2
    2a9c:	61 e0       	ldi	r22, 0x01	; 1
    2a9e:	40 e0       	ldi	r20, 0x00	; 0
    2aa0:	0e 94 02 08 	call	0x1004	; 0x1004 <GPIO_writePin>
	GPIO_writePin(BLUE_LED_PORT_ID, BLUE_LED_PIN_ID, LOGIC_LOW);
    2aa4:	82 e0       	ldi	r24, 0x02	; 2
    2aa6:	62 e0       	ldi	r22, 0x02	; 2
    2aa8:	40 e0       	ldi	r20, 0x00	; 0
    2aaa:	0e 94 02 08 	call	0x1004	; 0x1004 <GPIO_writePin>
#else
	GPIO_writePin(RED_LED_PORT_ID, RED_LED_PIN_ID, LOGIC_HIGH);
	GPIO_writePin(GREEN_LED_PORT_ID, GREEN_LED_PIN_ID, LOGIC_HIGH);
	GPIO_writePin(BLUE_LED_PORT_ID, BLUE_LED_PIN_ID, LOGIC_HIGH);
#endif
}
    2aae:	cf 91       	pop	r28
    2ab0:	df 91       	pop	r29
    2ab2:	08 95       	ret

00002ab4 <LED_on>:

void LED_on(LED_ID id)
{
    2ab4:	df 93       	push	r29
    2ab6:	cf 93       	push	r28
    2ab8:	0f 92       	push	r0
    2aba:	cd b7       	in	r28, 0x3d	; 61
    2abc:	de b7       	in	r29, 0x3e	; 62
    2abe:	89 83       	std	Y+1, r24	; 0x01
	if(id == RED)
    2ac0:	89 81       	ldd	r24, Y+1	; 0x01
    2ac2:	88 23       	and	r24, r24
    2ac4:	31 f4       	brne	.+12     	; 0x2ad2 <LED_on+0x1e>
	{
		GPIO_writePin(RED_LED_PORT_ID, RED_LED_PIN_ID, LOGIC_HIGH);
    2ac6:	82 e0       	ldi	r24, 0x02	; 2
    2ac8:	60 e0       	ldi	r22, 0x00	; 0
    2aca:	41 e0       	ldi	r20, 0x01	; 1
    2acc:	0e 94 02 08 	call	0x1004	; 0x1004 <GPIO_writePin>
    2ad0:	11 c0       	rjmp	.+34     	; 0x2af4 <LED_on+0x40>
	}
	else if(id == GREEN)
    2ad2:	89 81       	ldd	r24, Y+1	; 0x01
    2ad4:	81 30       	cpi	r24, 0x01	; 1
    2ad6:	31 f4       	brne	.+12     	; 0x2ae4 <LED_on+0x30>
	{
		GPIO_writePin(GREEN_LED_PORT_ID, GREEN_LED_PIN_ID, LOGIC_HIGH);
    2ad8:	82 e0       	ldi	r24, 0x02	; 2
    2ada:	61 e0       	ldi	r22, 0x01	; 1
    2adc:	41 e0       	ldi	r20, 0x01	; 1
    2ade:	0e 94 02 08 	call	0x1004	; 0x1004 <GPIO_writePin>
    2ae2:	08 c0       	rjmp	.+16     	; 0x2af4 <LED_on+0x40>
	}
	else if(id == BLUE)
    2ae4:	89 81       	ldd	r24, Y+1	; 0x01
    2ae6:	82 30       	cpi	r24, 0x02	; 2
    2ae8:	29 f4       	brne	.+10     	; 0x2af4 <LED_on+0x40>
	{
		GPIO_writePin(BLUE_LED_PORT_ID, BLUE_LED_PIN_ID, LOGIC_HIGH);
    2aea:	82 e0       	ldi	r24, 0x02	; 2
    2aec:	62 e0       	ldi	r22, 0x02	; 2
    2aee:	41 e0       	ldi	r20, 0x01	; 1
    2af0:	0e 94 02 08 	call	0x1004	; 0x1004 <GPIO_writePin>
	}
}
    2af4:	0f 90       	pop	r0
    2af6:	cf 91       	pop	r28
    2af8:	df 91       	pop	r29
    2afa:	08 95       	ret

00002afc <LED_off>:

void LED_off(LED_ID id)
{
    2afc:	df 93       	push	r29
    2afe:	cf 93       	push	r28
    2b00:	0f 92       	push	r0
    2b02:	cd b7       	in	r28, 0x3d	; 61
    2b04:	de b7       	in	r29, 0x3e	; 62
    2b06:	89 83       	std	Y+1, r24	; 0x01
	if(id == RED)
    2b08:	89 81       	ldd	r24, Y+1	; 0x01
    2b0a:	88 23       	and	r24, r24
    2b0c:	31 f4       	brne	.+12     	; 0x2b1a <LED_off+0x1e>
	{
		GPIO_writePin(RED_LED_PORT_ID, RED_LED_PIN_ID, LOGIC_LOW);
    2b0e:	82 e0       	ldi	r24, 0x02	; 2
    2b10:	60 e0       	ldi	r22, 0x00	; 0
    2b12:	40 e0       	ldi	r20, 0x00	; 0
    2b14:	0e 94 02 08 	call	0x1004	; 0x1004 <GPIO_writePin>
    2b18:	11 c0       	rjmp	.+34     	; 0x2b3c <LED_off+0x40>
	}
	else if(id == GREEN)
    2b1a:	89 81       	ldd	r24, Y+1	; 0x01
    2b1c:	81 30       	cpi	r24, 0x01	; 1
    2b1e:	31 f4       	brne	.+12     	; 0x2b2c <LED_off+0x30>
	{
		GPIO_writePin(GREEN_LED_PORT_ID, GREEN_LED_PIN_ID, LOGIC_LOW);
    2b20:	82 e0       	ldi	r24, 0x02	; 2
    2b22:	61 e0       	ldi	r22, 0x01	; 1
    2b24:	40 e0       	ldi	r20, 0x00	; 0
    2b26:	0e 94 02 08 	call	0x1004	; 0x1004 <GPIO_writePin>
    2b2a:	08 c0       	rjmp	.+16     	; 0x2b3c <LED_off+0x40>
	}
	else if(id == BLUE)
    2b2c:	89 81       	ldd	r24, Y+1	; 0x01
    2b2e:	82 30       	cpi	r24, 0x02	; 2
    2b30:	29 f4       	brne	.+10     	; 0x2b3c <LED_off+0x40>
	{
		GPIO_writePin(BLUE_LED_PORT_ID, BLUE_LED_PIN_ID, LOGIC_LOW);
    2b32:	82 e0       	ldi	r24, 0x02	; 2
    2b34:	62 e0       	ldi	r22, 0x02	; 2
    2b36:	40 e0       	ldi	r20, 0x00	; 0
    2b38:	0e 94 02 08 	call	0x1004	; 0x1004 <GPIO_writePin>
	}

}
    2b3c:	0f 90       	pop	r0
    2b3e:	cf 91       	pop	r28
    2b40:	df 91       	pop	r29
    2b42:	08 95       	ret

00002b44 <Ultrasonic_init>:
volatile uint16 fallingTime = 0;

static ICU_ConfigType Config_Ptr = {F_CPU_8, RISING};

void Ultrasonic_init(void)
{
    2b44:	df 93       	push	r29
    2b46:	cf 93       	push	r28
    2b48:	cd b7       	in	r28, 0x3d	; 61
    2b4a:	de b7       	in	r29, 0x3e	; 62
	GPIO_setupPinDirection(ICU_TRIGGER_PORT, ICU_TRIGGER_PIN, PIN_OUTPUT);
    2b4c:	83 e0       	ldi	r24, 0x03	; 3
    2b4e:	67 e0       	ldi	r22, 0x07	; 7
    2b50:	41 e0       	ldi	r20, 0x01	; 1
    2b52:	0e 94 17 07 	call	0xe2e	; 0xe2e <GPIO_setupPinDirection>

 	ICU_init(&Config_Ptr);
    2b56:	8c e7       	ldi	r24, 0x7C	; 124
    2b58:	91 e0       	ldi	r25, 0x01	; 1
    2b5a:	0e 94 75 0a 	call	0x14ea	; 0x14ea <ICU_init>

	ICU_setCallBack(Ultrasonic_edgeProcessing);
    2b5e:	88 e3       	ldi	r24, 0x38	; 56
    2b60:	97 e1       	ldi	r25, 0x17	; 23
    2b62:	0e 94 c3 0a 	call	0x1586	; 0x1586 <ICU_setCallBack>

}
    2b66:	cf 91       	pop	r28
    2b68:	df 91       	pop	r29
    2b6a:	08 95       	ret

00002b6c <Ultrasonic_Trigger>:

void Ultrasonic_Trigger(void)
{
    2b6c:	df 93       	push	r29
    2b6e:	cf 93       	push	r28
    2b70:	cd b7       	in	r28, 0x3d	; 61
    2b72:	de b7       	in	r29, 0x3e	; 62
    2b74:	68 97       	sbiw	r28, 0x18	; 24
    2b76:	0f b6       	in	r0, 0x3f	; 63
    2b78:	f8 94       	cli
    2b7a:	de bf       	out	0x3e, r29	; 62
    2b7c:	0f be       	out	0x3f, r0	; 63
    2b7e:	cd bf       	out	0x3d, r28	; 61
	GPIO_writePin(ICU_TRIGGER_PORT, ICU_TRIGGER_PIN, LOGIC_HIGH);
    2b80:	83 e0       	ldi	r24, 0x03	; 3
    2b82:	67 e0       	ldi	r22, 0x07	; 7
    2b84:	41 e0       	ldi	r20, 0x01	; 1
    2b86:	0e 94 02 08 	call	0x1004	; 0x1004 <GPIO_writePin>
    2b8a:	80 e0       	ldi	r24, 0x00	; 0
    2b8c:	90 e0       	ldi	r25, 0x00	; 0
    2b8e:	a0 e2       	ldi	r26, 0x20	; 32
    2b90:	b1 e4       	ldi	r27, 0x41	; 65
    2b92:	8d 8b       	std	Y+21, r24	; 0x15
    2b94:	9e 8b       	std	Y+22, r25	; 0x16
    2b96:	af 8b       	std	Y+23, r26	; 0x17
    2b98:	b8 8f       	std	Y+24, r27	; 0x18
 */
void
_delay_us(double __us)
{
	uint8_t __ticks;
	double __tmp = ((F_CPU) / 3e6) * __us;
    2b9a:	6d 89       	ldd	r22, Y+21	; 0x15
    2b9c:	7e 89       	ldd	r23, Y+22	; 0x16
    2b9e:	8f 89       	ldd	r24, Y+23	; 0x17
    2ba0:	98 8d       	ldd	r25, Y+24	; 0x18
    2ba2:	2b ea       	ldi	r18, 0xAB	; 171
    2ba4:	3a ea       	ldi	r19, 0xAA	; 170
    2ba6:	4a ea       	ldi	r20, 0xAA	; 170
    2ba8:	50 e4       	ldi	r21, 0x40	; 64
    2baa:	0e 94 1f 02 	call	0x43e	; 0x43e <__mulsf3>
    2bae:	dc 01       	movw	r26, r24
    2bb0:	cb 01       	movw	r24, r22
    2bb2:	89 8b       	std	Y+17, r24	; 0x11
    2bb4:	9a 8b       	std	Y+18, r25	; 0x12
    2bb6:	ab 8b       	std	Y+19, r26	; 0x13
    2bb8:	bc 8b       	std	Y+20, r27	; 0x14
	if (__tmp < 1.0)
    2bba:	69 89       	ldd	r22, Y+17	; 0x11
    2bbc:	7a 89       	ldd	r23, Y+18	; 0x12
    2bbe:	8b 89       	ldd	r24, Y+19	; 0x13
    2bc0:	9c 89       	ldd	r25, Y+20	; 0x14
    2bc2:	20 e0       	ldi	r18, 0x00	; 0
    2bc4:	30 e0       	ldi	r19, 0x00	; 0
    2bc6:	40 e8       	ldi	r20, 0x80	; 128
    2bc8:	5f e3       	ldi	r21, 0x3F	; 63
    2bca:	0e 94 25 04 	call	0x84a	; 0x84a <__ltsf2>
    2bce:	88 23       	and	r24, r24
    2bd0:	1c f4       	brge	.+6      	; 0x2bd8 <Ultrasonic_Trigger+0x6c>
		__ticks = 1;
    2bd2:	81 e0       	ldi	r24, 0x01	; 1
    2bd4:	88 8b       	std	Y+16, r24	; 0x10
    2bd6:	91 c0       	rjmp	.+290    	; 0x2cfa <Ultrasonic_Trigger+0x18e>
	else if (__tmp > 255)
    2bd8:	69 89       	ldd	r22, Y+17	; 0x11
    2bda:	7a 89       	ldd	r23, Y+18	; 0x12
    2bdc:	8b 89       	ldd	r24, Y+19	; 0x13
    2bde:	9c 89       	ldd	r25, Y+20	; 0x14
    2be0:	20 e0       	ldi	r18, 0x00	; 0
    2be2:	30 e0       	ldi	r19, 0x00	; 0
    2be4:	4f e7       	ldi	r20, 0x7F	; 127
    2be6:	53 e4       	ldi	r21, 0x43	; 67
    2be8:	0e 94 c5 03 	call	0x78a	; 0x78a <__gtsf2>
    2bec:	18 16       	cp	r1, r24
    2bee:	0c f0       	brlt	.+2      	; 0x2bf2 <Ultrasonic_Trigger+0x86>
    2bf0:	7b c0       	rjmp	.+246    	; 0x2ce8 <Ultrasonic_Trigger+0x17c>
	{
		_delay_ms(__us / 1000.0);
    2bf2:	6d 89       	ldd	r22, Y+21	; 0x15
    2bf4:	7e 89       	ldd	r23, Y+22	; 0x16
    2bf6:	8f 89       	ldd	r24, Y+23	; 0x17
    2bf8:	98 8d       	ldd	r25, Y+24	; 0x18
    2bfa:	20 e0       	ldi	r18, 0x00	; 0
    2bfc:	30 e0       	ldi	r19, 0x00	; 0
    2bfe:	4a e7       	ldi	r20, 0x7A	; 122
    2c00:	54 e4       	ldi	r21, 0x44	; 68
    2c02:	0e 94 19 03 	call	0x632	; 0x632 <__divsf3>
    2c06:	dc 01       	movw	r26, r24
    2c08:	cb 01       	movw	r24, r22
    2c0a:	8c 87       	std	Y+12, r24	; 0x0c
    2c0c:	9d 87       	std	Y+13, r25	; 0x0d
    2c0e:	ae 87       	std	Y+14, r26	; 0x0e
    2c10:	bf 87       	std	Y+15, r27	; 0x0f
 */
void
_delay_ms(double __ms)
{
	uint16_t __ticks;
	double __tmp = ((F_CPU) / 4e3) * __ms;
    2c12:	6c 85       	ldd	r22, Y+12	; 0x0c
    2c14:	7d 85       	ldd	r23, Y+13	; 0x0d
    2c16:	8e 85       	ldd	r24, Y+14	; 0x0e
    2c18:	9f 85       	ldd	r25, Y+15	; 0x0f
    2c1a:	20 e0       	ldi	r18, 0x00	; 0
    2c1c:	30 e0       	ldi	r19, 0x00	; 0
    2c1e:	4a e7       	ldi	r20, 0x7A	; 122
    2c20:	55 e4       	ldi	r21, 0x45	; 69
    2c22:	0e 94 1f 02 	call	0x43e	; 0x43e <__mulsf3>
    2c26:	dc 01       	movw	r26, r24
    2c28:	cb 01       	movw	r24, r22
    2c2a:	88 87       	std	Y+8, r24	; 0x08
    2c2c:	99 87       	std	Y+9, r25	; 0x09
    2c2e:	aa 87       	std	Y+10, r26	; 0x0a
    2c30:	bb 87       	std	Y+11, r27	; 0x0b
	if (__tmp < 1.0)
    2c32:	68 85       	ldd	r22, Y+8	; 0x08
    2c34:	79 85       	ldd	r23, Y+9	; 0x09
    2c36:	8a 85       	ldd	r24, Y+10	; 0x0a
    2c38:	9b 85       	ldd	r25, Y+11	; 0x0b
    2c3a:	20 e0       	ldi	r18, 0x00	; 0
    2c3c:	30 e0       	ldi	r19, 0x00	; 0
    2c3e:	40 e8       	ldi	r20, 0x80	; 128
    2c40:	5f e3       	ldi	r21, 0x3F	; 63
    2c42:	0e 94 25 04 	call	0x84a	; 0x84a <__ltsf2>
    2c46:	88 23       	and	r24, r24
    2c48:	2c f4       	brge	.+10     	; 0x2c54 <Ultrasonic_Trigger+0xe8>
		__ticks = 1;
    2c4a:	81 e0       	ldi	r24, 0x01	; 1
    2c4c:	90 e0       	ldi	r25, 0x00	; 0
    2c4e:	9f 83       	std	Y+7, r25	; 0x07
    2c50:	8e 83       	std	Y+6, r24	; 0x06
    2c52:	3f c0       	rjmp	.+126    	; 0x2cd2 <Ultrasonic_Trigger+0x166>
	else if (__tmp > 65535)
    2c54:	68 85       	ldd	r22, Y+8	; 0x08
    2c56:	79 85       	ldd	r23, Y+9	; 0x09
    2c58:	8a 85       	ldd	r24, Y+10	; 0x0a
    2c5a:	9b 85       	ldd	r25, Y+11	; 0x0b
    2c5c:	20 e0       	ldi	r18, 0x00	; 0
    2c5e:	3f ef       	ldi	r19, 0xFF	; 255
    2c60:	4f e7       	ldi	r20, 0x7F	; 127
    2c62:	57 e4       	ldi	r21, 0x47	; 71
    2c64:	0e 94 c5 03 	call	0x78a	; 0x78a <__gtsf2>
    2c68:	18 16       	cp	r1, r24
    2c6a:	4c f5       	brge	.+82     	; 0x2cbe <Ultrasonic_Trigger+0x152>
	{
		//	__ticks = requested delay in 1/10 ms
		__ticks = (uint16_t) (__ms * 10.0);
    2c6c:	6c 85       	ldd	r22, Y+12	; 0x0c
    2c6e:	7d 85       	ldd	r23, Y+13	; 0x0d
    2c70:	8e 85       	ldd	r24, Y+14	; 0x0e
    2c72:	9f 85       	ldd	r25, Y+15	; 0x0f
    2c74:	20 e0       	ldi	r18, 0x00	; 0
    2c76:	30 e0       	ldi	r19, 0x00	; 0
    2c78:	40 e2       	ldi	r20, 0x20	; 32
    2c7a:	51 e4       	ldi	r21, 0x41	; 65
    2c7c:	0e 94 1f 02 	call	0x43e	; 0x43e <__mulsf3>
    2c80:	dc 01       	movw	r26, r24
    2c82:	cb 01       	movw	r24, r22
    2c84:	bc 01       	movw	r22, r24
    2c86:	cd 01       	movw	r24, r26
    2c88:	0e 94 49 00 	call	0x92	; 0x92 <__fixunssfsi>
    2c8c:	dc 01       	movw	r26, r24
    2c8e:	cb 01       	movw	r24, r22
    2c90:	9f 83       	std	Y+7, r25	; 0x07
    2c92:	8e 83       	std	Y+6, r24	; 0x06
    2c94:	0f c0       	rjmp	.+30     	; 0x2cb4 <Ultrasonic_Trigger+0x148>
    2c96:	80 e9       	ldi	r24, 0x90	; 144
    2c98:	91 e0       	ldi	r25, 0x01	; 1
    2c9a:	9d 83       	std	Y+5, r25	; 0x05
    2c9c:	8c 83       	std	Y+4, r24	; 0x04
    2c9e:	8c 81       	ldd	r24, Y+4	; 0x04
    2ca0:	9d 81       	ldd	r25, Y+5	; 0x05
    2ca2:	01 97       	sbiw	r24, 0x01	; 1
    2ca4:	f1 f7       	brne	.-4      	; 0x2ca2 <Ultrasonic_Trigger+0x136>
    2ca6:	9d 83       	std	Y+5, r25	; 0x05
    2ca8:	8c 83       	std	Y+4, r24	; 0x04
		while(__ticks)
		{
			// wait 1/10 ms
			_delay_loop_2(((F_CPU) / 4e3) / 10);
			__ticks --;
    2caa:	8e 81       	ldd	r24, Y+6	; 0x06
    2cac:	9f 81       	ldd	r25, Y+7	; 0x07
    2cae:	01 97       	sbiw	r24, 0x01	; 1
    2cb0:	9f 83       	std	Y+7, r25	; 0x07
    2cb2:	8e 83       	std	Y+6, r24	; 0x06
		__ticks = 1;
	else if (__tmp > 65535)
	{
		//	__ticks = requested delay in 1/10 ms
		__ticks = (uint16_t) (__ms * 10.0);
		while(__ticks)
    2cb4:	8e 81       	ldd	r24, Y+6	; 0x06
    2cb6:	9f 81       	ldd	r25, Y+7	; 0x07
    2cb8:	00 97       	sbiw	r24, 0x00	; 0
    2cba:	69 f7       	brne	.-38     	; 0x2c96 <Ultrasonic_Trigger+0x12a>
    2cbc:	24 c0       	rjmp	.+72     	; 0x2d06 <Ultrasonic_Trigger+0x19a>
			__ticks --;
		}
		return;
	}
	else
		__ticks = (uint16_t)__tmp;
    2cbe:	68 85       	ldd	r22, Y+8	; 0x08
    2cc0:	79 85       	ldd	r23, Y+9	; 0x09
    2cc2:	8a 85       	ldd	r24, Y+10	; 0x0a
    2cc4:	9b 85       	ldd	r25, Y+11	; 0x0b
    2cc6:	0e 94 49 00 	call	0x92	; 0x92 <__fixunssfsi>
    2cca:	dc 01       	movw	r26, r24
    2ccc:	cb 01       	movw	r24, r22
    2cce:	9f 83       	std	Y+7, r25	; 0x07
    2cd0:	8e 83       	std	Y+6, r24	; 0x06
    2cd2:	8e 81       	ldd	r24, Y+6	; 0x06
    2cd4:	9f 81       	ldd	r25, Y+7	; 0x07
    2cd6:	9b 83       	std	Y+3, r25	; 0x03
    2cd8:	8a 83       	std	Y+2, r24	; 0x02
    2cda:	8a 81       	ldd	r24, Y+2	; 0x02
    2cdc:	9b 81       	ldd	r25, Y+3	; 0x03
    2cde:	01 97       	sbiw	r24, 0x01	; 1
    2ce0:	f1 f7       	brne	.-4      	; 0x2cde <Ultrasonic_Trigger+0x172>
    2ce2:	9b 83       	std	Y+3, r25	; 0x03
    2ce4:	8a 83       	std	Y+2, r24	; 0x02
    2ce6:	0f c0       	rjmp	.+30     	; 0x2d06 <Ultrasonic_Trigger+0x19a>
	{
		_delay_ms(__us / 1000.0);
		return;
	}
	else
		__ticks = (uint8_t)__tmp;
    2ce8:	69 89       	ldd	r22, Y+17	; 0x11
    2cea:	7a 89       	ldd	r23, Y+18	; 0x12
    2cec:	8b 89       	ldd	r24, Y+19	; 0x13
    2cee:	9c 89       	ldd	r25, Y+20	; 0x14
    2cf0:	0e 94 49 00 	call	0x92	; 0x92 <__fixunssfsi>
    2cf4:	dc 01       	movw	r26, r24
    2cf6:	cb 01       	movw	r24, r22
    2cf8:	88 8b       	std	Y+16, r24	; 0x10
    2cfa:	88 89       	ldd	r24, Y+16	; 0x10
    2cfc:	89 83       	std	Y+1, r24	; 0x01
    can be achieved.
*/
void
_delay_loop_1(uint8_t __count)
{
	__asm__ volatile (
    2cfe:	89 81       	ldd	r24, Y+1	; 0x01
    2d00:	8a 95       	dec	r24
    2d02:	f1 f7       	brne	.-4      	; 0x2d00 <Ultrasonic_Trigger+0x194>
    2d04:	89 83       	std	Y+1, r24	; 0x01

	_delay_us(10);

	GPIO_writePin(ICU_TRIGGER_PORT, ICU_TRIGGER_PIN, LOGIC_LOW);
    2d06:	83 e0       	ldi	r24, 0x03	; 3
    2d08:	67 e0       	ldi	r22, 0x07	; 7
    2d0a:	40 e0       	ldi	r20, 0x00	; 0
    2d0c:	0e 94 02 08 	call	0x1004	; 0x1004 <GPIO_writePin>

}
    2d10:	68 96       	adiw	r28, 0x18	; 24
    2d12:	0f b6       	in	r0, 0x3f	; 63
    2d14:	f8 94       	cli
    2d16:	de bf       	out	0x3e, r29	; 62
    2d18:	0f be       	out	0x3f, r0	; 63
    2d1a:	cd bf       	out	0x3d, r28	; 61
    2d1c:	cf 91       	pop	r28
    2d1e:	df 91       	pop	r29
    2d20:	08 95       	ret

00002d22 <Ultrasonic_readDistance>:

 uint16 Ultrasonic_readDistance(void)
 {
    2d22:	ef 92       	push	r14
    2d24:	ff 92       	push	r15
    2d26:	0f 93       	push	r16
    2d28:	1f 93       	push	r17
    2d2a:	df 93       	push	r29
    2d2c:	cf 93       	push	r28
    2d2e:	00 d0       	rcall	.+0      	; 0x2d30 <Ultrasonic_readDistance+0xe>
    2d30:	00 d0       	rcall	.+0      	; 0x2d32 <Ultrasonic_readDistance+0x10>
    2d32:	00 d0       	rcall	.+0      	; 0x2d34 <Ultrasonic_readDistance+0x12>
    2d34:	cd b7       	in	r28, 0x3d	; 61
    2d36:	de b7       	in	r29, 0x3e	; 62

 	Ultrasonic_Trigger();
    2d38:	0e 94 b6 15 	call	0x2b6c	; 0x2b6c <Ultrasonic_Trigger>
 	ICU_setEdgeDetectionType(RISING);
    2d3c:	81 e0       	ldi	r24, 0x01	; 1
    2d3e:	0e 94 d5 0a 	call	0x15aa	; 0x15aa <ICU_setEdgeDetectionType>
 	count = 0;
    2d42:	10 92 82 01 	sts	0x0182, r1


 	while(count < 2);
    2d46:	80 91 82 01 	lds	r24, 0x0182
    2d4a:	82 30       	cpi	r24, 0x02	; 2
    2d4c:	e0 f3       	brcs	.-8      	; 0x2d46 <Ultrasonic_readDistance+0x24>

 	uint16 preScaler = 1;
    2d4e:	81 e0       	ldi	r24, 0x01	; 1
    2d50:	90 e0       	ldi	r25, 0x00	; 0
    2d52:	9e 83       	std	Y+6, r25	; 0x06
    2d54:	8d 83       	std	Y+5, r24	; 0x05

 	if(Config_Ptr.clock == F_CPU_CLOCK)
    2d56:	80 91 7c 01 	lds	r24, 0x017C
    2d5a:	81 30       	cpi	r24, 0x01	; 1
    2d5c:	29 f4       	brne	.+10     	; 0x2d68 <Ultrasonic_readDistance+0x46>
 		preScaler = 1;
    2d5e:	81 e0       	ldi	r24, 0x01	; 1
    2d60:	90 e0       	ldi	r25, 0x00	; 0
    2d62:	9e 83       	std	Y+6, r25	; 0x06
    2d64:	8d 83       	std	Y+5, r24	; 0x05
    2d66:	23 c0       	rjmp	.+70     	; 0x2dae <Ultrasonic_readDistance+0x8c>
 	else if(Config_Ptr.clock == F_CPU_8)
    2d68:	80 91 7c 01 	lds	r24, 0x017C
    2d6c:	82 30       	cpi	r24, 0x02	; 2
    2d6e:	29 f4       	brne	.+10     	; 0x2d7a <Ultrasonic_readDistance+0x58>
 		preScaler = 8;
    2d70:	88 e0       	ldi	r24, 0x08	; 8
    2d72:	90 e0       	ldi	r25, 0x00	; 0
    2d74:	9e 83       	std	Y+6, r25	; 0x06
    2d76:	8d 83       	std	Y+5, r24	; 0x05
    2d78:	1a c0       	rjmp	.+52     	; 0x2dae <Ultrasonic_readDistance+0x8c>
 	else if(Config_Ptr.clock == F_CPU_64)
    2d7a:	80 91 7c 01 	lds	r24, 0x017C
    2d7e:	83 30       	cpi	r24, 0x03	; 3
    2d80:	29 f4       	brne	.+10     	; 0x2d8c <Ultrasonic_readDistance+0x6a>
 		preScaler = 64;
    2d82:	80 e4       	ldi	r24, 0x40	; 64
    2d84:	90 e0       	ldi	r25, 0x00	; 0
    2d86:	9e 83       	std	Y+6, r25	; 0x06
    2d88:	8d 83       	std	Y+5, r24	; 0x05
    2d8a:	11 c0       	rjmp	.+34     	; 0x2dae <Ultrasonic_readDistance+0x8c>
 	else if (Config_Ptr.clock == F_CPU_256)
    2d8c:	80 91 7c 01 	lds	r24, 0x017C
    2d90:	84 30       	cpi	r24, 0x04	; 4
    2d92:	29 f4       	brne	.+10     	; 0x2d9e <Ultrasonic_readDistance+0x7c>
 		preScaler = 256;
    2d94:	80 e0       	ldi	r24, 0x00	; 0
    2d96:	91 e0       	ldi	r25, 0x01	; 1
    2d98:	9e 83       	std	Y+6, r25	; 0x06
    2d9a:	8d 83       	std	Y+5, r24	; 0x05
    2d9c:	08 c0       	rjmp	.+16     	; 0x2dae <Ultrasonic_readDistance+0x8c>
 	else if(Config_Ptr.clock == F_CPU_1024)
    2d9e:	80 91 7c 01 	lds	r24, 0x017C
    2da2:	85 30       	cpi	r24, 0x05	; 5
    2da4:	21 f4       	brne	.+8      	; 0x2dae <Ultrasonic_readDistance+0x8c>
 		preScaler = 1024;
    2da6:	80 e0       	ldi	r24, 0x00	; 0
    2da8:	94 e0       	ldi	r25, 0x04	; 4
    2daa:	9e 83       	std	Y+6, r25	; 0x06
    2dac:	8d 83       	std	Y+5, r24	; 0x05


 	float timeInSeconds = (fallingTime) * ((preScaler / (F_CPU + 0.0)) / 2.0);
    2dae:	80 91 83 01 	lds	r24, 0x0183
    2db2:	90 91 84 01 	lds	r25, 0x0184
    2db6:	cc 01       	movw	r24, r24
    2db8:	a0 e0       	ldi	r26, 0x00	; 0
    2dba:	b0 e0       	ldi	r27, 0x00	; 0
    2dbc:	bc 01       	movw	r22, r24
    2dbe:	cd 01       	movw	r24, r26
    2dc0:	0e 94 a9 04 	call	0x952	; 0x952 <__floatunsisf>
    2dc4:	7b 01       	movw	r14, r22
    2dc6:	8c 01       	movw	r16, r24
    2dc8:	8d 81       	ldd	r24, Y+5	; 0x05
    2dca:	9e 81       	ldd	r25, Y+6	; 0x06
    2dcc:	cc 01       	movw	r24, r24
    2dce:	a0 e0       	ldi	r26, 0x00	; 0
    2dd0:	b0 e0       	ldi	r27, 0x00	; 0
    2dd2:	bc 01       	movw	r22, r24
    2dd4:	cd 01       	movw	r24, r26
    2dd6:	0e 94 a9 04 	call	0x952	; 0x952 <__floatunsisf>
    2dda:	dc 01       	movw	r26, r24
    2ddc:	cb 01       	movw	r24, r22
    2dde:	bc 01       	movw	r22, r24
    2de0:	cd 01       	movw	r24, r26
    2de2:	20 e0       	ldi	r18, 0x00	; 0
    2de4:	34 e2       	ldi	r19, 0x24	; 36
    2de6:	44 e7       	ldi	r20, 0x74	; 116
    2de8:	5b e4       	ldi	r21, 0x4B	; 75
    2dea:	0e 94 19 03 	call	0x632	; 0x632 <__divsf3>
    2dee:	dc 01       	movw	r26, r24
    2df0:	cb 01       	movw	r24, r22
    2df2:	bc 01       	movw	r22, r24
    2df4:	cd 01       	movw	r24, r26
    2df6:	20 e0       	ldi	r18, 0x00	; 0
    2df8:	30 e0       	ldi	r19, 0x00	; 0
    2dfa:	40 e0       	ldi	r20, 0x00	; 0
    2dfc:	50 e4       	ldi	r21, 0x40	; 64
    2dfe:	0e 94 19 03 	call	0x632	; 0x632 <__divsf3>
    2e02:	dc 01       	movw	r26, r24
    2e04:	cb 01       	movw	r24, r22
    2e06:	9c 01       	movw	r18, r24
    2e08:	ad 01       	movw	r20, r26
    2e0a:	c8 01       	movw	r24, r16
    2e0c:	b7 01       	movw	r22, r14
    2e0e:	0e 94 1f 02 	call	0x43e	; 0x43e <__mulsf3>
    2e12:	dc 01       	movw	r26, r24
    2e14:	cb 01       	movw	r24, r22
    2e16:	89 83       	std	Y+1, r24	; 0x01
    2e18:	9a 83       	std	Y+2, r25	; 0x02
    2e1a:	ab 83       	std	Y+3, r26	; 0x03
    2e1c:	bc 83       	std	Y+4, r27	; 0x04

 	return timeInSeconds * 34300 + 1;
    2e1e:	69 81       	ldd	r22, Y+1	; 0x01
    2e20:	7a 81       	ldd	r23, Y+2	; 0x02
    2e22:	8b 81       	ldd	r24, Y+3	; 0x03
    2e24:	9c 81       	ldd	r25, Y+4	; 0x04
    2e26:	20 e0       	ldi	r18, 0x00	; 0
    2e28:	3c ef       	ldi	r19, 0xFC	; 252
    2e2a:	45 e0       	ldi	r20, 0x05	; 5
    2e2c:	57 e4       	ldi	r21, 0x47	; 71
    2e2e:	0e 94 1f 02 	call	0x43e	; 0x43e <__mulsf3>
    2e32:	dc 01       	movw	r26, r24
    2e34:	cb 01       	movw	r24, r22
    2e36:	bc 01       	movw	r22, r24
    2e38:	cd 01       	movw	r24, r26
    2e3a:	20 e0       	ldi	r18, 0x00	; 0
    2e3c:	30 e0       	ldi	r19, 0x00	; 0
    2e3e:	40 e8       	ldi	r20, 0x80	; 128
    2e40:	5f e3       	ldi	r21, 0x3F	; 63
    2e42:	0e 94 f2 01 	call	0x3e4	; 0x3e4 <__addsf3>
    2e46:	dc 01       	movw	r26, r24
    2e48:	cb 01       	movw	r24, r22
    2e4a:	bc 01       	movw	r22, r24
    2e4c:	cd 01       	movw	r24, r26
    2e4e:	0e 94 49 00 	call	0x92	; 0x92 <__fixunssfsi>
    2e52:	dc 01       	movw	r26, r24
    2e54:	cb 01       	movw	r24, r22
 }
    2e56:	26 96       	adiw	r28, 0x06	; 6
    2e58:	0f b6       	in	r0, 0x3f	; 63
    2e5a:	f8 94       	cli
    2e5c:	de bf       	out	0x3e, r29	; 62
    2e5e:	0f be       	out	0x3f, r0	; 63
    2e60:	cd bf       	out	0x3d, r28	; 61
    2e62:	cf 91       	pop	r28
    2e64:	df 91       	pop	r29
    2e66:	1f 91       	pop	r17
    2e68:	0f 91       	pop	r16
    2e6a:	ff 90       	pop	r15
    2e6c:	ef 90       	pop	r14
    2e6e:	08 95       	ret

00002e70 <Ultrasonic_edgeProcessing>:


void Ultrasonic_edgeProcessing(void)
{
    2e70:	df 93       	push	r29
    2e72:	cf 93       	push	r28
    2e74:	cd b7       	in	r28, 0x3d	; 61
    2e76:	de b7       	in	r29, 0x3e	; 62

	count++;
    2e78:	80 91 82 01 	lds	r24, 0x0182
    2e7c:	8f 5f       	subi	r24, 0xFF	; 255
    2e7e:	80 93 82 01 	sts	0x0182, r24

	if(count == 1)
    2e82:	80 91 82 01 	lds	r24, 0x0182
    2e86:	81 30       	cpi	r24, 0x01	; 1
    2e88:	31 f4       	brne	.+12     	; 0x2e96 <Ultrasonic_edgeProcessing+0x26>
	{
		ICU_clearTimerValue();
    2e8a:	0e 94 ff 0a 	call	0x15fe	; 0x15fe <ICU_clearTimerValue>

		ICU_setEdgeDetectionType(FALLING);
    2e8e:	80 e0       	ldi	r24, 0x00	; 0
    2e90:	0e 94 d5 0a 	call	0x15aa	; 0x15aa <ICU_setEdgeDetectionType>
    2e94:	0d c0       	rjmp	.+26     	; 0x2eb0 <Ultrasonic_edgeProcessing+0x40>
	}
	else if(count == 2)
    2e96:	80 91 82 01 	lds	r24, 0x0182
    2e9a:	82 30       	cpi	r24, 0x02	; 2
    2e9c:	49 f4       	brne	.+18     	; 0x2eb0 <Ultrasonic_edgeProcessing+0x40>
	{
		fallingTime = ICU_getInputCaptureValue();
    2e9e:	0e 94 f4 0a 	call	0x15e8	; 0x15e8 <ICU_getInputCaptureValue>
    2ea2:	90 93 84 01 	sts	0x0184, r25
    2ea6:	80 93 83 01 	sts	0x0183, r24
	 	ICU_setEdgeDetectionType(RISING);
    2eaa:	81 e0       	ldi	r24, 0x01	; 1
    2eac:	0e 94 d5 0a 	call	0x15aa	; 0x15aa <ICU_setEdgeDetectionType>
	}



}
    2eb0:	cf 91       	pop	r28
    2eb2:	df 91       	pop	r29
    2eb4:	08 95       	ret

00002eb6 <controlLEDs>:
uint8 prevAlert = 0;
uint16 prevReading = UINT16_MAX;


void controlLEDs(const uint16 sensorReading)
{
    2eb6:	df 93       	push	r29
    2eb8:	cf 93       	push	r28
    2eba:	00 d0       	rcall	.+0      	; 0x2ebc <controlLEDs+0x6>
    2ebc:	cd b7       	in	r28, 0x3d	; 61
    2ebe:	de b7       	in	r29, 0x3e	; 62
    2ec0:	9a 83       	std	Y+2, r25	; 0x02
    2ec2:	89 83       	std	Y+1, r24	; 0x01
	static uint8 flashState = 0;

	if(alert)
    2ec4:	80 91 85 01 	lds	r24, 0x0185
    2ec8:	88 23       	and	r24, r24
    2eca:	21 f1       	breq	.+72     	; 0x2f14 <controlLEDs+0x5e>
	{
		// LEDs flash approx. every 0.5 sec
		if(flashState > 33)
    2ecc:	80 91 87 01 	lds	r24, 0x0187
    2ed0:	82 32       	cpi	r24, 0x22	; 34
    2ed2:	50 f0       	brcs	.+20     	; 0x2ee8 <controlLEDs+0x32>
		{
			// turn off
			LED_off(RED);
    2ed4:	80 e0       	ldi	r24, 0x00	; 0
    2ed6:	0e 94 7e 15 	call	0x2afc	; 0x2afc <LED_off>
			LED_off(GREEN);
    2eda:	81 e0       	ldi	r24, 0x01	; 1
    2edc:	0e 94 7e 15 	call	0x2afc	; 0x2afc <LED_off>
			LED_off(BLUE);
    2ee0:	82 e0       	ldi	r24, 0x02	; 2
    2ee2:	0e 94 7e 15 	call	0x2afc	; 0x2afc <LED_off>
    2ee6:	09 c0       	rjmp	.+18     	; 0x2efa <controlLEDs+0x44>

		}
		else
		{
			LED_on(RED);
    2ee8:	80 e0       	ldi	r24, 0x00	; 0
    2eea:	0e 94 5a 15 	call	0x2ab4	; 0x2ab4 <LED_on>
			LED_on(GREEN);
    2eee:	81 e0       	ldi	r24, 0x01	; 1
    2ef0:	0e 94 5a 15 	call	0x2ab4	; 0x2ab4 <LED_on>
			LED_on(BLUE);
    2ef4:	82 e0       	ldi	r24, 0x02	; 2
    2ef6:	0e 94 5a 15 	call	0x2ab4	; 0x2ab4 <LED_on>
		}

		if(flashState > 66)
    2efa:	80 91 87 01 	lds	r24, 0x0187
    2efe:	83 34       	cpi	r24, 0x43	; 67
    2f00:	18 f0       	brcs	.+6      	; 0x2f08 <controlLEDs+0x52>
			flashState = 0;
    2f02:	10 92 87 01 	sts	0x0187, r1
    2f06:	3c c0       	rjmp	.+120    	; 0x2f80 <controlLEDs+0xca>
		else
			flashState++;
    2f08:	80 91 87 01 	lds	r24, 0x0187
    2f0c:	8f 5f       	subi	r24, 0xFF	; 255
    2f0e:	80 93 87 01 	sts	0x0187, r24
    2f12:	36 c0       	rjmp	.+108    	; 0x2f80 <controlLEDs+0xca>
	}
	else if (sensorReading <= 10)
    2f14:	89 81       	ldd	r24, Y+1	; 0x01
    2f16:	9a 81       	ldd	r25, Y+2	; 0x02
    2f18:	8b 30       	cpi	r24, 0x0B	; 11
    2f1a:	91 05       	cpc	r25, r1
    2f1c:	50 f4       	brcc	.+20     	; 0x2f32 <controlLEDs+0x7c>
	{
		LED_on(RED);
    2f1e:	80 e0       	ldi	r24, 0x00	; 0
    2f20:	0e 94 5a 15 	call	0x2ab4	; 0x2ab4 <LED_on>
		LED_on(GREEN);
    2f24:	81 e0       	ldi	r24, 0x01	; 1
    2f26:	0e 94 5a 15 	call	0x2ab4	; 0x2ab4 <LED_on>
		LED_on(BLUE);
    2f2a:	82 e0       	ldi	r24, 0x02	; 2
    2f2c:	0e 94 5a 15 	call	0x2ab4	; 0x2ab4 <LED_on>
    2f30:	27 c0       	rjmp	.+78     	; 0x2f80 <controlLEDs+0xca>
	}
	else if(sensorReading <= 15)
    2f32:	89 81       	ldd	r24, Y+1	; 0x01
    2f34:	9a 81       	ldd	r25, Y+2	; 0x02
    2f36:	80 31       	cpi	r24, 0x10	; 16
    2f38:	91 05       	cpc	r25, r1
    2f3a:	50 f4       	brcc	.+20     	; 0x2f50 <controlLEDs+0x9a>
	{
		LED_on(RED);
    2f3c:	80 e0       	ldi	r24, 0x00	; 0
    2f3e:	0e 94 5a 15 	call	0x2ab4	; 0x2ab4 <LED_on>
		LED_on(GREEN);
    2f42:	81 e0       	ldi	r24, 0x01	; 1
    2f44:	0e 94 5a 15 	call	0x2ab4	; 0x2ab4 <LED_on>
		LED_off(BLUE);
    2f48:	82 e0       	ldi	r24, 0x02	; 2
    2f4a:	0e 94 7e 15 	call	0x2afc	; 0x2afc <LED_off>
    2f4e:	18 c0       	rjmp	.+48     	; 0x2f80 <controlLEDs+0xca>
	}
	else if(sensorReading <= 20)
    2f50:	89 81       	ldd	r24, Y+1	; 0x01
    2f52:	9a 81       	ldd	r25, Y+2	; 0x02
    2f54:	85 31       	cpi	r24, 0x15	; 21
    2f56:	91 05       	cpc	r25, r1
    2f58:	50 f4       	brcc	.+20     	; 0x2f6e <controlLEDs+0xb8>
	{
		LED_on(RED);
    2f5a:	80 e0       	ldi	r24, 0x00	; 0
    2f5c:	0e 94 5a 15 	call	0x2ab4	; 0x2ab4 <LED_on>
		LED_off(GREEN);
    2f60:	81 e0       	ldi	r24, 0x01	; 1
    2f62:	0e 94 7e 15 	call	0x2afc	; 0x2afc <LED_off>
		LED_off(BLUE);
    2f66:	82 e0       	ldi	r24, 0x02	; 2
    2f68:	0e 94 7e 15 	call	0x2afc	; 0x2afc <LED_off>
    2f6c:	09 c0       	rjmp	.+18     	; 0x2f80 <controlLEDs+0xca>
	}
	else
	{
		// turn off
		LED_off(RED);
    2f6e:	80 e0       	ldi	r24, 0x00	; 0
    2f70:	0e 94 7e 15 	call	0x2afc	; 0x2afc <LED_off>
		LED_off(GREEN);
    2f74:	81 e0       	ldi	r24, 0x01	; 1
    2f76:	0e 94 7e 15 	call	0x2afc	; 0x2afc <LED_off>
		LED_off(BLUE);
    2f7a:	82 e0       	ldi	r24, 0x02	; 2
    2f7c:	0e 94 7e 15 	call	0x2afc	; 0x2afc <LED_off>
	}
}
    2f80:	0f 90       	pop	r0
    2f82:	0f 90       	pop	r0
    2f84:	cf 91       	pop	r28
    2f86:	df 91       	pop	r29
    2f88:	08 95       	ret

00002f8a <controlBuzzer>:

void controlBuzzer()
{
    2f8a:	df 93       	push	r29
    2f8c:	cf 93       	push	r28
    2f8e:	cd b7       	in	r28, 0x3d	; 61
    2f90:	de b7       	in	r29, 0x3e	; 62
	if(alert)
    2f92:	80 91 85 01 	lds	r24, 0x0185
    2f96:	88 23       	and	r24, r24
    2f98:	19 f0       	breq	.+6      	; 0x2fa0 <controlBuzzer+0x16>
	{
		Buzzer_on();
    2f9a:	0e 94 38 0b 	call	0x1670	; 0x1670 <Buzzer_on>
    2f9e:	02 c0       	rjmp	.+4      	; 0x2fa4 <controlBuzzer+0x1a>
	}
	else
	{
		Buzzer_off();
    2fa0:	0e 94 44 0b 	call	0x1688	; 0x1688 <Buzzer_off>
	}
}
    2fa4:	cf 91       	pop	r28
    2fa6:	df 91       	pop	r29
    2fa8:	08 95       	ret

00002faa <controlLCD>:

void controlLCD(uint16 sensorReading)
{
    2faa:	df 93       	push	r29
    2fac:	cf 93       	push	r28
    2fae:	00 d0       	rcall	.+0      	; 0x2fb0 <controlLCD+0x6>
    2fb0:	cd b7       	in	r28, 0x3d	; 61
    2fb2:	de b7       	in	r29, 0x3e	; 62
    2fb4:	9a 83       	std	Y+2, r25	; 0x02
    2fb6:	89 83       	std	Y+1, r24	; 0x01
	if(prevReading != sensorReading)
    2fb8:	20 91 7e 01 	lds	r18, 0x017E
    2fbc:	30 91 7f 01 	lds	r19, 0x017F
    2fc0:	89 81       	ldd	r24, Y+1	; 0x01
    2fc2:	9a 81       	ldd	r25, Y+2	; 0x02
    2fc4:	28 17       	cp	r18, r24
    2fc6:	39 07       	cpc	r19, r25
    2fc8:	71 f0       	breq	.+28     	; 0x2fe6 <controlLCD+0x3c>
	{
		LCD_clearScreen();
    2fca:	0e 94 2b 15 	call	0x2a56	; 0x2a56 <LCD_clearScreen>

		LCD_displayString("Distance= ");
    2fce:	80 e6       	ldi	r24, 0x60	; 96
    2fd0:	90 e0       	ldi	r25, 0x00	; 0
    2fd2:	0e 94 84 14 	call	0x2908	; 0x2908 <LCD_displayString>
		LCD_intgerToString(sensorReading);
    2fd6:	89 81       	ldd	r24, Y+1	; 0x01
    2fd8:	9a 81       	ldd	r25, Y+2	; 0x02
    2fda:	0e 94 08 15 	call	0x2a10	; 0x2a10 <LCD_intgerToString>
		LCD_displayString(" cm");
    2fde:	8b e6       	ldi	r24, 0x6B	; 107
    2fe0:	90 e0       	ldi	r25, 0x00	; 0
    2fe2:	0e 94 84 14 	call	0x2908	; 0x2908 <LCD_displayString>
	}

	if(alert)
    2fe6:	80 91 85 01 	lds	r24, 0x0185
    2fea:	88 23       	and	r24, r24
    2fec:	a9 f0       	breq	.+42     	; 0x3018 <controlLCD+0x6e>
	{
		if(prevAlert == 0 || (prevReading != sensorReading))
    2fee:	80 91 86 01 	lds	r24, 0x0186
    2ff2:	88 23       	and	r24, r24
    2ff4:	49 f0       	breq	.+18     	; 0x3008 <controlLCD+0x5e>
    2ff6:	20 91 7e 01 	lds	r18, 0x017E
    2ffa:	30 91 7f 01 	lds	r19, 0x017F
    2ffe:	89 81       	ldd	r24, Y+1	; 0x01
    3000:	9a 81       	ldd	r25, Y+2	; 0x02
    3002:	28 17       	cp	r18, r24
    3004:	39 07       	cpc	r19, r25
    3006:	41 f0       	breq	.+16     	; 0x3018 <controlLCD+0x6e>
		{
			LCD_moveCursor(1, 7);
    3008:	81 e0       	ldi	r24, 0x01	; 1
    300a:	67 e0       	ldi	r22, 0x07	; 7
    300c:	0e 94 ad 14 	call	0x295a	; 0x295a <LCD_moveCursor>

			LCD_displayString("STOP");
    3010:	8f e6       	ldi	r24, 0x6F	; 111
    3012:	90 e0       	ldi	r25, 0x00	; 0
    3014:	0e 94 84 14 	call	0x2908	; 0x2908 <LCD_displayString>
		}
	}

}
    3018:	0f 90       	pop	r0
    301a:	0f 90       	pop	r0
    301c:	cf 91       	pop	r28
    301e:	df 91       	pop	r29
    3020:	08 95       	ret

00003022 <main>:



int main(void)
{
    3022:	df 93       	push	r29
    3024:	cf 93       	push	r28
    3026:	cd b7       	in	r28, 0x3d	; 61
    3028:	de b7       	in	r29, 0x3e	; 62
    302a:	6f 97       	sbiw	r28, 0x1f	; 31
    302c:	0f b6       	in	r0, 0x3f	; 63
    302e:	f8 94       	cli
    3030:	de bf       	out	0x3e, r29	; 62
    3032:	0f be       	out	0x3f, r0	; 63
    3034:	cd bf       	out	0x3d, r28	; 61
	uint16 sensorReading = 0;
    3036:	1e 8e       	std	Y+30, r1	; 0x1e
    3038:	1d 8e       	std	Y+29, r1	; 0x1d

	sei();
    303a:	78 94       	sei


	LEDS_init();
    303c:	0e 94 35 15 	call	0x2a6a	; 0x2a6a <LEDS_init>
	Buzzer_init();
    3040:	0e 94 2a 0b 	call	0x1654	; 0x1654 <Buzzer_init>
	LCD_init();
    3044:	0e 94 50 0b 	call	0x16a0	; 0x16a0 <LCD_init>

	Ultrasonic_init();
    3048:	0e 94 a2 15 	call	0x2b44	; 0x2b44 <Ultrasonic_init>
    304c:	80 e0       	ldi	r24, 0x00	; 0
    304e:	90 e0       	ldi	r25, 0x00	; 0
    3050:	a0 e7       	ldi	r26, 0x70	; 112
    3052:	b1 e4       	ldi	r27, 0x41	; 65
    3054:	89 8f       	std	Y+25, r24	; 0x19
    3056:	9a 8f       	std	Y+26, r25	; 0x1a
    3058:	ab 8f       	std	Y+27, r26	; 0x1b
    305a:	bc 8f       	std	Y+28, r27	; 0x1c
 */
void
_delay_ms(double __ms)
{
	uint16_t __ticks;
	double __tmp = ((F_CPU) / 4e3) * __ms;
    305c:	69 8d       	ldd	r22, Y+25	; 0x19
    305e:	7a 8d       	ldd	r23, Y+26	; 0x1a
    3060:	8b 8d       	ldd	r24, Y+27	; 0x1b
    3062:	9c 8d       	ldd	r25, Y+28	; 0x1c
    3064:	20 e0       	ldi	r18, 0x00	; 0
    3066:	30 e0       	ldi	r19, 0x00	; 0
    3068:	4a e7       	ldi	r20, 0x7A	; 122
    306a:	55 e4       	ldi	r21, 0x45	; 69
    306c:	0e 94 1f 02 	call	0x43e	; 0x43e <__mulsf3>
    3070:	dc 01       	movw	r26, r24
    3072:	cb 01       	movw	r24, r22
    3074:	8d 8b       	std	Y+21, r24	; 0x15
    3076:	9e 8b       	std	Y+22, r25	; 0x16
    3078:	af 8b       	std	Y+23, r26	; 0x17
    307a:	b8 8f       	std	Y+24, r27	; 0x18
	if (__tmp < 1.0)
    307c:	6d 89       	ldd	r22, Y+21	; 0x15
    307e:	7e 89       	ldd	r23, Y+22	; 0x16
    3080:	8f 89       	ldd	r24, Y+23	; 0x17
    3082:	98 8d       	ldd	r25, Y+24	; 0x18
    3084:	20 e0       	ldi	r18, 0x00	; 0
    3086:	30 e0       	ldi	r19, 0x00	; 0
    3088:	40 e8       	ldi	r20, 0x80	; 128
    308a:	5f e3       	ldi	r21, 0x3F	; 63
    308c:	0e 94 25 04 	call	0x84a	; 0x84a <__ltsf2>
    3090:	88 23       	and	r24, r24
    3092:	2c f4       	brge	.+10     	; 0x309e <main+0x7c>
		__ticks = 1;
    3094:	81 e0       	ldi	r24, 0x01	; 1
    3096:	90 e0       	ldi	r25, 0x00	; 0
    3098:	9c 8b       	std	Y+20, r25	; 0x14
    309a:	8b 8b       	std	Y+19, r24	; 0x13
    309c:	3f c0       	rjmp	.+126    	; 0x311c <main+0xfa>
	else if (__tmp > 65535)
    309e:	6d 89       	ldd	r22, Y+21	; 0x15
    30a0:	7e 89       	ldd	r23, Y+22	; 0x16
    30a2:	8f 89       	ldd	r24, Y+23	; 0x17
    30a4:	98 8d       	ldd	r25, Y+24	; 0x18
    30a6:	20 e0       	ldi	r18, 0x00	; 0
    30a8:	3f ef       	ldi	r19, 0xFF	; 255
    30aa:	4f e7       	ldi	r20, 0x7F	; 127
    30ac:	57 e4       	ldi	r21, 0x47	; 71
    30ae:	0e 94 c5 03 	call	0x78a	; 0x78a <__gtsf2>
    30b2:	18 16       	cp	r1, r24
    30b4:	4c f5       	brge	.+82     	; 0x3108 <main+0xe6>
	{
		//	__ticks = requested delay in 1/10 ms
		__ticks = (uint16_t) (__ms * 10.0);
    30b6:	69 8d       	ldd	r22, Y+25	; 0x19
    30b8:	7a 8d       	ldd	r23, Y+26	; 0x1a
    30ba:	8b 8d       	ldd	r24, Y+27	; 0x1b
    30bc:	9c 8d       	ldd	r25, Y+28	; 0x1c
    30be:	20 e0       	ldi	r18, 0x00	; 0
    30c0:	30 e0       	ldi	r19, 0x00	; 0
    30c2:	40 e2       	ldi	r20, 0x20	; 32
    30c4:	51 e4       	ldi	r21, 0x41	; 65
    30c6:	0e 94 1f 02 	call	0x43e	; 0x43e <__mulsf3>
    30ca:	dc 01       	movw	r26, r24
    30cc:	cb 01       	movw	r24, r22
    30ce:	bc 01       	movw	r22, r24
    30d0:	cd 01       	movw	r24, r26
    30d2:	0e 94 49 00 	call	0x92	; 0x92 <__fixunssfsi>
    30d6:	dc 01       	movw	r26, r24
    30d8:	cb 01       	movw	r24, r22
    30da:	9c 8b       	std	Y+20, r25	; 0x14
    30dc:	8b 8b       	std	Y+19, r24	; 0x13
    30de:	0f c0       	rjmp	.+30     	; 0x30fe <main+0xdc>
    30e0:	80 e9       	ldi	r24, 0x90	; 144
    30e2:	91 e0       	ldi	r25, 0x01	; 1
    30e4:	9a 8b       	std	Y+18, r25	; 0x12
    30e6:	89 8b       	std	Y+17, r24	; 0x11
    milliseconds can be achieved.
 */
void
_delay_loop_2(uint16_t __count)
{
	__asm__ volatile (
    30e8:	89 89       	ldd	r24, Y+17	; 0x11
    30ea:	9a 89       	ldd	r25, Y+18	; 0x12
    30ec:	01 97       	sbiw	r24, 0x01	; 1
    30ee:	f1 f7       	brne	.-4      	; 0x30ec <main+0xca>
    30f0:	9a 8b       	std	Y+18, r25	; 0x12
    30f2:	89 8b       	std	Y+17, r24	; 0x11
		while(__ticks)
		{
			// wait 1/10 ms
			_delay_loop_2(((F_CPU) / 4e3) / 10);
			__ticks --;
    30f4:	8b 89       	ldd	r24, Y+19	; 0x13
    30f6:	9c 89       	ldd	r25, Y+20	; 0x14
    30f8:	01 97       	sbiw	r24, 0x01	; 1
    30fa:	9c 8b       	std	Y+20, r25	; 0x14
    30fc:	8b 8b       	std	Y+19, r24	; 0x13
		__ticks = 1;
	else if (__tmp > 65535)
	{
		//	__ticks = requested delay in 1/10 ms
		__ticks = (uint16_t) (__ms * 10.0);
		while(__ticks)
    30fe:	8b 89       	ldd	r24, Y+19	; 0x13
    3100:	9c 89       	ldd	r25, Y+20	; 0x14
    3102:	00 97       	sbiw	r24, 0x00	; 0
    3104:	69 f7       	brne	.-38     	; 0x30e0 <main+0xbe>
    3106:	14 c0       	rjmp	.+40     	; 0x3130 <main+0x10e>
			__ticks --;
		}
		return;
	}
	else
		__ticks = (uint16_t)__tmp;
    3108:	6d 89       	ldd	r22, Y+21	; 0x15
    310a:	7e 89       	ldd	r23, Y+22	; 0x16
    310c:	8f 89       	ldd	r24, Y+23	; 0x17
    310e:	98 8d       	ldd	r25, Y+24	; 0x18
    3110:	0e 94 49 00 	call	0x92	; 0x92 <__fixunssfsi>
    3114:	dc 01       	movw	r26, r24
    3116:	cb 01       	movw	r24, r22
    3118:	9c 8b       	std	Y+20, r25	; 0x14
    311a:	8b 8b       	std	Y+19, r24	; 0x13
    311c:	8b 89       	ldd	r24, Y+19	; 0x13
    311e:	9c 89       	ldd	r25, Y+20	; 0x14
    3120:	98 8b       	std	Y+16, r25	; 0x10
    3122:	8f 87       	std	Y+15, r24	; 0x0f
    3124:	8f 85       	ldd	r24, Y+15	; 0x0f
    3126:	98 89       	ldd	r25, Y+16	; 0x10
    3128:	01 97       	sbiw	r24, 0x01	; 1
    312a:	f1 f7       	brne	.-4      	; 0x3128 <main+0x106>
    312c:	98 8b       	std	Y+16, r25	; 0x10
    312e:	8f 87       	std	Y+15, r24	; 0x0f

	_delay_ms(15);

	while(1)
	{
		sensorReading = Ultrasonic_readDistance();
    3130:	0e 94 91 16 	call	0x2d22	; 0x2d22 <Ultrasonic_readDistance>
    3134:	9e 8f       	std	Y+30, r25	; 0x1e
    3136:	8d 8f       	std	Y+29, r24	; 0x1d


		alert = sensorReading <= 5;
    3138:	1f 8e       	std	Y+31, r1	; 0x1f
    313a:	8d 8d       	ldd	r24, Y+29	; 0x1d
    313c:	9e 8d       	ldd	r25, Y+30	; 0x1e
    313e:	86 30       	cpi	r24, 0x06	; 6
    3140:	91 05       	cpc	r25, r1
    3142:	10 f4       	brcc	.+4      	; 0x3148 <main+0x126>
    3144:	81 e0       	ldi	r24, 0x01	; 1
    3146:	8f 8f       	std	Y+31, r24	; 0x1f
    3148:	8f 8d       	ldd	r24, Y+31	; 0x1f
    314a:	80 93 85 01 	sts	0x0185, r24

		controlLEDs(sensorReading);
    314e:	8d 8d       	ldd	r24, Y+29	; 0x1d
    3150:	9e 8d       	ldd	r25, Y+30	; 0x1e
    3152:	0e 94 5b 17 	call	0x2eb6	; 0x2eb6 <controlLEDs>
		controlBuzzer(sensorReading);
    3156:	8d 8d       	ldd	r24, Y+29	; 0x1d
    3158:	9e 8d       	ldd	r25, Y+30	; 0x1e
    315a:	0e 94 c5 17 	call	0x2f8a	; 0x2f8a <controlBuzzer>
		controlLCD(sensorReading);
    315e:	8d 8d       	ldd	r24, Y+29	; 0x1d
    3160:	9e 8d       	ldd	r25, Y+30	; 0x1e
    3162:	0e 94 d5 17 	call	0x2faa	; 0x2faa <controlLCD>

		prevReading = sensorReading;
    3166:	8d 8d       	ldd	r24, Y+29	; 0x1d
    3168:	9e 8d       	ldd	r25, Y+30	; 0x1e
    316a:	90 93 7f 01 	sts	0x017F, r25
    316e:	80 93 7e 01 	sts	0x017E, r24
		prevAlert = alert;
    3172:	80 91 85 01 	lds	r24, 0x0185
    3176:	80 93 86 01 	sts	0x0186, r24
    317a:	80 e0       	ldi	r24, 0x00	; 0
    317c:	90 e0       	ldi	r25, 0x00	; 0
    317e:	a0 e7       	ldi	r26, 0x70	; 112
    3180:	b1 e4       	ldi	r27, 0x41	; 65
    3182:	8b 87       	std	Y+11, r24	; 0x0b
    3184:	9c 87       	std	Y+12, r25	; 0x0c
    3186:	ad 87       	std	Y+13, r26	; 0x0d
    3188:	be 87       	std	Y+14, r27	; 0x0e
 */
void
_delay_ms(double __ms)
{
	uint16_t __ticks;
	double __tmp = ((F_CPU) / 4e3) * __ms;
    318a:	6b 85       	ldd	r22, Y+11	; 0x0b
    318c:	7c 85       	ldd	r23, Y+12	; 0x0c
    318e:	8d 85       	ldd	r24, Y+13	; 0x0d
    3190:	9e 85       	ldd	r25, Y+14	; 0x0e
    3192:	20 e0       	ldi	r18, 0x00	; 0
    3194:	30 e0       	ldi	r19, 0x00	; 0
    3196:	4a e7       	ldi	r20, 0x7A	; 122
    3198:	55 e4       	ldi	r21, 0x45	; 69
    319a:	0e 94 1f 02 	call	0x43e	; 0x43e <__mulsf3>
    319e:	dc 01       	movw	r26, r24
    31a0:	cb 01       	movw	r24, r22
    31a2:	8f 83       	std	Y+7, r24	; 0x07
    31a4:	98 87       	std	Y+8, r25	; 0x08
    31a6:	a9 87       	std	Y+9, r26	; 0x09
    31a8:	ba 87       	std	Y+10, r27	; 0x0a
	if (__tmp < 1.0)
    31aa:	6f 81       	ldd	r22, Y+7	; 0x07
    31ac:	78 85       	ldd	r23, Y+8	; 0x08
    31ae:	89 85       	ldd	r24, Y+9	; 0x09
    31b0:	9a 85       	ldd	r25, Y+10	; 0x0a
    31b2:	20 e0       	ldi	r18, 0x00	; 0
    31b4:	30 e0       	ldi	r19, 0x00	; 0
    31b6:	40 e8       	ldi	r20, 0x80	; 128
    31b8:	5f e3       	ldi	r21, 0x3F	; 63
    31ba:	0e 94 25 04 	call	0x84a	; 0x84a <__ltsf2>
    31be:	88 23       	and	r24, r24
    31c0:	2c f4       	brge	.+10     	; 0x31cc <main+0x1aa>
		__ticks = 1;
    31c2:	81 e0       	ldi	r24, 0x01	; 1
    31c4:	90 e0       	ldi	r25, 0x00	; 0
    31c6:	9e 83       	std	Y+6, r25	; 0x06
    31c8:	8d 83       	std	Y+5, r24	; 0x05
    31ca:	3f c0       	rjmp	.+126    	; 0x324a <main+0x228>
	else if (__tmp > 65535)
    31cc:	6f 81       	ldd	r22, Y+7	; 0x07
    31ce:	78 85       	ldd	r23, Y+8	; 0x08
    31d0:	89 85       	ldd	r24, Y+9	; 0x09
    31d2:	9a 85       	ldd	r25, Y+10	; 0x0a
    31d4:	20 e0       	ldi	r18, 0x00	; 0
    31d6:	3f ef       	ldi	r19, 0xFF	; 255
    31d8:	4f e7       	ldi	r20, 0x7F	; 127
    31da:	57 e4       	ldi	r21, 0x47	; 71
    31dc:	0e 94 c5 03 	call	0x78a	; 0x78a <__gtsf2>
    31e0:	18 16       	cp	r1, r24
    31e2:	4c f5       	brge	.+82     	; 0x3236 <main+0x214>
	{
		//	__ticks = requested delay in 1/10 ms
		__ticks = (uint16_t) (__ms * 10.0);
    31e4:	6b 85       	ldd	r22, Y+11	; 0x0b
    31e6:	7c 85       	ldd	r23, Y+12	; 0x0c
    31e8:	8d 85       	ldd	r24, Y+13	; 0x0d
    31ea:	9e 85       	ldd	r25, Y+14	; 0x0e
    31ec:	20 e0       	ldi	r18, 0x00	; 0
    31ee:	30 e0       	ldi	r19, 0x00	; 0
    31f0:	40 e2       	ldi	r20, 0x20	; 32
    31f2:	51 e4       	ldi	r21, 0x41	; 65
    31f4:	0e 94 1f 02 	call	0x43e	; 0x43e <__mulsf3>
    31f8:	dc 01       	movw	r26, r24
    31fa:	cb 01       	movw	r24, r22
    31fc:	bc 01       	movw	r22, r24
    31fe:	cd 01       	movw	r24, r26
    3200:	0e 94 49 00 	call	0x92	; 0x92 <__fixunssfsi>
    3204:	dc 01       	movw	r26, r24
    3206:	cb 01       	movw	r24, r22
    3208:	9e 83       	std	Y+6, r25	; 0x06
    320a:	8d 83       	std	Y+5, r24	; 0x05
    320c:	0f c0       	rjmp	.+30     	; 0x322c <main+0x20a>
    320e:	80 e9       	ldi	r24, 0x90	; 144
    3210:	91 e0       	ldi	r25, 0x01	; 1
    3212:	9c 83       	std	Y+4, r25	; 0x04
    3214:	8b 83       	std	Y+3, r24	; 0x03
    3216:	8b 81       	ldd	r24, Y+3	; 0x03
    3218:	9c 81       	ldd	r25, Y+4	; 0x04
    321a:	01 97       	sbiw	r24, 0x01	; 1
    321c:	f1 f7       	brne	.-4      	; 0x321a <main+0x1f8>
    321e:	9c 83       	std	Y+4, r25	; 0x04
    3220:	8b 83       	std	Y+3, r24	; 0x03
		while(__ticks)
		{
			// wait 1/10 ms
			_delay_loop_2(((F_CPU) / 4e3) / 10);
			__ticks --;
    3222:	8d 81       	ldd	r24, Y+5	; 0x05
    3224:	9e 81       	ldd	r25, Y+6	; 0x06
    3226:	01 97       	sbiw	r24, 0x01	; 1
    3228:	9e 83       	std	Y+6, r25	; 0x06
    322a:	8d 83       	std	Y+5, r24	; 0x05
		__ticks = 1;
	else if (__tmp > 65535)
	{
		//	__ticks = requested delay in 1/10 ms
		__ticks = (uint16_t) (__ms * 10.0);
		while(__ticks)
    322c:	8d 81       	ldd	r24, Y+5	; 0x05
    322e:	9e 81       	ldd	r25, Y+6	; 0x06
    3230:	00 97       	sbiw	r24, 0x00	; 0
    3232:	69 f7       	brne	.-38     	; 0x320e <main+0x1ec>
    3234:	7d cf       	rjmp	.-262    	; 0x3130 <main+0x10e>
			__ticks --;
		}
		return;
	}
	else
		__ticks = (uint16_t)__tmp;
    3236:	6f 81       	ldd	r22, Y+7	; 0x07
    3238:	78 85       	ldd	r23, Y+8	; 0x08
    323a:	89 85       	ldd	r24, Y+9	; 0x09
    323c:	9a 85       	ldd	r25, Y+10	; 0x0a
    323e:	0e 94 49 00 	call	0x92	; 0x92 <__fixunssfsi>
    3242:	dc 01       	movw	r26, r24
    3244:	cb 01       	movw	r24, r22
    3246:	9e 83       	std	Y+6, r25	; 0x06
    3248:	8d 83       	std	Y+5, r24	; 0x05
    324a:	8d 81       	ldd	r24, Y+5	; 0x05
    324c:	9e 81       	ldd	r25, Y+6	; 0x06
    324e:	9a 83       	std	Y+2, r25	; 0x02
    3250:	89 83       	std	Y+1, r24	; 0x01
    3252:	89 81       	ldd	r24, Y+1	; 0x01
    3254:	9a 81       	ldd	r25, Y+2	; 0x02
    3256:	01 97       	sbiw	r24, 0x01	; 1
    3258:	f1 f7       	brne	.-4      	; 0x3256 <main+0x234>
    325a:	9a 83       	std	Y+2, r25	; 0x02
    325c:	89 83       	std	Y+1, r24	; 0x01
    325e:	68 cf       	rjmp	.-304    	; 0x3130 <main+0x10e>

00003260 <__prologue_saves__>:
    3260:	2f 92       	push	r2
    3262:	3f 92       	push	r3
    3264:	4f 92       	push	r4
    3266:	5f 92       	push	r5
    3268:	6f 92       	push	r6
    326a:	7f 92       	push	r7
    326c:	8f 92       	push	r8
    326e:	9f 92       	push	r9
    3270:	af 92       	push	r10
    3272:	bf 92       	push	r11
    3274:	cf 92       	push	r12
    3276:	df 92       	push	r13
    3278:	ef 92       	push	r14
    327a:	ff 92       	push	r15
    327c:	0f 93       	push	r16
    327e:	1f 93       	push	r17
    3280:	cf 93       	push	r28
    3282:	df 93       	push	r29
    3284:	cd b7       	in	r28, 0x3d	; 61
    3286:	de b7       	in	r29, 0x3e	; 62
    3288:	ca 1b       	sub	r28, r26
    328a:	db 0b       	sbc	r29, r27
    328c:	0f b6       	in	r0, 0x3f	; 63
    328e:	f8 94       	cli
    3290:	de bf       	out	0x3e, r29	; 62
    3292:	0f be       	out	0x3f, r0	; 63
    3294:	cd bf       	out	0x3d, r28	; 61
    3296:	09 94       	ijmp

00003298 <__epilogue_restores__>:
    3298:	2a 88       	ldd	r2, Y+18	; 0x12
    329a:	39 88       	ldd	r3, Y+17	; 0x11
    329c:	48 88       	ldd	r4, Y+16	; 0x10
    329e:	5f 84       	ldd	r5, Y+15	; 0x0f
    32a0:	6e 84       	ldd	r6, Y+14	; 0x0e
    32a2:	7d 84       	ldd	r7, Y+13	; 0x0d
    32a4:	8c 84       	ldd	r8, Y+12	; 0x0c
    32a6:	9b 84       	ldd	r9, Y+11	; 0x0b
    32a8:	aa 84       	ldd	r10, Y+10	; 0x0a
    32aa:	b9 84       	ldd	r11, Y+9	; 0x09
    32ac:	c8 84       	ldd	r12, Y+8	; 0x08
    32ae:	df 80       	ldd	r13, Y+7	; 0x07
    32b0:	ee 80       	ldd	r14, Y+6	; 0x06
    32b2:	fd 80       	ldd	r15, Y+5	; 0x05
    32b4:	0c 81       	ldd	r16, Y+4	; 0x04
    32b6:	1b 81       	ldd	r17, Y+3	; 0x03
    32b8:	aa 81       	ldd	r26, Y+2	; 0x02
    32ba:	b9 81       	ldd	r27, Y+1	; 0x01
    32bc:	ce 0f       	add	r28, r30
    32be:	d1 1d       	adc	r29, r1
    32c0:	0f b6       	in	r0, 0x3f	; 63
    32c2:	f8 94       	cli
    32c4:	de bf       	out	0x3e, r29	; 62
    32c6:	0f be       	out	0x3f, r0	; 63
    32c8:	cd bf       	out	0x3d, r28	; 61
    32ca:	ed 01       	movw	r28, r26
    32cc:	08 95       	ret

000032ce <itoa>:
    32ce:	fb 01       	movw	r30, r22
    32d0:	9f 01       	movw	r18, r30
    32d2:	e8 94       	clt
    32d4:	42 30       	cpi	r20, 0x02	; 2
    32d6:	c4 f0       	brlt	.+48     	; 0x3308 <itoa+0x3a>
    32d8:	45 32       	cpi	r20, 0x25	; 37
    32da:	b4 f4       	brge	.+44     	; 0x3308 <itoa+0x3a>
    32dc:	4a 30       	cpi	r20, 0x0A	; 10
    32de:	29 f4       	brne	.+10     	; 0x32ea <itoa+0x1c>
    32e0:	97 fb       	bst	r25, 7
    32e2:	1e f4       	brtc	.+6      	; 0x32ea <itoa+0x1c>
    32e4:	90 95       	com	r25
    32e6:	81 95       	neg	r24
    32e8:	9f 4f       	sbci	r25, 0xFF	; 255
    32ea:	64 2f       	mov	r22, r20
    32ec:	77 27       	eor	r23, r23
    32ee:	0e 94 98 19 	call	0x3330	; 0x3330 <__udivmodhi4>
    32f2:	80 5d       	subi	r24, 0xD0	; 208
    32f4:	8a 33       	cpi	r24, 0x3A	; 58
    32f6:	0c f0       	brlt	.+2      	; 0x32fa <itoa+0x2c>
    32f8:	89 5d       	subi	r24, 0xD9	; 217
    32fa:	81 93       	st	Z+, r24
    32fc:	cb 01       	movw	r24, r22
    32fe:	00 97       	sbiw	r24, 0x00	; 0
    3300:	a1 f7       	brne	.-24     	; 0x32ea <itoa+0x1c>
    3302:	16 f4       	brtc	.+4      	; 0x3308 <itoa+0x3a>
    3304:	5d e2       	ldi	r21, 0x2D	; 45
    3306:	51 93       	st	Z+, r21
    3308:	10 82       	st	Z, r1
    330a:	c9 01       	movw	r24, r18
    330c:	0c 94 88 19 	jmp	0x3310	; 0x3310 <strrev>

00003310 <strrev>:
    3310:	dc 01       	movw	r26, r24
    3312:	fc 01       	movw	r30, r24
    3314:	67 2f       	mov	r22, r23
    3316:	71 91       	ld	r23, Z+
    3318:	77 23       	and	r23, r23
    331a:	e1 f7       	brne	.-8      	; 0x3314 <strrev+0x4>
    331c:	32 97       	sbiw	r30, 0x02	; 2
    331e:	04 c0       	rjmp	.+8      	; 0x3328 <strrev+0x18>
    3320:	7c 91       	ld	r23, X
    3322:	6d 93       	st	X+, r22
    3324:	70 83       	st	Z, r23
    3326:	62 91       	ld	r22, -Z
    3328:	ae 17       	cp	r26, r30
    332a:	bf 07       	cpc	r27, r31
    332c:	c8 f3       	brcs	.-14     	; 0x3320 <strrev+0x10>
    332e:	08 95       	ret

00003330 <__udivmodhi4>:
    3330:	aa 1b       	sub	r26, r26
    3332:	bb 1b       	sub	r27, r27
    3334:	51 e1       	ldi	r21, 0x11	; 17
    3336:	07 c0       	rjmp	.+14     	; 0x3346 <__udivmodhi4_ep>

00003338 <__udivmodhi4_loop>:
    3338:	aa 1f       	adc	r26, r26
    333a:	bb 1f       	adc	r27, r27
    333c:	a6 17       	cp	r26, r22
    333e:	b7 07       	cpc	r27, r23
    3340:	10 f0       	brcs	.+4      	; 0x3346 <__udivmodhi4_ep>
    3342:	a6 1b       	sub	r26, r22
    3344:	b7 0b       	sbc	r27, r23

00003346 <__udivmodhi4_ep>:
    3346:	88 1f       	adc	r24, r24
    3348:	99 1f       	adc	r25, r25
    334a:	5a 95       	dec	r21
    334c:	a9 f7       	brne	.-22     	; 0x3338 <__udivmodhi4_loop>
    334e:	80 95       	com	r24
    3350:	90 95       	com	r25
    3352:	bc 01       	movw	r22, r24
    3354:	cd 01       	movw	r24, r26
    3356:	08 95       	ret

00003358 <_exit>:
    3358:	f8 94       	cli

0000335a <__stop_program>:
    335a:	ff cf       	rjmp	.-2      	; 0x335a <__stop_program>
